[2026-05-20 13:12:16] local.ERROR: View path not found. {"exception":"[object] (RuntimeException(code: 0): View path not found. at C:/Users/oussa/Desktop/themeforest-uMqxCtcU-qovex-laravel-admin-dashboard-template/Qovex_Laravel_v3.0.0/Admin/vendor/laravel/framework/src/Illuminate/Foundation/Console/ViewClearCommand.php:59)
[stacktrace]
#0 C:/Users/oussa/Desktop/themeforest-uMqxCtcU-qovex-laravel-admin-dashboard-template/Qovex_Laravel_v3.0.0/Admin/vendor/laravel/framework/src/Illuminate/Container/BoundMethod.php(36): Illuminate/Foundation/Console/ViewClearCommand->handle()
#1 C:/Users/oussa/Desktop/themeforest-uMqxCtcU-qovex-laravel-admin-dashboard-template/Qovex_Laravel_v3.0.0/Admin/vendor/laravel/framework/src/Illuminate/Container/Util.php(41): Illuminate/Container/BoundMethod::Illuminate/Container/{closure}()
#2 C:/Users/oussa/Desktop/themeforest-uMqxCtcU-qovex-laravel-admin-dashboard-template/Qovex_Laravel_v3.0.0/Admin/vendor/laravel/framework/src/Illuminate/Container/BoundMethod.php(93): Illuminate/Container/Util::unwrapIfClosure(Object(Closure))
#3 C:/Users/oussa/Desktop/themeforest-uMqxCtcU-qovex-laravel-admin-dashboard-template/Qovex_Laravel_v3.0.0/Admin/vendor/laravel/framework/src/Illuminate/Container/BoundMethod.php(37): Illuminate/Container/BoundMethod::callBoundMethod(Object(Illuminate/Foundation/Application), Array, Object(Closure))
#4 C:/Users/oussa/Desktop/themeforest-uMqxCtcU-qovex-laravel-admin-dashboard-template/Qovex_Laravel_v3.0.0/Admin/vendor/laravel/framework/src/Illuminate/Container/Container.php(662): Illuminate/Container/BoundMethod::call(Object(Illuminate/Foundation/Application), Array, Array, NULL)
#5 C:/Users/oussa/Desktop/themeforest-uMqxCtcU-qovex-laravel-admin-dashboard-template/Qovex_Laravel_v3.0.0/Admin/vendor/laravel/framework/src/Illuminate/Console/Command.php(211): Illuminate/Container/Container->call(Array)
#6 C:/Users/oussa/Desktop/themeforest-uMqxCtcU-qovex-laravel-admin-dashboard-template/Qovex_Laravel_v3.0.0/Admin/vendor/symfony/console/Command/Command.php(326): Illuminate/Console/Command->execute(Object(Symfony/Component/Console/Input/ArgvInput), Object(Illuminate/Console/OutputStyle))
#7 C:/Users/oussa/Desktop/themeforest-uMqxCtcU-qovex-laravel-admin-dashboard-template/Qovex_Laravel_v3.0.0/Admin/vendor/laravel/framework/src/Illuminate/Console/Command.php(181): Symfony/Component/Console/Command/Command->run(Object(Symfony/Component/Console/Input/ArgvInput), Object(Illuminate/Console/OutputStyle))
#8 C:/Users/oussa/Desktop/themeforest-uMqxCtcU-qovex-laravel-admin-dashboard-template/Qovex_Laravel_v3.0.0/Admin/vendor/symfony/console/Application.php(1106): Illuminate/Console/Command->run(Object(Symfony/Component/Console/Input/ArgvInput), Object(Symfony/Component/Console/Output/ConsoleOutput))
#9 C:/Users/oussa/Desktop/themeforest-uMqxCtcU-qovex-laravel-admin-dashboard-template/Qovex_Laravel_v3.0.0/Admin/vendor/symfony/console/Application.php(324): Symfony/Component/Console/Application->doRunCommand(Object(Illuminate/Foundation/Console/ViewClearCommand), Object(Symfony/Component/Console/Input/ArgvInput), Object(Symfony/Component/Console/Output/ConsoleOutput))
#10 C:/Users/oussa/Desktop/themeforest-uMqxCtcU-qovex-laravel-admin-dashboard-template/Qovex_Laravel_v3.0.0/Admin/vendor/symfony/console/Application.php(175): Symfony/Component/Console/Application->doRun(Object(Symfony/Component/Console/Input/ArgvInput), Object(Symfony/Component/Console/Output/ConsoleOutput))
#11 C:/Users/oussa/Desktop/themeforest-uMqxCtcU-qovex-laravel-admin-dashboard-template/Qovex_Laravel_v3.0.0/Admin/vendor/laravel/framework/src/Illuminate/Foundation/Console/Kernel.php(201): Symfony/Component/Console/Application->run(Object(Symfony/Component/Console/Input/ArgvInput), Object(Symfony/Component/Console/Output/ConsoleOutput))
#12 C:/Users/oussa/Desktop/themeforest-uMqxCtcU-qovex-laravel-admin-dashboard-template/Qovex_Laravel_v3.0.0/Admin/artisan(37): Illuminate/Foundation/Console/Kernel->handle(Object(Symfony/Component/Console/Input/ArgvInput), Object(Symfony/Component/Console/Output/ConsoleOutput))
#13 {main}
"} 
[2026-05-22 12:17:40] local.ERROR: PHP Parse error: Syntax error, unexpected '=' on line 1 {"exception":"[object] (Psy\\Exception\\ParseErrorException(code: 0): PHP Parse error: Syntax error, unexpected '=' on line 1 at C:/Users/oussa/Desktop/themeforest-uMqxCtcU-qovex-laravel-admin-dashboard-template/Qovex_Laravel_v3.0.0/Admin/vendor/psy/psysh/src/Exception/ParseErrorException.php:44)
[stacktrace]
#0 C:/Users/oussa/Desktop/themeforest-uMqxCtcU-qovex-laravel-admin-dashboard-template/Qovex_Laravel_v3.0.0/Admin/vendor/psy/psysh/src/CodeCleaner.php(488): Psy/Exception/ParseErrorException::fromParseError(Object(PhpParser/Error))
#1 C:/Users/oussa/Desktop/themeforest-uMqxCtcU-qovex-laravel-admin-dashboard-template/Qovex_Laravel_v3.0.0/Admin/vendor/psy/psysh/src/CodeCleaner.php(269): Psy/CodeCleaner->parse('<?php use App//M...', false)
#2 C:/Users/oussa/Desktop/themeforest-uMqxCtcU-qovex-laravel-admin-dashboard-template/Qovex_Laravel_v3.0.0/Admin/vendor/psy/psysh/src/Shell.php(985): Psy/CodeCleaner->clean(Array, false)
#3 C:/Users/oussa/Desktop/themeforest-uMqxCtcU-qovex-laravel-admin-dashboard-template/Qovex_Laravel_v3.0.0/Admin/vendor/psy/psysh/src/Shell.php(1018): Psy/Shell->addCode('use App//Models//...', true)
#4 C:/Users/oussa/Desktop/themeforest-uMqxCtcU-qovex-laravel-admin-dashboard-template/Qovex_Laravel_v3.0.0/Admin/vendor/psy/psysh/src/Shell.php(1562): Psy/Shell->setCode('use App//Models//...', true)
#5 C:/Users/oussa/Desktop/themeforest-uMqxCtcU-qovex-laravel-admin-dashboard-template/Qovex_Laravel_v3.0.0/Admin/vendor/laravel/tinker/src/Console/TinkerCommand.php(76): Psy/Shell->execute('use App//Models//...')
#6 C:/Users/oussa/Desktop/themeforest-uMqxCtcU-qovex-laravel-admin-dashboard-template/Qovex_Laravel_v3.0.0/Admin/vendor/laravel/framework/src/Illuminate/Container/BoundMethod.php(36): Laravel/Tinker/Console/TinkerCommand->handle()
#7 C:/Users/oussa/Desktop/themeforest-uMqxCtcU-qovex-laravel-admin-dashboard-template/Qovex_Laravel_v3.0.0/Admin/vendor/laravel/framework/src/Illuminate/Container/Util.php(41): Illuminate/Container/BoundMethod::Illuminate/Container/{closure}()
#8 C:/Users/oussa/Desktop/themeforest-uMqxCtcU-qovex-laravel-admin-dashboard-template/Qovex_Laravel_v3.0.0/Admin/vendor/laravel/framework/src/Illuminate/Container/BoundMethod.php(93): Illuminate/Container/Util::unwrapIfClosure(Object(Closure))
#9 C:/Users/oussa/Desktop/themeforest-uMqxCtcU-qovex-laravel-admin-dashboard-template/Qovex_Laravel_v3.0.0/Admin/vendor/laravel/framework/src/Illuminate/Container/BoundMethod.php(37): Illuminate/Container/BoundMethod::callBoundMethod(Object(Illuminate/Foundation/Application), Array, Object(Closure))
#10 C:/Users/oussa/Desktop/themeforest-uMqxCtcU-qovex-laravel-admin-dashboard-template/Qovex_Laravel_v3.0.0/Admin/vendor/laravel/framework/src/Illuminate/Container/Container.php(662): Illuminate/Container/BoundMethod::call(Object(Illuminate/Foundation/Application), Array, Array, NULL)
#11 C:/Users/oussa/Desktop/themeforest-uMqxCtcU-qovex-laravel-admin-dashboard-template/Qovex_Laravel_v3.0.0/Admin/vendor/laravel/framework/src/Illuminate/Console/Command.php(211): Illuminate/Container/Container->call(Array)
#12 C:/Users/oussa/Desktop/themeforest-uMqxCtcU-qovex-laravel-admin-dashboard-template/Qovex_Laravel_v3.0.0/Admin/vendor/symfony/console/Command/Command.php(326): Illuminate/Console/Command->execute(Object(Symfony/Component/Console/Input/ArgvInput), Object(Illuminate/Console/OutputStyle))
#13 C:/Users/oussa/Desktop/themeforest-uMqxCtcU-qovex-laravel-admin-dashboard-template/Qovex_Laravel_v3.0.0/Admin/vendor/laravel/framework/src/Illuminate/Console/Command.php(181): Symfony/Component/Console/Command/Command->run(Object(Symfony/Component/Console/Input/ArgvInput), Object(Illuminate/Console/OutputStyle))
#14 C:/Users/oussa/Desktop/themeforest-uMqxCtcU-qovex-laravel-admin-dashboard-template/Qovex_Laravel_v3.0.0/Admin/vendor/symfony/console/Application.php(1106): Illuminate/Console/Command->run(Object(Symfony/Component/Console/Input/ArgvInput), Object(Symfony/Component/Console/Output/ConsoleOutput))
#15 C:/Users/oussa/Desktop/themeforest-uMqxCtcU-qovex-laravel-admin-dashboard-template/Qovex_Laravel_v3.0.0/Admin/vendor/symfony/console/Application.php(324): Symfony/Component/Console/Application->doRunCommand(Object(Laravel/Tinker/Console/TinkerCommand), Object(Symfony/Component/Console/Input/ArgvInput), Object(Symfony/Component/Console/Output/ConsoleOutput))
#16 C:/Users/oussa/Desktop/themeforest-uMqxCtcU-qovex-laravel-admin-dashboard-template/Qovex_Laravel_v3.0.0/Admin/vendor/symfony/console/Application.php(175): Symfony/Component/Console/Application->doRun(Object(Symfony/Component/Console/Input/ArgvInput), Object(Symfony/Component/Console/Output/ConsoleOutput))
#17 C:/Users/oussa/Desktop/themeforest-uMqxCtcU-qovex-laravel-admin-dashboard-template/Qovex_Laravel_v3.0.0/Admin/vendor/laravel/framework/src/Illuminate/Foundation/Console/Kernel.php(201): Symfony/Component/Console/Application->run(Object(Symfony/Component/Console/Input/ArgvInput), Object(Symfony/Component/Console/Output/ConsoleOutput))
#18 C:/Users/oussa/Desktop/themeforest-uMqxCtcU-qovex-laravel-admin-dashboard-template/Qovex_Laravel_v3.0.0/Admin/artisan(37): Illuminate/Foundation/Console/Kernel->handle(Object(Symfony/Component/Console/Input/ArgvInput), Object(Symfony/Component/Console/Output/ConsoleOutput))
#19 {main}
"} 
[2026-05-22 12:18:00] local.ERROR: Class "App\Models\Wp\Post" not found {"exception":"[object] (Error(code: 0): Class \"App\\Models\\Wp\\Post\" not found at Standard input code:10)
[stacktrace]
#0 {main}
"} 
[2026-05-23 19:11:48] local.ERROR: Command "view:compile" is not defined.

Did you mean one of these?
    view:cache
    view:clear {"exception":"[object] (Symfony\\Component\\Console\\Exception\\CommandNotFoundException(code: 0): Command \"view:compile\" is not defined.

Did you mean one of these?
    view:cache
    view:clear at C:/Users/oussa/Desktop/themeforest-uMqxCtcU-qovex-laravel-admin-dashboard-template/Qovex_Laravel_v3.0.0/Admin/vendor/symfony/console/Application.php:745)
[stacktrace]
#0 C:/Users/oussa/Desktop/themeforest-uMqxCtcU-qovex-laravel-admin-dashboard-template/Qovex_Laravel_v3.0.0/Admin/vendor/symfony/console/Application.php(266): Symfony/Component/Console/Application->find('view:compile')
#1 C:/Users/oussa/Desktop/themeforest-uMqxCtcU-qovex-laravel-admin-dashboard-template/Qovex_Laravel_v3.0.0/Admin/vendor/symfony/console/Application.php(175): Symfony/Component/Console/Application->doRun(Object(Symfony/Component/Console/Input/ArgvInput), Object(Symfony/Component/Console/Output/ConsoleOutput))
#2 C:/Users/oussa/Desktop/themeforest-uMqxCtcU-qovex-laravel-admin-dashboard-template/Qovex_Laravel_v3.0.0/Admin/vendor/laravel/framework/src/Illuminate/Foundation/Console/Kernel.php(201): Symfony/Component/Console/Application->run(Object(Symfony/Component/Console/Input/ArgvInput), Object(Symfony/Component/Console/Output/ConsoleOutput))
#3 C:/Users/oussa/Desktop/themeforest-uMqxCtcU-qovex-laravel-admin-dashboard-template/Qovex_Laravel_v3.0.0/Admin/artisan(37): Illuminate/Foundation/Console/Kernel->handle(Object(Symfony/Component/Console/Input/ArgvInput), Object(Symfony/Component/Console/Output/ConsoleOutput))
#4 {main}
"} 
[2026-05-23 20:30:34] local.ERROR: PHP Parse error: Syntax error, unexpected '=', expecting ',' or ']' or ')' on line 1 {"exception":"[object] (Psy\\Exception\\ParseErrorException(code: 0): PHP Parse error: Syntax error, unexpected '=', expecting ',' or ']' or ')' on line 1 at C:/Users/oussa/Desktop/themeforest-uMqxCtcU-qovex-laravel-admin-dashboard-template/Qovex_Laravel_v3.0.0/Admin/vendor/psy/psysh/src/Exception/ParseErrorException.php:44)
[stacktrace]
#0 C:/Users/oussa/Desktop/themeforest-uMqxCtcU-qovex-laravel-admin-dashboard-template/Qovex_Laravel_v3.0.0/Admin/vendor/psy/psysh/src/CodeCleaner.php(488): Psy/Exception/ParseErrorException::fromParseError(Object(PhpParser/Error))
#1 C:/Users/oussa/Desktop/themeforest-uMqxCtcU-qovex-laravel-admin-dashboard-template/Qovex_Laravel_v3.0.0/Admin/vendor/psy/psysh/src/CodeCleaner.php(269): Psy/CodeCleaner->parse('<?php echo //App...', false)
#2 C:/Users/oussa/Desktop/themeforest-uMqxCtcU-qovex-laravel-admin-dashboard-template/Qovex_Laravel_v3.0.0/Admin/vendor/psy/psysh/src/Shell.php(985): Psy/CodeCleaner->clean(Array, false)
#3 C:/Users/oussa/Desktop/themeforest-uMqxCtcU-qovex-laravel-admin-dashboard-template/Qovex_Laravel_v3.0.0/Admin/vendor/psy/psysh/src/Shell.php(1018): Psy/Shell->addCode('echo //App//Model...', true)
#4 C:/Users/oussa/Desktop/themeforest-uMqxCtcU-qovex-laravel-admin-dashboard-template/Qovex_Laravel_v3.0.0/Admin/vendor/psy/psysh/src/Shell.php(1562): Psy/Shell->setCode('echo //App//Model...', true)
#5 C:/Users/oussa/Desktop/themeforest-uMqxCtcU-qovex-laravel-admin-dashboard-template/Qovex_Laravel_v3.0.0/Admin/vendor/laravel/tinker/src/Console/TinkerCommand.php(76): Psy/Shell->execute('echo //App//Model...')
#6 C:/Users/oussa/Desktop/themeforest-uMqxCtcU-qovex-laravel-admin-dashboard-template/Qovex_Laravel_v3.0.0/Admin/vendor/laravel/framework/src/Illuminate/Container/BoundMethod.php(36): Laravel/Tinker/Console/TinkerCommand->handle()
#7 C:/Users/oussa/Desktop/themeforest-uMqxCtcU-qovex-laravel-admin-dashboard-template/Qovex_Laravel_v3.0.0/Admin/vendor/laravel/framework/src/Illuminate/Container/Util.php(41): Illuminate/Container/BoundMethod::Illuminate/Container/{closure}()
#8 C:/Users/oussa/Desktop/themeforest-uMqxCtcU-qovex-laravel-admin-dashboard-template/Qovex_Laravel_v3.0.0/Admin/vendor/laravel/framework/src/Illuminate/Container/BoundMethod.php(93): Illuminate/Container/Util::unwrapIfClosure(Object(Closure))
#9 C:/Users/oussa/Desktop/themeforest-uMqxCtcU-qovex-laravel-admin-dashboard-template/Qovex_Laravel_v3.0.0/Admin/vendor/laravel/framework/src/Illuminate/Container/BoundMethod.php(37): Illuminate/Container/BoundMethod::callBoundMethod(Object(Illuminate/Foundation/Application), Array, Object(Closure))
#10 C:/Users/oussa/Desktop/themeforest-uMqxCtcU-qovex-laravel-admin-dashboard-template/Qovex_Laravel_v3.0.0/Admin/vendor/laravel/framework/src/Illuminate/Container/Container.php(662): Illuminate/Container/BoundMethod::call(Object(Illuminate/Foundation/Application), Array, Array, NULL)
#11 C:/Users/oussa/Desktop/themeforest-uMqxCtcU-qovex-laravel-admin-dashboard-template/Qovex_Laravel_v3.0.0/Admin/vendor/laravel/framework/src/Illuminate/Console/Command.php(211): Illuminate/Container/Container->call(Array)
#12 C:/Users/oussa/Desktop/themeforest-uMqxCtcU-qovex-laravel-admin-dashboard-template/Qovex_Laravel_v3.0.0/Admin/vendor/symfony/console/Command/Command.php(326): Illuminate/Console/Command->execute(Object(Symfony/Component/Console/Input/ArgvInput), Object(Illuminate/Console/OutputStyle))
#13 C:/Users/oussa/Desktop/themeforest-uMqxCtcU-qovex-laravel-admin-dashboard-template/Qovex_Laravel_v3.0.0/Admin/vendor/laravel/framework/src/Illuminate/Console/Command.php(181): Symfony/Component/Console/Command/Command->run(Object(Symfony/Component/Console/Input/ArgvInput), Object(Illuminate/Console/OutputStyle))
#14 C:/Users/oussa/Desktop/themeforest-uMqxCtcU-qovex-laravel-admin-dashboard-template/Qovex_Laravel_v3.0.0/Admin/vendor/symfony/console/Application.php(1106): Illuminate/Console/Command->run(Object(Symfony/Component/Console/Input/ArgvInput), Object(Symfony/Component/Console/Output/ConsoleOutput))
#15 C:/Users/oussa/Desktop/themeforest-uMqxCtcU-qovex-laravel-admin-dashboard-template/Qovex_Laravel_v3.0.0/Admin/vendor/symfony/console/Application.php(324): Symfony/Component/Console/Application->doRunCommand(Object(Laravel/Tinker/Console/TinkerCommand), Object(Symfony/Component/Console/Input/ArgvInput), Object(Symfony/Component/Console/Output/ConsoleOutput))
#16 C:/Users/oussa/Desktop/themeforest-uMqxCtcU-qovex-laravel-admin-dashboard-template/Qovex_Laravel_v3.0.0/Admin/vendor/symfony/console/Application.php(175): Symfony/Component/Console/Application->doRun(Object(Symfony/Component/Console/Input/ArgvInput), Object(Symfony/Component/Console/Output/ConsoleOutput))
#17 C:/Users/oussa/Desktop/themeforest-uMqxCtcU-qovex-laravel-admin-dashboard-template/Qovex_Laravel_v3.0.0/Admin/vendor/laravel/framework/src/Illuminate/Foundation/Console/Kernel.php(201): Symfony/Component/Console/Application->run(Object(Symfony/Component/Console/Input/ArgvInput), Object(Symfony/Component/Console/Output/ConsoleOutput))
#18 C:/Users/oussa/Desktop/themeforest-uMqxCtcU-qovex-laravel-admin-dashboard-template/Qovex_Laravel_v3.0.0/Admin/artisan(37): Illuminate/Foundation/Console/Kernel->handle(Object(Symfony/Component/Console/Input/ArgvInput), Object(Symfony/Component/Console/Output/ConsoleOutput))
#19 {main}
"} 
[2026-05-23 20:33:06] local.ERROR: SQLSTATE[42S22]: Column not found: 1054 Unknown column 'capacity' in 'where clause' (Connection: mysql, SQL: select `reservation_id` from `reservation_rooms` where (`room_mode` in (half_male, half_female, shared_double) or ((`room_mode` is null or `room_mode` = ) and (`source_room_type` = double or LOWER(COALESCE(room_type_snapshot, "")) LIKE %double%))) and COALESCE(passenger_count, 0) < COALESCE(capacity, 2) and COALESCE(passenger_count, 0) > 0 and (`shared_room_status` is null or `shared_room_status` = pending or `shared_room_status` = ) and (`paired_reservation_id` is null or `paired_reservation_id` = 0)) {"exception":"[object] (Illuminate\\Database\\QueryException(code: 42S22): SQLSTATE[42S22]: Column not found: 1054 Unknown column 'capacity' in 'where clause' (Connection: mysql, SQL: select `reservation_id` from `reservation_rooms` where (`room_mode` in (half_male, half_female, shared_double) or ((`room_mode` is null or `room_mode` = ) and (`source_room_type` = double or LOWER(COALESCE(room_type_snapshot, \"\")) LIKE %double%))) and COALESCE(passenger_count, 0) < COALESCE(capacity, 2) and COALESCE(passenger_count, 0) > 0 and (`shared_room_status` is null or `shared_room_status` = pending or `shared_room_status` = ) and (`paired_reservation_id` is null or `paired_reservation_id` = 0)) at C:/Users/oussa/Desktop/themeforest-uMqxCtcU-qovex-laravel-admin-dashboard-template/Qovex_Laravel_v3.0.0/Admin/vendor/laravel/framework/src/Illuminate/Database/Connection.php:829)
[stacktrace]
#0 C:/Users/oussa/Desktop/themeforest-uMqxCtcU-qovex-laravel-admin-dashboard-template/Qovex_Laravel_v3.0.0/Admin/vendor/laravel/framework/src/Illuminate/Database/Connection.php(783): Illuminate/Database/Connection->runQueryCallback('select `reserva...', Array, Object(Closure))
#1 C:/Users/oussa/Desktop/themeforest-uMqxCtcU-qovex-laravel-admin-dashboard-template/Qovex_Laravel_v3.0.0/Admin/vendor/laravel/framework/src/Illuminate/Database/Connection.php(431): Illuminate/Database/Connection->run('select `reserva...', Array, Object(Closure))
#2 C:/Users/oussa/Desktop/themeforest-uMqxCtcU-qovex-laravel-admin-dashboard-template/Qovex_Laravel_v3.0.0/Admin/vendor/laravel/framework/src/Illuminate/Database/Query/Builder.php(2914): Illuminate/Database/Connection->select('select `reserva...', Array, true)
#3 C:/Users/oussa/Desktop/themeforest-uMqxCtcU-qovex-laravel-admin-dashboard-template/Qovex_Laravel_v3.0.0/Admin/vendor/laravel/framework/src/Illuminate/Database/Query/Builder.php(3142): Illuminate/Database/Query/Builder->runSelect()
#4 C:/Users/oussa/Desktop/themeforest-uMqxCtcU-qovex-laravel-admin-dashboard-template/Qovex_Laravel_v3.0.0/Admin/vendor/laravel/framework/src/Illuminate/Database/Query/Builder.php(3456): Illuminate/Database/Query/Builder->Illuminate/Database/Query/{closure}()
#5 C:/Users/oussa/Desktop/themeforest-uMqxCtcU-qovex-laravel-admin-dashboard-template/Qovex_Laravel_v3.0.0/Admin/vendor/laravel/framework/src/Illuminate/Database/Query/Builder.php(3144): Illuminate/Database/Query/Builder->onceWithColumns(Array, Object(Closure))
#6 C:/Users/oussa/Desktop/themeforest-uMqxCtcU-qovex-laravel-admin-dashboard-template/Qovex_Laravel_v3.0.0/Admin/vendor/laravel/framework/src/Illuminate/Database/Eloquent/Builder.php(889): Illuminate/Database/Query/Builder->pluck('reservation_id', NULL)
#7 C:/Users/oussa/Desktop/themeforest-uMqxCtcU-qovex-laravel-admin-dashboard-template/Qovex_Laravel_v3.0.0/Admin/app/Console/Commands/SyncSharedRoomStatuses.php(48): Illuminate/Database/Eloquent/Builder->pluck('reservation_id')
#8 C:/Users/oussa/Desktop/themeforest-uMqxCtcU-qovex-laravel-admin-dashboard-template/Qovex_Laravel_v3.0.0/Admin/vendor/laravel/framework/src/Illuminate/Container/BoundMethod.php(36): App/Console/Commands/SyncSharedRoomStatuses->handle()
#9 C:/Users/oussa/Desktop/themeforest-uMqxCtcU-qovex-laravel-admin-dashboard-template/Qovex_Laravel_v3.0.0/Admin/vendor/laravel/framework/src/Illuminate/Container/Util.php(41): Illuminate/Container/BoundMethod::Illuminate/Container/{closure}()
#10 C:/Users/oussa/Desktop/themeforest-uMqxCtcU-qovex-laravel-admin-dashboard-template/Qovex_Laravel_v3.0.0/Admin/vendor/laravel/framework/src/Illuminate/Container/BoundMethod.php(93): Illuminate/Container/Util::unwrapIfClosure(Object(Closure))
#11 C:/Users/oussa/Desktop/themeforest-uMqxCtcU-qovex-laravel-admin-dashboard-template/Qovex_Laravel_v3.0.0/Admin/vendor/laravel/framework/src/Illuminate/Container/BoundMethod.php(37): Illuminate/Container/BoundMethod::callBoundMethod(Object(Illuminate/Foundation/Application), Array, Object(Closure))
#12 C:/Users/oussa/Desktop/themeforest-uMqxCtcU-qovex-laravel-admin-dashboard-template/Qovex_Laravel_v3.0.0/Admin/vendor/laravel/framework/src/Illuminate/Container/Container.php(662): Illuminate/Container/BoundMethod::call(Object(Illuminate/Foundation/Application), Array, Array, NULL)
#13 C:/Users/oussa/Desktop/themeforest-uMqxCtcU-qovex-laravel-admin-dashboard-template/Qovex_Laravel_v3.0.0/Admin/vendor/laravel/framework/src/Illuminate/Console/Command.php(211): Illuminate/Container/Container->call(Array)
#14 C:/Users/oussa/Desktop/themeforest-uMqxCtcU-qovex-laravel-admin-dashboard-template/Qovex_Laravel_v3.0.0/Admin/vendor/symfony/console/Command/Command.php(326): Illuminate/Console/Command->execute(Object(Symfony/Component/Console/Input/ArgvInput), Object(Illuminate/Console/OutputStyle))
#15 C:/Users/oussa/Desktop/themeforest-uMqxCtcU-qovex-laravel-admin-dashboard-template/Qovex_Laravel_v3.0.0/Admin/vendor/laravel/framework/src/Illuminate/Console/Command.php(181): Symfony/Component/Console/Command/Command->run(Object(Symfony/Component/Console/Input/ArgvInput), Object(Illuminate/Console/OutputStyle))
#16 C:/Users/oussa/Desktop/themeforest-uMqxCtcU-qovex-laravel-admin-dashboard-template/Qovex_Laravel_v3.0.0/Admin/vendor/symfony/console/Application.php(1106): Illuminate/Console/Command->run(Object(Symfony/Component/Console/Input/ArgvInput), Object(Symfony/Component/Console/Output/ConsoleOutput))
#17 C:/Users/oussa/Desktop/themeforest-uMqxCtcU-qovex-laravel-admin-dashboard-template/Qovex_Laravel_v3.0.0/Admin/vendor/symfony/console/Application.php(324): Symfony/Component/Console/Application->doRunCommand(Object(App/Console/Commands/SyncSharedRoomStatuses), Object(Symfony/Component/Console/Input/ArgvInput), Object(Symfony/Component/Console/Output/ConsoleOutput))
#18 C:/Users/oussa/Desktop/themeforest-uMqxCtcU-qovex-laravel-admin-dashboard-template/Qovex_Laravel_v3.0.0/Admin/vendor/symfony/console/Application.php(175): Symfony/Component/Console/Application->doRun(Object(Symfony/Component/Console/Input/ArgvInput), Object(Symfony/Component/Console/Output/ConsoleOutput))
#19 C:/Users/oussa/Desktop/themeforest-uMqxCtcU-qovex-laravel-admin-dashboard-template/Qovex_Laravel_v3.0.0/Admin/vendor/laravel/framework/src/Illuminate/Foundation/Console/Kernel.php(201): Symfony/Component/Console/Application->run(Object(Symfony/Component/Console/Input/ArgvInput), Object(Symfony/Component/Console/Output/ConsoleOutput))
#20 C:/Users/oussa/Desktop/themeforest-uMqxCtcU-qovex-laravel-admin-dashboard-template/Qovex_Laravel_v3.0.0/Admin/artisan(37): Illuminate/Foundation/Console/Kernel->handle(Object(Symfony/Component/Console/Input/ArgvInput), Object(Symfony/Component/Console/Output/ConsoleOutput))
#21 {main}

[previous exception] [object] (PDOException(code: 42S22): SQLSTATE[42S22]: Column not found: 1054 Unknown column 'capacity' in 'where clause' at C:/Users/oussa/Desktop/themeforest-uMqxCtcU-qovex-laravel-admin-dashboard-template/Qovex_Laravel_v3.0.0/Admin/vendor/laravel/framework/src/Illuminate/Database/Connection.php:423)
[stacktrace]
#0 C:/Users/oussa/Desktop/themeforest-uMqxCtcU-qovex-laravel-admin-dashboard-template/Qovex_Laravel_v3.0.0/Admin/vendor/laravel/framework/src/Illuminate/Database/Connection.php(423): PDO->prepare('select `reserva...')
#1 C:/Users/oussa/Desktop/themeforest-uMqxCtcU-qovex-laravel-admin-dashboard-template/Qovex_Laravel_v3.0.0/Admin/vendor/laravel/framework/src/Illuminate/Database/Connection.php(816): Illuminate/Database/Connection->Illuminate/Database/{closure}('select `reserva...', Array)
#2 C:/Users/oussa/Desktop/themeforest-uMqxCtcU-qovex-laravel-admin-dashboard-template/Qovex_Laravel_v3.0.0/Admin/vendor/laravel/framework/src/Illuminate/Database/Connection.php(783): Illuminate/Database/Connection->runQueryCallback('select `reserva...', Array, Object(Closure))
#3 C:/Users/oussa/Desktop/themeforest-uMqxCtcU-qovex-laravel-admin-dashboard-template/Qovex_Laravel_v3.0.0/Admin/vendor/laravel/framework/src/Illuminate/Database/Connection.php(431): Illuminate/Database/Connection->run('select `reserva...', Array, Object(Closure))
#4 C:/Users/oussa/Desktop/themeforest-uMqxCtcU-qovex-laravel-admin-dashboard-template/Qovex_Laravel_v3.0.0/Admin/vendor/laravel/framework/src/Illuminate/Database/Query/Builder.php(2914): Illuminate/Database/Connection->select('select `reserva...', Array, true)
#5 C:/Users/oussa/Desktop/themeforest-uMqxCtcU-qovex-laravel-admin-dashboard-template/Qovex_Laravel_v3.0.0/Admin/vendor/laravel/framework/src/Illuminate/Database/Query/Builder.php(3142): Illuminate/Database/Query/Builder->runSelect()
#6 C:/Users/oussa/Desktop/themeforest-uMqxCtcU-qovex-laravel-admin-dashboard-template/Qovex_Laravel_v3.0.0/Admin/vendor/laravel/framework/src/Illuminate/Database/Query/Builder.php(3456): Illuminate/Database/Query/Builder->Illuminate/Database/Query/{closure}()
#7 C:/Users/oussa/Desktop/themeforest-uMqxCtcU-qovex-laravel-admin-dashboard-template/Qovex_Laravel_v3.0.0/Admin/vendor/laravel/framework/src/Illuminate/Database/Query/Builder.php(3144): Illuminate/Database/Query/Builder->onceWithColumns(Array, Object(Closure))
#8 C:/Users/oussa/Desktop/themeforest-uMqxCtcU-qovex-laravel-admin-dashboard-template/Qovex_Laravel_v3.0.0/Admin/vendor/laravel/framework/src/Illuminate/Database/Eloquent/Builder.php(889): Illuminate/Database/Query/Builder->pluck('reservation_id', NULL)
#9 C:/Users/oussa/Desktop/themeforest-uMqxCtcU-qovex-laravel-admin-dashboard-template/Qovex_Laravel_v3.0.0/Admin/app/Console/Commands/SyncSharedRoomStatuses.php(48): Illuminate/Database/Eloquent/Builder->pluck('reservation_id')
#10 C:/Users/oussa/Desktop/themeforest-uMqxCtcU-qovex-laravel-admin-dashboard-template/Qovex_Laravel_v3.0.0/Admin/vendor/laravel/framework/src/Illuminate/Container/BoundMethod.php(36): App/Console/Commands/SyncSharedRoomStatuses->handle()
#11 C:/Users/oussa/Desktop/themeforest-uMqxCtcU-qovex-laravel-admin-dashboard-template/Qovex_Laravel_v3.0.0/Admin/vendor/laravel/framework/src/Illuminate/Container/Util.php(41): Illuminate/Container/BoundMethod::Illuminate/Container/{closure}()
#12 C:/Users/oussa/Desktop/themeforest-uMqxCtcU-qovex-laravel-admin-dashboard-template/Qovex_Laravel_v3.0.0/Admin/vendor/laravel/framework/src/Illuminate/Container/BoundMethod.php(93): Illuminate/Container/Util::unwrapIfClosure(Object(Closure))
#13 C:/Users/oussa/Desktop/themeforest-uMqxCtcU-qovex-laravel-admin-dashboard-template/Qovex_Laravel_v3.0.0/Admin/vendor/laravel/framework/src/Illuminate/Container/BoundMethod.php(37): Illuminate/Container/BoundMethod::callBoundMethod(Object(Illuminate/Foundation/Application), Array, Object(Closure))
#14 C:/Users/oussa/Desktop/themeforest-uMqxCtcU-qovex-laravel-admin-dashboard-template/Qovex_Laravel_v3.0.0/Admin/vendor/laravel/framework/src/Illuminate/Container/Container.php(662): Illuminate/Container/BoundMethod::call(Object(Illuminate/Foundation/Application), Array, Array, NULL)
#15 C:/Users/oussa/Desktop/themeforest-uMqxCtcU-qovex-laravel-admin-dashboard-template/Qovex_Laravel_v3.0.0/Admin/vendor/laravel/framework/src/Illuminate/Console/Command.php(211): Illuminate/Container/Container->call(Array)
#16 C:/Users/oussa/Desktop/themeforest-uMqxCtcU-qovex-laravel-admin-dashboard-template/Qovex_Laravel_v3.0.0/Admin/vendor/symfony/console/Command/Command.php(326): Illuminate/Console/Command->execute(Object(Symfony/Component/Console/Input/ArgvInput), Object(Illuminate/Console/OutputStyle))
#17 C:/Users/oussa/Desktop/themeforest-uMqxCtcU-qovex-laravel-admin-dashboard-template/Qovex_Laravel_v3.0.0/Admin/vendor/laravel/framework/src/Illuminate/Console/Command.php(181): Symfony/Component/Console/Command/Command->run(Object(Symfony/Component/Console/Input/ArgvInput), Object(Illuminate/Console/OutputStyle))
#18 C:/Users/oussa/Desktop/themeforest-uMqxCtcU-qovex-laravel-admin-dashboard-template/Qovex_Laravel_v3.0.0/Admin/vendor/symfony/console/Application.php(1106): Illuminate/Console/Command->run(Object(Symfony/Component/Console/Input/ArgvInput), Object(Symfony/Component/Console/Output/ConsoleOutput))
#19 C:/Users/oussa/Desktop/themeforest-uMqxCtcU-qovex-laravel-admin-dashboard-template/Qovex_Laravel_v3.0.0/Admin/vendor/symfony/console/Application.php(324): Symfony/Component/Console/Application->doRunCommand(Object(App/Console/Commands/SyncSharedRoomStatuses), Object(Symfony/Component/Console/Input/ArgvInput), Object(Symfony/Component/Console/Output/ConsoleOutput))
#20 C:/Users/oussa/Desktop/themeforest-uMqxCtcU-qovex-laravel-admin-dashboard-template/Qovex_Laravel_v3.0.0/Admin/vendor/symfony/console/Application.php(175): Symfony/Component/Console/Application->doRun(Object(Symfony/Component/Console/Input/ArgvInput), Object(Symfony/Component/Console/Output/ConsoleOutput))
#21 C:/Users/oussa/Desktop/themeforest-uMqxCtcU-qovex-laravel-admin-dashboard-template/Qovex_Laravel_v3.0.0/Admin/vendor/laravel/framework/src/Illuminate/Foundation/Console/Kernel.php(201): Symfony/Component/Console/Application->run(Object(Symfony/Component/Console/Input/ArgvInput), Object(Symfony/Component/Console/Output/ConsoleOutput))
#22 C:/Users/oussa/Desktop/themeforest-uMqxCtcU-qovex-laravel-admin-dashboard-template/Qovex_Laravel_v3.0.0/Admin/artisan(37): Illuminate/Foundation/Console/Kernel->handle(Object(Symfony/Component/Console/Input/ArgvInput), Object(Symfony/Component/Console/Output/ConsoleOutput))
#23 {main}
"} 
[2026-05-23 20:35:26] local.ERROR: SQLSTATE[42S22]: Column not found: 1054 Unknown column 'paired_reservation_id' in 'where clause' (Connection: mysql, SQL: select `reservation_id` from `reservation_rooms` where (`room_mode` in (half_male, half_female, shared_double) or ((`room_mode` is null or `room_mode` = ) and (`source_room_type` = double or LOWER(COALESCE(room_type_snapshot, "")) LIKE %double%))) and COALESCE(passenger_count, 0) > 0 and (`shared_room_status` is null or `shared_room_status` = pending or `shared_room_status` = ) and (`paired_reservation_id` is null or `paired_reservation_id` = 0)) {"exception":"[object] (Illuminate\\Database\\QueryException(code: 42S22): SQLSTATE[42S22]: Column not found: 1054 Unknown column 'paired_reservation_id' in 'where clause' (Connection: mysql, SQL: select `reservation_id` from `reservation_rooms` where (`room_mode` in (half_male, half_female, shared_double) or ((`room_mode` is null or `room_mode` = ) and (`source_room_type` = double or LOWER(COALESCE(room_type_snapshot, \"\")) LIKE %double%))) and COALESCE(passenger_count, 0) > 0 and (`shared_room_status` is null or `shared_room_status` = pending or `shared_room_status` = ) and (`paired_reservation_id` is null or `paired_reservation_id` = 0)) at C:/Users/oussa/Desktop/themeforest-uMqxCtcU-qovex-laravel-admin-dashboard-template/Qovex_Laravel_v3.0.0/Admin/vendor/laravel/framework/src/Illuminate/Database/Connection.php:829)
[stacktrace]
#0 C:/Users/oussa/Desktop/themeforest-uMqxCtcU-qovex-laravel-admin-dashboard-template/Qovex_Laravel_v3.0.0/Admin/vendor/laravel/framework/src/Illuminate/Database/Connection.php(783): Illuminate/Database/Connection->runQueryCallback('select `reserva...', Array, Object(Closure))
#1 C:/Users/oussa/Desktop/themeforest-uMqxCtcU-qovex-laravel-admin-dashboard-template/Qovex_Laravel_v3.0.0/Admin/vendor/laravel/framework/src/Illuminate/Database/Connection.php(431): Illuminate/Database/Connection->run('select `reserva...', Array, Object(Closure))
#2 C:/Users/oussa/Desktop/themeforest-uMqxCtcU-qovex-laravel-admin-dashboard-template/Qovex_Laravel_v3.0.0/Admin/vendor/laravel/framework/src/Illuminate/Database/Query/Builder.php(2914): Illuminate/Database/Connection->select('select `reserva...', Array, true)
#3 C:/Users/oussa/Desktop/themeforest-uMqxCtcU-qovex-laravel-admin-dashboard-template/Qovex_Laravel_v3.0.0/Admin/vendor/laravel/framework/src/Illuminate/Database/Query/Builder.php(3142): Illuminate/Database/Query/Builder->runSelect()
#4 C:/Users/oussa/Desktop/themeforest-uMqxCtcU-qovex-laravel-admin-dashboard-template/Qovex_Laravel_v3.0.0/Admin/vendor/laravel/framework/src/Illuminate/Database/Query/Builder.php(3456): Illuminate/Database/Query/Builder->Illuminate/Database/Query/{closure}()
#5 C:/Users/oussa/Desktop/themeforest-uMqxCtcU-qovex-laravel-admin-dashboard-template/Qovex_Laravel_v3.0.0/Admin/vendor/laravel/framework/src/Illuminate/Database/Query/Builder.php(3144): Illuminate/Database/Query/Builder->onceWithColumns(Array, Object(Closure))
#6 C:/Users/oussa/Desktop/themeforest-uMqxCtcU-qovex-laravel-admin-dashboard-template/Qovex_Laravel_v3.0.0/Admin/vendor/laravel/framework/src/Illuminate/Database/Eloquent/Builder.php(889): Illuminate/Database/Query/Builder->pluck('reservation_id', NULL)
#7 C:/Users/oussa/Desktop/themeforest-uMqxCtcU-qovex-laravel-admin-dashboard-template/Qovex_Laravel_v3.0.0/Admin/app/Console/Commands/SyncSharedRoomStatuses.php(55): Illuminate/Database/Eloquent/Builder->pluck('reservation_id')
#8 C:/Users/oussa/Desktop/themeforest-uMqxCtcU-qovex-laravel-admin-dashboard-template/Qovex_Laravel_v3.0.0/Admin/vendor/laravel/framework/src/Illuminate/Container/BoundMethod.php(36): App/Console/Commands/SyncSharedRoomStatuses->handle()
#9 C:/Users/oussa/Desktop/themeforest-uMqxCtcU-qovex-laravel-admin-dashboard-template/Qovex_Laravel_v3.0.0/Admin/vendor/laravel/framework/src/Illuminate/Container/Util.php(41): Illuminate/Container/BoundMethod::Illuminate/Container/{closure}()
#10 C:/Users/oussa/Desktop/themeforest-uMqxCtcU-qovex-laravel-admin-dashboard-template/Qovex_Laravel_v3.0.0/Admin/vendor/laravel/framework/src/Illuminate/Container/BoundMethod.php(93): Illuminate/Container/Util::unwrapIfClosure(Object(Closure))
#11 C:/Users/oussa/Desktop/themeforest-uMqxCtcU-qovex-laravel-admin-dashboard-template/Qovex_Laravel_v3.0.0/Admin/vendor/laravel/framework/src/Illuminate/Container/BoundMethod.php(37): Illuminate/Container/BoundMethod::callBoundMethod(Object(Illuminate/Foundation/Application), Array, Object(Closure))
#12 C:/Users/oussa/Desktop/themeforest-uMqxCtcU-qovex-laravel-admin-dashboard-template/Qovex_Laravel_v3.0.0/Admin/vendor/laravel/framework/src/Illuminate/Container/Container.php(662): Illuminate/Container/BoundMethod::call(Object(Illuminate/Foundation/Application), Array, Array, NULL)
#13 C:/Users/oussa/Desktop/themeforest-uMqxCtcU-qovex-laravel-admin-dashboard-template/Qovex_Laravel_v3.0.0/Admin/vendor/laravel/framework/src/Illuminate/Console/Command.php(211): Illuminate/Container/Container->call(Array)
#14 C:/Users/oussa/Desktop/themeforest-uMqxCtcU-qovex-laravel-admin-dashboard-template/Qovex_Laravel_v3.0.0/Admin/vendor/symfony/console/Command/Command.php(326): Illuminate/Console/Command->execute(Object(Symfony/Component/Console/Input/ArgvInput), Object(Illuminate/Console/OutputStyle))
#15 C:/Users/oussa/Desktop/themeforest-uMqxCtcU-qovex-laravel-admin-dashboard-template/Qovex_Laravel_v3.0.0/Admin/vendor/laravel/framework/src/Illuminate/Console/Command.php(181): Symfony/Component/Console/Command/Command->run(Object(Symfony/Component/Console/Input/ArgvInput), Object(Illuminate/Console/OutputStyle))
#16 C:/Users/oussa/Desktop/themeforest-uMqxCtcU-qovex-laravel-admin-dashboard-template/Qovex_Laravel_v3.0.0/Admin/vendor/symfony/console/Application.php(1106): Illuminate/Console/Command->run(Object(Symfony/Component/Console/Input/ArgvInput), Object(Symfony/Component/Console/Output/ConsoleOutput))
#17 C:/Users/oussa/Desktop/themeforest-uMqxCtcU-qovex-laravel-admin-dashboard-template/Qovex_Laravel_v3.0.0/Admin/vendor/symfony/console/Application.php(324): Symfony/Component/Console/Application->doRunCommand(Object(App/Console/Commands/SyncSharedRoomStatuses), Object(Symfony/Component/Console/Input/ArgvInput), Object(Symfony/Component/Console/Output/ConsoleOutput))
#18 C:/Users/oussa/Desktop/themeforest-uMqxCtcU-qovex-laravel-admin-dashboard-template/Qovex_Laravel_v3.0.0/Admin/vendor/symfony/console/Application.php(175): Symfony/Component/Console/Application->doRun(Object(Symfony/Component/Console/Input/ArgvInput), Object(Symfony/Component/Console/Output/ConsoleOutput))
#19 C:/Users/oussa/Desktop/themeforest-uMqxCtcU-qovex-laravel-admin-dashboard-template/Qovex_Laravel_v3.0.0/Admin/vendor/laravel/framework/src/Illuminate/Foundation/Console/Kernel.php(201): Symfony/Component/Console/Application->run(Object(Symfony/Component/Console/Input/ArgvInput), Object(Symfony/Component/Console/Output/ConsoleOutput))
#20 C:/Users/oussa/Desktop/themeforest-uMqxCtcU-qovex-laravel-admin-dashboard-template/Qovex_Laravel_v3.0.0/Admin/artisan(37): Illuminate/Foundation/Console/Kernel->handle(Object(Symfony/Component/Console/Input/ArgvInput), Object(Symfony/Component/Console/Output/ConsoleOutput))
#21 {main}

[previous exception] [object] (PDOException(code: 42S22): SQLSTATE[42S22]: Column not found: 1054 Unknown column 'paired_reservation_id' in 'where clause' at C:/Users/oussa/Desktop/themeforest-uMqxCtcU-qovex-laravel-admin-dashboard-template/Qovex_Laravel_v3.0.0/Admin/vendor/laravel/framework/src/Illuminate/Database/Connection.php:423)
[stacktrace]
#0 C:/Users/oussa/Desktop/themeforest-uMqxCtcU-qovex-laravel-admin-dashboard-template/Qovex_Laravel_v3.0.0/Admin/vendor/laravel/framework/src/Illuminate/Database/Connection.php(423): PDO->prepare('select `reserva...')
#1 C:/Users/oussa/Desktop/themeforest-uMqxCtcU-qovex-laravel-admin-dashboard-template/Qovex_Laravel_v3.0.0/Admin/vendor/laravel/framework/src/Illuminate/Database/Connection.php(816): Illuminate/Database/Connection->Illuminate/Database/{closure}('select `reserva...', Array)
#2 C:/Users/oussa/Desktop/themeforest-uMqxCtcU-qovex-laravel-admin-dashboard-template/Qovex_Laravel_v3.0.0/Admin/vendor/laravel/framework/src/Illuminate/Database/Connection.php(783): Illuminate/Database/Connection->runQueryCallback('select `reserva...', Array, Object(Closure))
#3 C:/Users/oussa/Desktop/themeforest-uMqxCtcU-qovex-laravel-admin-dashboard-template/Qovex_Laravel_v3.0.0/Admin/vendor/laravel/framework/src/Illuminate/Database/Connection.php(431): Illuminate/Database/Connection->run('select `reserva...', Array, Object(Closure))
#4 C:/Users/oussa/Desktop/themeforest-uMqxCtcU-qovex-laravel-admin-dashboard-template/Qovex_Laravel_v3.0.0/Admin/vendor/laravel/framework/src/Illuminate/Database/Query/Builder.php(2914): Illuminate/Database/Connection->select('select `reserva...', Array, true)
#5 C:/Users/oussa/Desktop/themeforest-uMqxCtcU-qovex-laravel-admin-dashboard-template/Qovex_Laravel_v3.0.0/Admin/vendor/laravel/framework/src/Illuminate/Database/Query/Builder.php(3142): Illuminate/Database/Query/Builder->runSelect()
#6 C:/Users/oussa/Desktop/themeforest-uMqxCtcU-qovex-laravel-admin-dashboard-template/Qovex_Laravel_v3.0.0/Admin/vendor/laravel/framework/src/Illuminate/Database/Query/Builder.php(3456): Illuminate/Database/Query/Builder->Illuminate/Database/Query/{closure}()
#7 C:/Users/oussa/Desktop/themeforest-uMqxCtcU-qovex-laravel-admin-dashboard-template/Qovex_Laravel_v3.0.0/Admin/vendor/laravel/framework/src/Illuminate/Database/Query/Builder.php(3144): Illuminate/Database/Query/Builder->onceWithColumns(Array, Object(Closure))
#8 C:/Users/oussa/Desktop/themeforest-uMqxCtcU-qovex-laravel-admin-dashboard-template/Qovex_Laravel_v3.0.0/Admin/vendor/laravel/framework/src/Illuminate/Database/Eloquent/Builder.php(889): Illuminate/Database/Query/Builder->pluck('reservation_id', NULL)
#9 C:/Users/oussa/Desktop/themeforest-uMqxCtcU-qovex-laravel-admin-dashboard-template/Qovex_Laravel_v3.0.0/Admin/app/Console/Commands/SyncSharedRoomStatuses.php(55): Illuminate/Database/Eloquent/Builder->pluck('reservation_id')
#10 C:/Users/oussa/Desktop/themeforest-uMqxCtcU-qovex-laravel-admin-dashboard-template/Qovex_Laravel_v3.0.0/Admin/vendor/laravel/framework/src/Illuminate/Container/BoundMethod.php(36): App/Console/Commands/SyncSharedRoomStatuses->handle()
#11 C:/Users/oussa/Desktop/themeforest-uMqxCtcU-qovex-laravel-admin-dashboard-template/Qovex_Laravel_v3.0.0/Admin/vendor/laravel/framework/src/Illuminate/Container/Util.php(41): Illuminate/Container/BoundMethod::Illuminate/Container/{closure}()
#12 C:/Users/oussa/Desktop/themeforest-uMqxCtcU-qovex-laravel-admin-dashboard-template/Qovex_Laravel_v3.0.0/Admin/vendor/laravel/framework/src/Illuminate/Container/BoundMethod.php(93): Illuminate/Container/Util::unwrapIfClosure(Object(Closure))
#13 C:/Users/oussa/Desktop/themeforest-uMqxCtcU-qovex-laravel-admin-dashboard-template/Qovex_Laravel_v3.0.0/Admin/vendor/laravel/framework/src/Illuminate/Container/BoundMethod.php(37): Illuminate/Container/BoundMethod::callBoundMethod(Object(Illuminate/Foundation/Application), Array, Object(Closure))
#14 C:/Users/oussa/Desktop/themeforest-uMqxCtcU-qovex-laravel-admin-dashboard-template/Qovex_Laravel_v3.0.0/Admin/vendor/laravel/framework/src/Illuminate/Container/Container.php(662): Illuminate/Container/BoundMethod::call(Object(Illuminate/Foundation/Application), Array, Array, NULL)
#15 C:/Users/oussa/Desktop/themeforest-uMqxCtcU-qovex-laravel-admin-dashboard-template/Qovex_Laravel_v3.0.0/Admin/vendor/laravel/framework/src/Illuminate/Console/Command.php(211): Illuminate/Container/Container->call(Array)
#16 C:/Users/oussa/Desktop/themeforest-uMqxCtcU-qovex-laravel-admin-dashboard-template/Qovex_Laravel_v3.0.0/Admin/vendor/symfony/console/Command/Command.php(326): Illuminate/Console/Command->execute(Object(Symfony/Component/Console/Input/ArgvInput), Object(Illuminate/Console/OutputStyle))
#17 C:/Users/oussa/Desktop/themeforest-uMqxCtcU-qovex-laravel-admin-dashboard-template/Qovex_Laravel_v3.0.0/Admin/vendor/laravel/framework/src/Illuminate/Console/Command.php(181): Symfony/Component/Console/Command/Command->run(Object(Symfony/Component/Console/Input/ArgvInput), Object(Illuminate/Console/OutputStyle))
#18 C:/Users/oussa/Desktop/themeforest-uMqxCtcU-qovex-laravel-admin-dashboard-template/Qovex_Laravel_v3.0.0/Admin/vendor/symfony/console/Application.php(1106): Illuminate/Console/Command->run(Object(Symfony/Component/Console/Input/ArgvInput), Object(Symfony/Component/Console/Output/ConsoleOutput))
#19 C:/Users/oussa/Desktop/themeforest-uMqxCtcU-qovex-laravel-admin-dashboard-template/Qovex_Laravel_v3.0.0/Admin/vendor/symfony/console/Application.php(324): Symfony/Component/Console/Application->doRunCommand(Object(App/Console/Commands/SyncSharedRoomStatuses), Object(Symfony/Component/Console/Input/ArgvInput), Object(Symfony/Component/Console/Output/ConsoleOutput))
#20 C:/Users/oussa/Desktop/themeforest-uMqxCtcU-qovex-laravel-admin-dashboard-template/Qovex_Laravel_v3.0.0/Admin/vendor/symfony/console/Application.php(175): Symfony/Component/Console/Application->doRun(Object(Symfony/Component/Console/Input/ArgvInput), Object(Symfony/Component/Console/Output/ConsoleOutput))
#21 C:/Users/oussa/Desktop/themeforest-uMqxCtcU-qovex-laravel-admin-dashboard-template/Qovex_Laravel_v3.0.0/Admin/vendor/laravel/framework/src/Illuminate/Foundation/Console/Kernel.php(201): Symfony/Component/Console/Application->run(Object(Symfony/Component/Console/Input/ArgvInput), Object(Symfony/Component/Console/Output/ConsoleOutput))
#22 C:/Users/oussa/Desktop/themeforest-uMqxCtcU-qovex-laravel-admin-dashboard-template/Qovex_Laravel_v3.0.0/Admin/artisan(37): Illuminate/Foundation/Console/Kernel->handle(Object(Symfony/Component/Console/Input/ArgvInput), Object(Symfony/Component/Console/Output/ConsoleOutput))
#23 {main}
"} 
[2026-05-25 21:49:26] local.ERROR: PHP Parse error: Syntax error, unexpected T_NS_SEPARATOR on line 1 {"exception":"[object] (Psy\\Exception\\ParseErrorException(code: 0): PHP Parse error: Syntax error, unexpected T_NS_SEPARATOR on line 1 at C:/Users/oussa/Desktop/themeforest-uMqxCtcU-qovex-laravel-admin-dashboard-template/Qovex_Laravel_v3.0.0/Admin/vendor/psy/psysh/src/Exception/ParseErrorException.php:44)
[stacktrace]
#0 C:/Users/oussa/Desktop/themeforest-uMqxCtcU-qovex-laravel-admin-dashboard-template/Qovex_Laravel_v3.0.0/Admin/vendor/psy/psysh/src/CodeCleaner.php(488): Psy/Exception/ParseErrorException::fromParseError(Object(PhpParser/Error))
#1 C:/Users/oussa/Desktop/themeforest-uMqxCtcU-qovex-laravel-admin-dashboard-template/Qovex_Laravel_v3.0.0/Admin/vendor/psy/psysh/src/CodeCleaner.php(269): Psy/CodeCleaner->parse('<?php //=//App//Mo...', false)
#2 C:/Users/oussa/Desktop/themeforest-uMqxCtcU-qovex-laravel-admin-dashboard-template/Qovex_Laravel_v3.0.0/Admin/vendor/psy/psysh/src/Shell.php(985): Psy/CodeCleaner->clean(Array, false)
#3 C:/Users/oussa/Desktop/themeforest-uMqxCtcU-qovex-laravel-admin-dashboard-template/Qovex_Laravel_v3.0.0/Admin/vendor/psy/psysh/src/Shell.php(1018): Psy/Shell->addCode('//=//App//Models//V...', true)
#4 C:/Users/oussa/Desktop/themeforest-uMqxCtcU-qovex-laravel-admin-dashboard-template/Qovex_Laravel_v3.0.0/Admin/vendor/psy/psysh/src/Shell.php(1562): Psy/Shell->setCode('//=//App//Models//V...', true)
#5 C:/Users/oussa/Desktop/themeforest-uMqxCtcU-qovex-laravel-admin-dashboard-template/Qovex_Laravel_v3.0.0/Admin/vendor/laravel/tinker/src/Console/TinkerCommand.php(76): Psy/Shell->execute('//=//App//Models//V...')
#6 C:/Users/oussa/Desktop/themeforest-uMqxCtcU-qovex-laravel-admin-dashboard-template/Qovex_Laravel_v3.0.0/Admin/vendor/laravel/framework/src/Illuminate/Container/BoundMethod.php(36): Laravel/Tinker/Console/TinkerCommand->handle()
#7 C:/Users/oussa/Desktop/themeforest-uMqxCtcU-qovex-laravel-admin-dashboard-template/Qovex_Laravel_v3.0.0/Admin/vendor/laravel/framework/src/Illuminate/Container/Util.php(41): Illuminate/Container/BoundMethod::Illuminate/Container/{closure}()
#8 C:/Users/oussa/Desktop/themeforest-uMqxCtcU-qovex-laravel-admin-dashboard-template/Qovex_Laravel_v3.0.0/Admin/vendor/laravel/framework/src/Illuminate/Container/BoundMethod.php(93): Illuminate/Container/Util::unwrapIfClosure(Object(Closure))
#9 C:/Users/oussa/Desktop/themeforest-uMqxCtcU-qovex-laravel-admin-dashboard-template/Qovex_Laravel_v3.0.0/Admin/vendor/laravel/framework/src/Illuminate/Container/BoundMethod.php(37): Illuminate/Container/BoundMethod::callBoundMethod(Object(Illuminate/Foundation/Application), Array, Object(Closure))
#10 C:/Users/oussa/Desktop/themeforest-uMqxCtcU-qovex-laravel-admin-dashboard-template/Qovex_Laravel_v3.0.0/Admin/vendor/laravel/framework/src/Illuminate/Container/Container.php(662): Illuminate/Container/BoundMethod::call(Object(Illuminate/Foundation/Application), Array, Array, NULL)
#11 C:/Users/oussa/Desktop/themeforest-uMqxCtcU-qovex-laravel-admin-dashboard-template/Qovex_Laravel_v3.0.0/Admin/vendor/laravel/framework/src/Illuminate/Console/Command.php(211): Illuminate/Container/Container->call(Array)
#12 C:/Users/oussa/Desktop/themeforest-uMqxCtcU-qovex-laravel-admin-dashboard-template/Qovex_Laravel_v3.0.0/Admin/vendor/symfony/console/Command/Command.php(326): Illuminate/Console/Command->execute(Object(Symfony/Component/Console/Input/ArgvInput), Object(Illuminate/Console/OutputStyle))
#13 C:/Users/oussa/Desktop/themeforest-uMqxCtcU-qovex-laravel-admin-dashboard-template/Qovex_Laravel_v3.0.0/Admin/vendor/laravel/framework/src/Illuminate/Console/Command.php(181): Symfony/Component/Console/Command/Command->run(Object(Symfony/Component/Console/Input/ArgvInput), Object(Illuminate/Console/OutputStyle))
#14 C:/Users/oussa/Desktop/themeforest-uMqxCtcU-qovex-laravel-admin-dashboard-template/Qovex_Laravel_v3.0.0/Admin/vendor/symfony/console/Application.php(1106): Illuminate/Console/Command->run(Object(Symfony/Component/Console/Input/ArgvInput), Object(Symfony/Component/Console/Output/ConsoleOutput))
#15 C:/Users/oussa/Desktop/themeforest-uMqxCtcU-qovex-laravel-admin-dashboard-template/Qovex_Laravel_v3.0.0/Admin/vendor/symfony/console/Application.php(324): Symfony/Component/Console/Application->doRunCommand(Object(Laravel/Tinker/Console/TinkerCommand), Object(Symfony/Component/Console/Input/ArgvInput), Object(Symfony/Component/Console/Output/ConsoleOutput))
#16 C:/Users/oussa/Desktop/themeforest-uMqxCtcU-qovex-laravel-admin-dashboard-template/Qovex_Laravel_v3.0.0/Admin/vendor/symfony/console/Application.php(175): Symfony/Component/Console/Application->doRun(Object(Symfony/Component/Console/Input/ArgvInput), Object(Symfony/Component/Console/Output/ConsoleOutput))
#17 C:/Users/oussa/Desktop/themeforest-uMqxCtcU-qovex-laravel-admin-dashboard-template/Qovex_Laravel_v3.0.0/Admin/vendor/laravel/framework/src/Illuminate/Foundation/Console/Kernel.php(201): Symfony/Component/Console/Application->run(Object(Symfony/Component/Console/Input/ArgvInput), Object(Symfony/Component/Console/Output/ConsoleOutput))
#18 C:/Users/oussa/Desktop/themeforest-uMqxCtcU-qovex-laravel-admin-dashboard-template/Qovex_Laravel_v3.0.0/Admin/artisan(37): Illuminate/Foundation/Console/Kernel->handle(Object(Symfony/Component/Console/Input/ArgvInput), Object(Symfony/Component/Console/Output/ConsoleOutput))
#19 {main}
"} 
[2026-05-30 16:48:15] local.ERROR: PHP Parse error: Syntax error, unexpected T_NAME_FULLY_QUALIFIED, expecting '{' on line 1 {"exception":"[object] (Psy\\Exception\\ParseErrorException(code: 0): PHP Parse error: Syntax error, unexpected T_NAME_FULLY_QUALIFIED, expecting '{' on line 1 at C:/Users/oussa/Desktop/themeforest-uMqxCtcU-qovex-laravel-admin-dashboard-template/Qovex_Laravel_v3.0.0/Admin/vendor/psy/psysh/src/Exception/ParseErrorException.php:44)
[stacktrace]
#0 C:/Users/oussa/Desktop/themeforest-uMqxCtcU-qovex-laravel-admin-dashboard-template/Qovex_Laravel_v3.0.0/Admin/vendor/psy/psysh/src/CodeCleaner.php(488): Psy/Exception/ParseErrorException::fromParseError(Object(PhpParser/Error))
#1 C:/Users/oussa/Desktop/themeforest-uMqxCtcU-qovex-laravel-admin-dashboard-template/Qovex_Laravel_v3.0.0/Admin/vendor/psy/psysh/src/CodeCleaner.php(269): Psy/CodeCleaner->parse('<?php use App////...', false)
#2 C:/Users/oussa/Desktop/themeforest-uMqxCtcU-qovex-laravel-admin-dashboard-template/Qovex_Laravel_v3.0.0/Admin/vendor/psy/psysh/src/Shell.php(985): Psy/CodeCleaner->clean(Array, false)
#3 C:/Users/oussa/Desktop/themeforest-uMqxCtcU-qovex-laravel-admin-dashboard-template/Qovex_Laravel_v3.0.0/Admin/vendor/psy/psysh/src/Shell.php(1018): Psy/Shell->addCode('use App////Models...', true)
#4 C:/Users/oussa/Desktop/themeforest-uMqxCtcU-qovex-laravel-admin-dashboard-template/Qovex_Laravel_v3.0.0/Admin/vendor/psy/psysh/src/Shell.php(1562): Psy/Shell->setCode('use App////Models...', true)
#5 C:/Users/oussa/Desktop/themeforest-uMqxCtcU-qovex-laravel-admin-dashboard-template/Qovex_Laravel_v3.0.0/Admin/vendor/laravel/tinker/src/Console/TinkerCommand.php(76): Psy/Shell->execute('use App////Models...')
#6 C:/Users/oussa/Desktop/themeforest-uMqxCtcU-qovex-laravel-admin-dashboard-template/Qovex_Laravel_v3.0.0/Admin/vendor/laravel/framework/src/Illuminate/Container/BoundMethod.php(36): Laravel/Tinker/Console/TinkerCommand->handle()
#7 C:/Users/oussa/Desktop/themeforest-uMqxCtcU-qovex-laravel-admin-dashboard-template/Qovex_Laravel_v3.0.0/Admin/vendor/laravel/framework/src/Illuminate/Container/Util.php(41): Illuminate/Container/BoundMethod::Illuminate/Container/{closure}()
#8 C:/Users/oussa/Desktop/themeforest-uMqxCtcU-qovex-laravel-admin-dashboard-template/Qovex_Laravel_v3.0.0/Admin/vendor/laravel/framework/src/Illuminate/Container/BoundMethod.php(93): Illuminate/Container/Util::unwrapIfClosure(Object(Closure))
#9 C:/Users/oussa/Desktop/themeforest-uMqxCtcU-qovex-laravel-admin-dashboard-template/Qovex_Laravel_v3.0.0/Admin/vendor/laravel/framework/src/Illuminate/Container/BoundMethod.php(37): Illuminate/Container/BoundMethod::callBoundMethod(Object(Illuminate/Foundation/Application), Array, Object(Closure))
#10 C:/Users/oussa/Desktop/themeforest-uMqxCtcU-qovex-laravel-admin-dashboard-template/Qovex_Laravel_v3.0.0/Admin/vendor/laravel/framework/src/Illuminate/Container/Container.php(662): Illuminate/Container/BoundMethod::call(Object(Illuminate/Foundation/Application), Array, Array, NULL)
#11 C:/Users/oussa/Desktop/themeforest-uMqxCtcU-qovex-laravel-admin-dashboard-template/Qovex_Laravel_v3.0.0/Admin/vendor/laravel/framework/src/Illuminate/Console/Command.php(211): Illuminate/Container/Container->call(Array)
#12 C:/Users/oussa/Desktop/themeforest-uMqxCtcU-qovex-laravel-admin-dashboard-template/Qovex_Laravel_v3.0.0/Admin/vendor/symfony/console/Command/Command.php(326): Illuminate/Console/Command->execute(Object(Symfony/Component/Console/Input/ArgvInput), Object(Illuminate/Console/OutputStyle))
#13 C:/Users/oussa/Desktop/themeforest-uMqxCtcU-qovex-laravel-admin-dashboard-template/Qovex_Laravel_v3.0.0/Admin/vendor/laravel/framework/src/Illuminate/Console/Command.php(181): Symfony/Component/Console/Command/Command->run(Object(Symfony/Component/Console/Input/ArgvInput), Object(Illuminate/Console/OutputStyle))
#14 C:/Users/oussa/Desktop/themeforest-uMqxCtcU-qovex-laravel-admin-dashboard-template/Qovex_Laravel_v3.0.0/Admin/vendor/symfony/console/Application.php(1106): Illuminate/Console/Command->run(Object(Symfony/Component/Console/Input/ArgvInput), Object(Symfony/Component/Console/Output/ConsoleOutput))
#15 C:/Users/oussa/Desktop/themeforest-uMqxCtcU-qovex-laravel-admin-dashboard-template/Qovex_Laravel_v3.0.0/Admin/vendor/symfony/console/Application.php(324): Symfony/Component/Console/Application->doRunCommand(Object(Laravel/Tinker/Console/TinkerCommand), Object(Symfony/Component/Console/Input/ArgvInput), Object(Symfony/Component/Console/Output/ConsoleOutput))
#16 C:/Users/oussa/Desktop/themeforest-uMqxCtcU-qovex-laravel-admin-dashboard-template/Qovex_Laravel_v3.0.0/Admin/vendor/symfony/console/Application.php(175): Symfony/Component/Console/Application->doRun(Object(Symfony/Component/Console/Input/ArgvInput), Object(Symfony/Component/Console/Output/ConsoleOutput))
#17 C:/Users/oussa/Desktop/themeforest-uMqxCtcU-qovex-laravel-admin-dashboard-template/Qovex_Laravel_v3.0.0/Admin/vendor/laravel/framework/src/Illuminate/Foundation/Console/Kernel.php(201): Symfony/Component/Console/Application->run(Object(Symfony/Component/Console/Input/ArgvInput), Object(Symfony/Component/Console/Output/ConsoleOutput))
#18 C:/Users/oussa/Desktop/themeforest-uMqxCtcU-qovex-laravel-admin-dashboard-template/Qovex_Laravel_v3.0.0/Admin/artisan(37): Illuminate/Foundation/Console/Kernel->handle(Object(Symfony/Component/Console/Input/ArgvInput), Object(Symfony/Component/Console/Output/ConsoleOutput))
#19 {main}
"} 
[2026-06-01 17:09:10] local.ERROR: The "--columns" option does not exist. {"exception":"[object] (Symfony\\Component\\Console\\Exception\\RuntimeException(code: 0): The \"--columns\" option does not exist. at C:/Users/oussa/Desktop/themeforest-uMqxCtcU-qovex-laravel-admin-dashboard-template/Qovex_Laravel_v3.0.0/Admin/vendor/symfony/console/Input/ArgvInput.php:223)
[stacktrace]
#0 C:/Users/oussa/Desktop/themeforest-uMqxCtcU-qovex-laravel-admin-dashboard-template/Qovex_Laravel_v3.0.0/Admin/vendor/symfony/console/Input/ArgvInput.php(150): Symfony/Component/Console/Input/ArgvInput->addLongOption('columns', 'Method,URI,Name...')
#1 C:/Users/oussa/Desktop/themeforest-uMqxCtcU-qovex-laravel-admin-dashboard-template/Qovex_Laravel_v3.0.0/Admin/vendor/symfony/console/Input/ArgvInput.php(85): Symfony/Component/Console/Input/ArgvInput->parseLongOption('--columns=Metho...')
#2 C:/Users/oussa/Desktop/themeforest-uMqxCtcU-qovex-laravel-admin-dashboard-template/Qovex_Laravel_v3.0.0/Admin/vendor/symfony/console/Input/ArgvInput.php(74): Symfony/Component/Console/Input/ArgvInput->parseToken('--columns=Metho...', true)
#3 C:/Users/oussa/Desktop/themeforest-uMqxCtcU-qovex-laravel-admin-dashboard-template/Qovex_Laravel_v3.0.0/Admin/vendor/symfony/console/Input/Input.php(56): Symfony/Component/Console/Input/ArgvInput->parse()
#4 C:/Users/oussa/Desktop/themeforest-uMqxCtcU-qovex-laravel-admin-dashboard-template/Qovex_Laravel_v3.0.0/Admin/vendor/symfony/console/Command/Command.php(285): Symfony/Component/Console/Input/Input->bind(Object(Symfony/Component/Console/Input/InputDefinition))
#5 C:/Users/oussa/Desktop/themeforest-uMqxCtcU-qovex-laravel-admin-dashboard-template/Qovex_Laravel_v3.0.0/Admin/vendor/laravel/framework/src/Illuminate/Console/Command.php(181): Symfony/Component/Console/Command/Command->run(Object(Symfony/Component/Console/Input/ArgvInput), Object(Illuminate/Console/OutputStyle))
#6 C:/Users/oussa/Desktop/themeforest-uMqxCtcU-qovex-laravel-admin-dashboard-template/Qovex_Laravel_v3.0.0/Admin/vendor/symfony/console/Application.php(1106): Illuminate/Console/Command->run(Object(Symfony/Component/Console/Input/ArgvInput), Object(Symfony/Component/Console/Output/ConsoleOutput))
#7 C:/Users/oussa/Desktop/themeforest-uMqxCtcU-qovex-laravel-admin-dashboard-template/Qovex_Laravel_v3.0.0/Admin/vendor/symfony/console/Application.php(324): Symfony/Component/Console/Application->doRunCommand(Object(Illuminate/Foundation/Console/RouteListCommand), Object(Symfony/Component/Console/Input/ArgvInput), Object(Symfony/Component/Console/Output/ConsoleOutput))
#8 C:/Users/oussa/Desktop/themeforest-uMqxCtcU-qovex-laravel-admin-dashboard-template/Qovex_Laravel_v3.0.0/Admin/vendor/symfony/console/Application.php(175): Symfony/Component/Console/Application->doRun(Object(Symfony/Component/Console/Input/ArgvInput), Object(Symfony/Component/Console/Output/ConsoleOutput))
#9 C:/Users/oussa/Desktop/themeforest-uMqxCtcU-qovex-laravel-admin-dashboard-template/Qovex_Laravel_v3.0.0/Admin/vendor/laravel/framework/src/Illuminate/Foundation/Console/Kernel.php(201): Symfony/Component/Console/Application->run(Object(Symfony/Component/Console/Input/ArgvInput), Object(Symfony/Component/Console/Output/ConsoleOutput))
#10 C:/Users/oussa/Desktop/themeforest-uMqxCtcU-qovex-laravel-admin-dashboard-template/Qovex_Laravel_v3.0.0/Admin/artisan(37): Illuminate/Foundation/Console/Kernel->handle(Object(Symfony/Component/Console/Input/ArgvInput), Object(Symfony/Component/Console/Output/ConsoleOutput))
#11 {main}
"} 
[2026-06-01 17:09:15] local.ERROR: The "--columns" option does not exist. {"exception":"[object] (Symfony\\Component\\Console\\Exception\\RuntimeException(code: 0): The \"--columns\" option does not exist. at C:/Users/oussa/Desktop/themeforest-uMqxCtcU-qovex-laravel-admin-dashboard-template/Qovex_Laravel_v3.0.0/Admin/vendor/symfony/console/Input/ArgvInput.php:223)
[stacktrace]
#0 C:/Users/oussa/Desktop/themeforest-uMqxCtcU-qovex-laravel-admin-dashboard-template/Qovex_Laravel_v3.0.0/Admin/vendor/symfony/console/Input/ArgvInput.php(150): Symfony/Component/Console/Input/ArgvInput->addLongOption('columns', 'Method,URI,Name...')
#1 C:/Users/oussa/Desktop/themeforest-uMqxCtcU-qovex-laravel-admin-dashboard-template/Qovex_Laravel_v3.0.0/Admin/vendor/symfony/console/Input/ArgvInput.php(85): Symfony/Component/Console/Input/ArgvInput->parseLongOption('--columns=Metho...')
#2 C:/Users/oussa/Desktop/themeforest-uMqxCtcU-qovex-laravel-admin-dashboard-template/Qovex_Laravel_v3.0.0/Admin/vendor/symfony/console/Input/ArgvInput.php(74): Symfony/Component/Console/Input/ArgvInput->parseToken('--columns=Metho...', true)
#3 C:/Users/oussa/Desktop/themeforest-uMqxCtcU-qovex-laravel-admin-dashboard-template/Qovex_Laravel_v3.0.0/Admin/vendor/symfony/console/Input/Input.php(56): Symfony/Component/Console/Input/ArgvInput->parse()
#4 C:/Users/oussa/Desktop/themeforest-uMqxCtcU-qovex-laravel-admin-dashboard-template/Qovex_Laravel_v3.0.0/Admin/vendor/symfony/console/Command/Command.php(285): Symfony/Component/Console/Input/Input->bind(Object(Symfony/Component/Console/Input/InputDefinition))
#5 C:/Users/oussa/Desktop/themeforest-uMqxCtcU-qovex-laravel-admin-dashboard-template/Qovex_Laravel_v3.0.0/Admin/vendor/laravel/framework/src/Illuminate/Console/Command.php(181): Symfony/Component/Console/Command/Command->run(Object(Symfony/Component/Console/Input/ArgvInput), Object(Illuminate/Console/OutputStyle))
#6 C:/Users/oussa/Desktop/themeforest-uMqxCtcU-qovex-laravel-admin-dashboard-template/Qovex_Laravel_v3.0.0/Admin/vendor/symfony/console/Application.php(1106): Illuminate/Console/Command->run(Object(Symfony/Component/Console/Input/ArgvInput), Object(Symfony/Component/Console/Output/ConsoleOutput))
#7 C:/Users/oussa/Desktop/themeforest-uMqxCtcU-qovex-laravel-admin-dashboard-template/Qovex_Laravel_v3.0.0/Admin/vendor/symfony/console/Application.php(324): Symfony/Component/Console/Application->doRunCommand(Object(Illuminate/Foundation/Console/RouteListCommand), Object(Symfony/Component/Console/Input/ArgvInput), Object(Symfony/Component/Console/Output/ConsoleOutput))
#8 C:/Users/oussa/Desktop/themeforest-uMqxCtcU-qovex-laravel-admin-dashboard-template/Qovex_Laravel_v3.0.0/Admin/vendor/symfony/console/Application.php(175): Symfony/Component/Console/Application->doRun(Object(Symfony/Component/Console/Input/ArgvInput), Object(Symfony/Component/Console/Output/ConsoleOutput))
#9 C:/Users/oussa/Desktop/themeforest-uMqxCtcU-qovex-laravel-admin-dashboard-template/Qovex_Laravel_v3.0.0/Admin/vendor/laravel/framework/src/Illuminate/Foundation/Console/Kernel.php(201): Symfony/Component/Console/Application->run(Object(Symfony/Component/Console/Input/ArgvInput), Object(Symfony/Component/Console/Output/ConsoleOutput))
#10 C:/Users/oussa/Desktop/themeforest-uMqxCtcU-qovex-laravel-admin-dashboard-template/Qovex_Laravel_v3.0.0/Admin/artisan(37): Illuminate/Foundation/Console/Kernel->handle(Object(Symfony/Component/Console/Input/ArgvInput), Object(Symfony/Component/Console/Output/ConsoleOutput))
#11 {main}
"} 
[2026-06-01 17:09:23] local.ERROR: The "--columns" option does not exist. {"exception":"[object] (Symfony\\Component\\Console\\Exception\\RuntimeException(code: 0): The \"--columns\" option does not exist. at C:/Users/oussa/Desktop/themeforest-uMqxCtcU-qovex-laravel-admin-dashboard-template/Qovex_Laravel_v3.0.0/Admin/vendor/symfony/console/Input/ArgvInput.php:223)
[stacktrace]
#0 C:/Users/oussa/Desktop/themeforest-uMqxCtcU-qovex-laravel-admin-dashboard-template/Qovex_Laravel_v3.0.0/Admin/vendor/symfony/console/Input/ArgvInput.php(150): Symfony/Component/Console/Input/ArgvInput->addLongOption('columns', 'Method,URI,Name...')
#1 C:/Users/oussa/Desktop/themeforest-uMqxCtcU-qovex-laravel-admin-dashboard-template/Qovex_Laravel_v3.0.0/Admin/vendor/symfony/console/Input/ArgvInput.php(85): Symfony/Component/Console/Input/ArgvInput->parseLongOption('--columns=Metho...')
#2 C:/Users/oussa/Desktop/themeforest-uMqxCtcU-qovex-laravel-admin-dashboard-template/Qovex_Laravel_v3.0.0/Admin/vendor/symfony/console/Input/ArgvInput.php(74): Symfony/Component/Console/Input/ArgvInput->parseToken('--columns=Metho...', true)
#3 C:/Users/oussa/Desktop/themeforest-uMqxCtcU-qovex-laravel-admin-dashboard-template/Qovex_Laravel_v3.0.0/Admin/vendor/symfony/console/Input/Input.php(56): Symfony/Component/Console/Input/ArgvInput->parse()
#4 C:/Users/oussa/Desktop/themeforest-uMqxCtcU-qovex-laravel-admin-dashboard-template/Qovex_Laravel_v3.0.0/Admin/vendor/symfony/console/Command/Command.php(285): Symfony/Component/Console/Input/Input->bind(Object(Symfony/Component/Console/Input/InputDefinition))
#5 C:/Users/oussa/Desktop/themeforest-uMqxCtcU-qovex-laravel-admin-dashboard-template/Qovex_Laravel_v3.0.0/Admin/vendor/laravel/framework/src/Illuminate/Console/Command.php(181): Symfony/Component/Console/Command/Command->run(Object(Symfony/Component/Console/Input/ArgvInput), Object(Illuminate/Console/OutputStyle))
#6 C:/Users/oussa/Desktop/themeforest-uMqxCtcU-qovex-laravel-admin-dashboard-template/Qovex_Laravel_v3.0.0/Admin/vendor/symfony/console/Application.php(1106): Illuminate/Console/Command->run(Object(Symfony/Component/Console/Input/ArgvInput), Object(Symfony/Component/Console/Output/ConsoleOutput))
#7 C:/Users/oussa/Desktop/themeforest-uMqxCtcU-qovex-laravel-admin-dashboard-template/Qovex_Laravel_v3.0.0/Admin/vendor/symfony/console/Application.php(324): Symfony/Component/Console/Application->doRunCommand(Object(Illuminate/Foundation/Console/RouteListCommand), Object(Symfony/Component/Console/Input/ArgvInput), Object(Symfony/Component/Console/Output/ConsoleOutput))
#8 C:/Users/oussa/Desktop/themeforest-uMqxCtcU-qovex-laravel-admin-dashboard-template/Qovex_Laravel_v3.0.0/Admin/vendor/symfony/console/Application.php(175): Symfony/Component/Console/Application->doRun(Object(Symfony/Component/Console/Input/ArgvInput), Object(Symfony/Component/Console/Output/ConsoleOutput))
#9 C:/Users/oussa/Desktop/themeforest-uMqxCtcU-qovex-laravel-admin-dashboard-template/Qovex_Laravel_v3.0.0/Admin/vendor/laravel/framework/src/Illuminate/Foundation/Console/Kernel.php(201): Symfony/Component/Console/Application->run(Object(Symfony/Component/Console/Input/ArgvInput), Object(Symfony/Component/Console/Output/ConsoleOutput))
#10 C:/Users/oussa/Desktop/themeforest-uMqxCtcU-qovex-laravel-admin-dashboard-template/Qovex_Laravel_v3.0.0/Admin/artisan(37): Illuminate/Foundation/Console/Kernel->handle(Object(Symfony/Component/Console/Input/ArgvInput), Object(Symfony/Component/Console/Output/ConsoleOutput))
#11 {main}
"} 
[2026-06-10 09:12:22] local.ERROR: Writing to directory C:/Users/oussa/AppData/Roaming/PsySH is not allowed. {"exception":"[object] (ErrorException(code: 0): Writing to directory C:/Users/oussa/AppData/Roaming/PsySH is not allowed. at C:/Users/oussa/Desktop/themeforest-uMqxCtcU-qovex-laravel-admin-dashboard-template/Qovex_Laravel_v3.0.0/Admin/vendor/psy/psysh/src/ConfigPaths.php:395)
[stacktrace]
#0 C:/Users/oussa/Desktop/themeforest-uMqxCtcU-qovex-laravel-admin-dashboard-template/Qovex_Laravel_v3.0.0/Admin/vendor/laravel/framework/src/Illuminate/Foundation/Bootstrap/HandleExceptions.php(255): Illuminate/Foundation/Bootstrap/HandleExceptions->handleError(1024, 'Writing to dire...', 'C://Users//oussa//...', 395)
#1 [internal function]: Illuminate/Foundation/Bootstrap/HandleExceptions->Illuminate/Foundation/Bootstrap/{closure}(1024, 'Writing to dire...', 'C://Users//oussa//...', 395)
#2 C:/Users/oussa/Desktop/themeforest-uMqxCtcU-qovex-laravel-admin-dashboard-template/Qovex_Laravel_v3.0.0/Admin/vendor/psy/psysh/src/ConfigPaths.php(395): trigger_error('Writing to dire...', 1024)
#3 C:/Users/oussa/Desktop/themeforest-uMqxCtcU-qovex-laravel-admin-dashboard-template/Qovex_Laravel_v3.0.0/Admin/vendor/psy/psysh/src/ConfigPaths.php(424): Psy/ConfigPaths::ensureDir('C:/Users/oussa/...')
#4 C:/Users/oussa/Desktop/themeforest-uMqxCtcU-qovex-laravel-admin-dashboard-template/Qovex_Laravel_v3.0.0/Admin/vendor/psy/psysh/src/Configuration.php(683): Psy/ConfigPaths::touchFileWithMkdir('C:/Users/oussa/...')
#5 C:/Users/oussa/Desktop/themeforest-uMqxCtcU-qovex-laravel-admin-dashboard-template/Qovex_Laravel_v3.0.0/Admin/vendor/psy/psysh/src/Configuration.php(715): Psy/Configuration->setHistoryFile('C:/Users/oussa/...')
#6 C:/Users/oussa/Desktop/themeforest-uMqxCtcU-qovex-laravel-admin-dashboard-template/Qovex_Laravel_v3.0.0/Admin/vendor/psy/psysh/src/Configuration.php(852): Psy/Configuration->getHistoryFile()
#7 C:/Users/oussa/Desktop/themeforest-uMqxCtcU-qovex-laravel-admin-dashboard-template/Qovex_Laravel_v3.0.0/Admin/vendor/psy/psysh/src/Shell.php(95): Psy/Configuration->getReadline()
#8 C:/Users/oussa/Desktop/themeforest-uMqxCtcU-qovex-laravel-admin-dashboard-template/Qovex_Laravel_v3.0.0/Admin/vendor/laravel/tinker/src/Console/TinkerCommand.php(59): Psy/Shell->__construct(Object(Psy/Configuration))
#9 C:/Users/oussa/Desktop/themeforest-uMqxCtcU-qovex-laravel-admin-dashboard-template/Qovex_Laravel_v3.0.0/Admin/vendor/laravel/framework/src/Illuminate/Container/BoundMethod.php(36): Laravel/Tinker/Console/TinkerCommand->handle()
#10 C:/Users/oussa/Desktop/themeforest-uMqxCtcU-qovex-laravel-admin-dashboard-template/Qovex_Laravel_v3.0.0/Admin/vendor/laravel/framework/src/Illuminate/Container/Util.php(41): Illuminate/Container/BoundMethod::Illuminate/Container/{closure}()
#11 C:/Users/oussa/Desktop/themeforest-uMqxCtcU-qovex-laravel-admin-dashboard-template/Qovex_Laravel_v3.0.0/Admin/vendor/laravel/framework/src/Illuminate/Container/BoundMethod.php(93): Illuminate/Container/Util::unwrapIfClosure(Object(Closure))
#12 C:/Users/oussa/Desktop/themeforest-uMqxCtcU-qovex-laravel-admin-dashboard-template/Qovex_Laravel_v3.0.0/Admin/vendor/laravel/framework/src/Illuminate/Container/BoundMethod.php(37): Illuminate/Container/BoundMethod::callBoundMethod(Object(Illuminate/Foundation/Application), Array, Object(Closure))
#13 C:/Users/oussa/Desktop/themeforest-uMqxCtcU-qovex-laravel-admin-dashboard-template/Qovex_Laravel_v3.0.0/Admin/vendor/laravel/framework/src/Illuminate/Container/Container.php(662): Illuminate/Container/BoundMethod::call(Object(Illuminate/Foundation/Application), Array, Array, NULL)
#14 C:/Users/oussa/Desktop/themeforest-uMqxCtcU-qovex-laravel-admin-dashboard-template/Qovex_Laravel_v3.0.0/Admin/vendor/laravel/framework/src/Illuminate/Console/Command.php(211): Illuminate/Container/Container->call(Array)
#15 C:/Users/oussa/Desktop/themeforest-uMqxCtcU-qovex-laravel-admin-dashboard-template/Qovex_Laravel_v3.0.0/Admin/vendor/symfony/console/Command/Command.php(326): Illuminate/Console/Command->execute(Object(Symfony/Component/Console/Input/ArgvInput), Object(Illuminate/Console/OutputStyle))
#16 C:/Users/oussa/Desktop/themeforest-uMqxCtcU-qovex-laravel-admin-dashboard-template/Qovex_Laravel_v3.0.0/Admin/vendor/laravel/framework/src/Illuminate/Console/Command.php(181): Symfony/Component/Console/Command/Command->run(Object(Symfony/Component/Console/Input/ArgvInput), Object(Illuminate/Console/OutputStyle))
#17 C:/Users/oussa/Desktop/themeforest-uMqxCtcU-qovex-laravel-admin-dashboard-template/Qovex_Laravel_v3.0.0/Admin/vendor/symfony/console/Application.php(1106): Illuminate/Console/Command->run(Object(Symfony/Component/Console/Input/ArgvInput), Object(Symfony/Component/Console/Output/ConsoleOutput))
#18 C:/Users/oussa/Desktop/themeforest-uMqxCtcU-qovex-laravel-admin-dashboard-template/Qovex_Laravel_v3.0.0/Admin/vendor/symfony/console/Application.php(324): Symfony/Component/Console/Application->doRunCommand(Object(Laravel/Tinker/Console/TinkerCommand), Object(Symfony/Component/Console/Input/ArgvInput), Object(Symfony/Component/Console/Output/ConsoleOutput))
#19 C:/Users/oussa/Desktop/themeforest-uMqxCtcU-qovex-laravel-admin-dashboard-template/Qovex_Laravel_v3.0.0/Admin/vendor/symfony/console/Application.php(175): Symfony/Component/Console/Application->doRun(Object(Symfony/Component/Console/Input/ArgvInput), Object(Symfony/Component/Console/Output/ConsoleOutput))
#20 C:/Users/oussa/Desktop/themeforest-uMqxCtcU-qovex-laravel-admin-dashboard-template/Qovex_Laravel_v3.0.0/Admin/vendor/laravel/framework/src/Illuminate/Foundation/Console/Kernel.php(201): Symfony/Component/Console/Application->run(Object(Symfony/Component/Console/Input/ArgvInput), Object(Symfony/Component/Console/Output/ConsoleOutput))
#21 C:/Users/oussa/Desktop/themeforest-uMqxCtcU-qovex-laravel-admin-dashboard-template/Qovex_Laravel_v3.0.0/Admin/artisan(37): Illuminate/Foundation/Console/Kernel->handle(Object(Symfony/Component/Console/Input/ArgvInput), Object(Symfony/Component/Console/Output/ConsoleOutput))
#22 {main}
"} 
[2026-06-10 09:12:40] local.ERROR: Writing to directory C://Users/oussa/.config/psysh is not allowed. {"exception":"[object] (ErrorException(code: 0): Writing to directory C://Users/oussa/.config/psysh is not allowed. at C:/Users/oussa/Desktop/themeforest-uMqxCtcU-qovex-laravel-admin-dashboard-template/Qovex_Laravel_v3.0.0/Admin/vendor/psy/psysh/src/ConfigPaths.php:395)
[stacktrace]
#0 C:/Users/oussa/Desktop/themeforest-uMqxCtcU-qovex-laravel-admin-dashboard-template/Qovex_Laravel_v3.0.0/Admin/vendor/laravel/framework/src/Illuminate/Foundation/Bootstrap/HandleExceptions.php(255): Illuminate/Foundation/Bootstrap/HandleExceptions->handleError(1024, 'Writing to dire...', 'C://Users//oussa//...', 395)
#1 [internal function]: Illuminate/Foundation/Bootstrap/HandleExceptions->Illuminate/Foundation/Bootstrap/{closure}(1024, 'Writing to dire...', 'C://Users//oussa//...', 395)
#2 C:/Users/oussa/Desktop/themeforest-uMqxCtcU-qovex-laravel-admin-dashboard-template/Qovex_Laravel_v3.0.0/Admin/vendor/psy/psysh/src/ConfigPaths.php(395): trigger_error('Writing to dire...', 1024)
#3 C:/Users/oussa/Desktop/themeforest-uMqxCtcU-qovex-laravel-admin-dashboard-template/Qovex_Laravel_v3.0.0/Admin/vendor/psy/psysh/src/ConfigPaths.php(424): Psy/ConfigPaths::ensureDir('C://Users/oussa...')
#4 C:/Users/oussa/Desktop/themeforest-uMqxCtcU-qovex-laravel-admin-dashboard-template/Qovex_Laravel_v3.0.0/Admin/vendor/psy/psysh/src/Configuration.php(683): Psy/ConfigPaths::touchFileWithMkdir('C://Users/oussa...')
#5 C:/Users/oussa/Desktop/themeforest-uMqxCtcU-qovex-laravel-admin-dashboard-template/Qovex_Laravel_v3.0.0/Admin/vendor/psy/psysh/src/Configuration.php(715): Psy/Configuration->setHistoryFile('C://Users/oussa...')
#6 C:/Users/oussa/Desktop/themeforest-uMqxCtcU-qovex-laravel-admin-dashboard-template/Qovex_Laravel_v3.0.0/Admin/vendor/psy/psysh/src/Configuration.php(852): Psy/Configuration->getHistoryFile()
#7 C:/Users/oussa/Desktop/themeforest-uMqxCtcU-qovex-laravel-admin-dashboard-template/Qovex_Laravel_v3.0.0/Admin/vendor/psy/psysh/src/Shell.php(95): Psy/Configuration->getReadline()
#8 C:/Users/oussa/Desktop/themeforest-uMqxCtcU-qovex-laravel-admin-dashboard-template/Qovex_Laravel_v3.0.0/Admin/vendor/laravel/tinker/src/Console/TinkerCommand.php(59): Psy/Shell->__construct(Object(Psy/Configuration))
#9 C:/Users/oussa/Desktop/themeforest-uMqxCtcU-qovex-laravel-admin-dashboard-template/Qovex_Laravel_v3.0.0/Admin/vendor/laravel/framework/src/Illuminate/Container/BoundMethod.php(36): Laravel/Tinker/Console/TinkerCommand->handle()
#10 C:/Users/oussa/Desktop/themeforest-uMqxCtcU-qovex-laravel-admin-dashboard-template/Qovex_Laravel_v3.0.0/Admin/vendor/laravel/framework/src/Illuminate/Container/Util.php(41): Illuminate/Container/BoundMethod::Illuminate/Container/{closure}()
#11 C:/Users/oussa/Desktop/themeforest-uMqxCtcU-qovex-laravel-admin-dashboard-template/Qovex_Laravel_v3.0.0/Admin/vendor/laravel/framework/src/Illuminate/Container/BoundMethod.php(93): Illuminate/Container/Util::unwrapIfClosure(Object(Closure))
#12 C:/Users/oussa/Desktop/themeforest-uMqxCtcU-qovex-laravel-admin-dashboard-template/Qovex_Laravel_v3.0.0/Admin/vendor/laravel/framework/src/Illuminate/Container/BoundMethod.php(37): Illuminate/Container/BoundMethod::callBoundMethod(Object(Illuminate/Foundation/Application), Array, Object(Closure))
#13 C:/Users/oussa/Desktop/themeforest-uMqxCtcU-qovex-laravel-admin-dashboard-template/Qovex_Laravel_v3.0.0/Admin/vendor/laravel/framework/src/Illuminate/Container/Container.php(662): Illuminate/Container/BoundMethod::call(Object(Illuminate/Foundation/Application), Array, Array, NULL)
#14 C:/Users/oussa/Desktop/themeforest-uMqxCtcU-qovex-laravel-admin-dashboard-template/Qovex_Laravel_v3.0.0/Admin/vendor/laravel/framework/src/Illuminate/Console/Command.php(211): Illuminate/Container/Container->call(Array)
#15 C:/Users/oussa/Desktop/themeforest-uMqxCtcU-qovex-laravel-admin-dashboard-template/Qovex_Laravel_v3.0.0/Admin/vendor/symfony/console/Command/Command.php(326): Illuminate/Console/Command->execute(Object(Symfony/Component/Console/Input/ArgvInput), Object(Illuminate/Console/OutputStyle))
#16 C:/Users/oussa/Desktop/themeforest-uMqxCtcU-qovex-laravel-admin-dashboard-template/Qovex_Laravel_v3.0.0/Admin/vendor/laravel/framework/src/Illuminate/Console/Command.php(181): Symfony/Component/Console/Command/Command->run(Object(Symfony/Component/Console/Input/ArgvInput), Object(Illuminate/Console/OutputStyle))
#17 C:/Users/oussa/Desktop/themeforest-uMqxCtcU-qovex-laravel-admin-dashboard-template/Qovex_Laravel_v3.0.0/Admin/vendor/symfony/console/Application.php(1106): Illuminate/Console/Command->run(Object(Symfony/Component/Console/Input/ArgvInput), Object(Symfony/Component/Console/Output/ConsoleOutput))
#18 C:/Users/oussa/Desktop/themeforest-uMqxCtcU-qovex-laravel-admin-dashboard-template/Qovex_Laravel_v3.0.0/Admin/vendor/symfony/console/Application.php(324): Symfony/Component/Console/Application->doRunCommand(Object(Laravel/Tinker/Console/TinkerCommand), Object(Symfony/Component/Console/Input/ArgvInput), Object(Symfony/Component/Console/Output/ConsoleOutput))
#19 C:/Users/oussa/Desktop/themeforest-uMqxCtcU-qovex-laravel-admin-dashboard-template/Qovex_Laravel_v3.0.0/Admin/vendor/symfony/console/Application.php(175): Symfony/Component/Console/Application->doRun(Object(Symfony/Component/Console/Input/ArgvInput), Object(Symfony/Component/Console/Output/ConsoleOutput))
#20 C:/Users/oussa/Desktop/themeforest-uMqxCtcU-qovex-laravel-admin-dashboard-template/Qovex_Laravel_v3.0.0/Admin/vendor/laravel/framework/src/Illuminate/Foundation/Console/Kernel.php(201): Symfony/Component/Console/Application->run(Object(Symfony/Component/Console/Input/ArgvInput), Object(Symfony/Component/Console/Output/ConsoleOutput))
#21 C:/Users/oussa/Desktop/themeforest-uMqxCtcU-qovex-laravel-admin-dashboard-template/Qovex_Laravel_v3.0.0/Admin/artisan(37): Illuminate/Foundation/Console/Kernel->handle(Object(Symfony/Component/Console/Input/ArgvInput), Object(Symfony/Component/Console/Output/ConsoleOutput))
#22 {main}
"} 
[2026-06-10 10:16:27] local.ERROR: Writing to directory C:/Users/oussa/AppData/Roaming/PsySH is not allowed. {"exception":"[object] (ErrorException(code: 0): Writing to directory C:/Users/oussa/AppData/Roaming/PsySH is not allowed. at C:/Users/oussa/Desktop/themeforest-uMqxCtcU-qovex-laravel-admin-dashboard-template/Qovex_Laravel_v3.0.0/Admin/vendor/psy/psysh/src/ConfigPaths.php:395)
[stacktrace]
#0 C:/Users/oussa/Desktop/themeforest-uMqxCtcU-qovex-laravel-admin-dashboard-template/Qovex_Laravel_v3.0.0/Admin/vendor/laravel/framework/src/Illuminate/Foundation/Bootstrap/HandleExceptions.php(255): Illuminate/Foundation/Bootstrap/HandleExceptions->handleError(1024, 'Writing to dire...', 'C://Users//oussa//...', 395)
#1 [internal function]: Illuminate/Foundation/Bootstrap/HandleExceptions->Illuminate/Foundation/Bootstrap/{closure}(1024, 'Writing to dire...', 'C://Users//oussa//...', 395)
#2 C:/Users/oussa/Desktop/themeforest-uMqxCtcU-qovex-laravel-admin-dashboard-template/Qovex_Laravel_v3.0.0/Admin/vendor/psy/psysh/src/ConfigPaths.php(395): trigger_error('Writing to dire...', 1024)
#3 C:/Users/oussa/Desktop/themeforest-uMqxCtcU-qovex-laravel-admin-dashboard-template/Qovex_Laravel_v3.0.0/Admin/vendor/psy/psysh/src/ConfigPaths.php(424): Psy/ConfigPaths::ensureDir('C:/Users/oussa/...')
#4 C:/Users/oussa/Desktop/themeforest-uMqxCtcU-qovex-laravel-admin-dashboard-template/Qovex_Laravel_v3.0.0/Admin/vendor/psy/psysh/src/Configuration.php(683): Psy/ConfigPaths::touchFileWithMkdir('C:/Users/oussa/...')
#5 C:/Users/oussa/Desktop/themeforest-uMqxCtcU-qovex-laravel-admin-dashboard-template/Qovex_Laravel_v3.0.0/Admin/vendor/psy/psysh/src/Configuration.php(715): Psy/Configuration->setHistoryFile('C:/Users/oussa/...')
#6 C:/Users/oussa/Desktop/themeforest-uMqxCtcU-qovex-laravel-admin-dashboard-template/Qovex_Laravel_v3.0.0/Admin/vendor/psy/psysh/src/Configuration.php(852): Psy/Configuration->getHistoryFile()
#7 C:/Users/oussa/Desktop/themeforest-uMqxCtcU-qovex-laravel-admin-dashboard-template/Qovex_Laravel_v3.0.0/Admin/vendor/psy/psysh/src/Shell.php(95): Psy/Configuration->getReadline()
#8 C:/Users/oussa/Desktop/themeforest-uMqxCtcU-qovex-laravel-admin-dashboard-template/Qovex_Laravel_v3.0.0/Admin/vendor/laravel/tinker/src/Console/TinkerCommand.php(59): Psy/Shell->__construct(Object(Psy/Configuration))
#9 C:/Users/oussa/Desktop/themeforest-uMqxCtcU-qovex-laravel-admin-dashboard-template/Qovex_Laravel_v3.0.0/Admin/vendor/laravel/framework/src/Illuminate/Container/BoundMethod.php(36): Laravel/Tinker/Console/TinkerCommand->handle()
#10 C:/Users/oussa/Desktop/themeforest-uMqxCtcU-qovex-laravel-admin-dashboard-template/Qovex_Laravel_v3.0.0/Admin/vendor/laravel/framework/src/Illuminate/Container/Util.php(41): Illuminate/Container/BoundMethod::Illuminate/Container/{closure}()
#11 C:/Users/oussa/Desktop/themeforest-uMqxCtcU-qovex-laravel-admin-dashboard-template/Qovex_Laravel_v3.0.0/Admin/vendor/laravel/framework/src/Illuminate/Container/BoundMethod.php(93): Illuminate/Container/Util::unwrapIfClosure(Object(Closure))
#12 C:/Users/oussa/Desktop/themeforest-uMqxCtcU-qovex-laravel-admin-dashboard-template/Qovex_Laravel_v3.0.0/Admin/vendor/laravel/framework/src/Illuminate/Container/BoundMethod.php(37): Illuminate/Container/BoundMethod::callBoundMethod(Object(Illuminate/Foundation/Application), Array, Object(Closure))
#13 C:/Users/oussa/Desktop/themeforest-uMqxCtcU-qovex-laravel-admin-dashboard-template/Qovex_Laravel_v3.0.0/Admin/vendor/laravel/framework/src/Illuminate/Container/Container.php(662): Illuminate/Container/BoundMethod::call(Object(Illuminate/Foundation/Application), Array, Array, NULL)
#14 C:/Users/oussa/Desktop/themeforest-uMqxCtcU-qovex-laravel-admin-dashboard-template/Qovex_Laravel_v3.0.0/Admin/vendor/laravel/framework/src/Illuminate/Console/Command.php(211): Illuminate/Container/Container->call(Array)
#15 C:/Users/oussa/Desktop/themeforest-uMqxCtcU-qovex-laravel-admin-dashboard-template/Qovex_Laravel_v3.0.0/Admin/vendor/symfony/console/Command/Command.php(326): Illuminate/Console/Command->execute(Object(Symfony/Component/Console/Input/ArgvInput), Object(Illuminate/Console/OutputStyle))
#16 C:/Users/oussa/Desktop/themeforest-uMqxCtcU-qovex-laravel-admin-dashboard-template/Qovex_Laravel_v3.0.0/Admin/vendor/laravel/framework/src/Illuminate/Console/Command.php(181): Symfony/Component/Console/Command/Command->run(Object(Symfony/Component/Console/Input/ArgvInput), Object(Illuminate/Console/OutputStyle))
#17 C:/Users/oussa/Desktop/themeforest-uMqxCtcU-qovex-laravel-admin-dashboard-template/Qovex_Laravel_v3.0.0/Admin/vendor/symfony/console/Application.php(1106): Illuminate/Console/Command->run(Object(Symfony/Component/Console/Input/ArgvInput), Object(Symfony/Component/Console/Output/ConsoleOutput))
#18 C:/Users/oussa/Desktop/themeforest-uMqxCtcU-qovex-laravel-admin-dashboard-template/Qovex_Laravel_v3.0.0/Admin/vendor/symfony/console/Application.php(324): Symfony/Component/Console/Application->doRunCommand(Object(Laravel/Tinker/Console/TinkerCommand), Object(Symfony/Component/Console/Input/ArgvInput), Object(Symfony/Component/Console/Output/ConsoleOutput))
#19 C:/Users/oussa/Desktop/themeforest-uMqxCtcU-qovex-laravel-admin-dashboard-template/Qovex_Laravel_v3.0.0/Admin/vendor/symfony/console/Application.php(175): Symfony/Component/Console/Application->doRun(Object(Symfony/Component/Console/Input/ArgvInput), Object(Symfony/Component/Console/Output/ConsoleOutput))
#20 C:/Users/oussa/Desktop/themeforest-uMqxCtcU-qovex-laravel-admin-dashboard-template/Qovex_Laravel_v3.0.0/Admin/vendor/laravel/framework/src/Illuminate/Foundation/Console/Kernel.php(201): Symfony/Component/Console/Application->run(Object(Symfony/Component/Console/Input/ArgvInput), Object(Symfony/Component/Console/Output/ConsoleOutput))
#21 C:/Users/oussa/Desktop/themeforest-uMqxCtcU-qovex-laravel-admin-dashboard-template/Qovex_Laravel_v3.0.0/Admin/artisan(37): Illuminate/Foundation/Console/Kernel->handle(Object(Symfony/Component/Console/Input/ArgvInput), Object(Symfony/Component/Console/Output/ConsoleOutput))
#22 {main}
"} 
[2026-06-10 11:20:31] local.ERROR: Writing to directory C:/Users/oussa/AppData/Roaming/PsySH is not allowed. {"exception":"[object] (ErrorException(code: 0): Writing to directory C:/Users/oussa/AppData/Roaming/PsySH is not allowed. at C:/Users/oussa/Desktop/themeforest-uMqxCtcU-qovex-laravel-admin-dashboard-template/Qovex_Laravel_v3.0.0/Admin/vendor/psy/psysh/src/ConfigPaths.php:395)
[stacktrace]
#0 C:/Users/oussa/Desktop/themeforest-uMqxCtcU-qovex-laravel-admin-dashboard-template/Qovex_Laravel_v3.0.0/Admin/vendor/laravel/framework/src/Illuminate/Foundation/Bootstrap/HandleExceptions.php(255): Illuminate/Foundation/Bootstrap/HandleExceptions->handleError(1024, 'Writing to dire...', 'C://Users//oussa//...', 395)
#1 [internal function]: Illuminate/Foundation/Bootstrap/HandleExceptions->Illuminate/Foundation/Bootstrap/{closure}(1024, 'Writing to dire...', 'C://Users//oussa//...', 395)
#2 C:/Users/oussa/Desktop/themeforest-uMqxCtcU-qovex-laravel-admin-dashboard-template/Qovex_Laravel_v3.0.0/Admin/vendor/psy/psysh/src/ConfigPaths.php(395): trigger_error('Writing to dire...', 1024)
#3 C:/Users/oussa/Desktop/themeforest-uMqxCtcU-qovex-laravel-admin-dashboard-template/Qovex_Laravel_v3.0.0/Admin/vendor/psy/psysh/src/ConfigPaths.php(424): Psy/ConfigPaths::ensureDir('C:/Users/oussa/...')
#4 C:/Users/oussa/Desktop/themeforest-uMqxCtcU-qovex-laravel-admin-dashboard-template/Qovex_Laravel_v3.0.0/Admin/vendor/psy/psysh/src/Configuration.php(683): Psy/ConfigPaths::touchFileWithMkdir('C:/Users/oussa/...')
#5 C:/Users/oussa/Desktop/themeforest-uMqxCtcU-qovex-laravel-admin-dashboard-template/Qovex_Laravel_v3.0.0/Admin/vendor/psy/psysh/src/Configuration.php(715): Psy/Configuration->setHistoryFile('C:/Users/oussa/...')
#6 C:/Users/oussa/Desktop/themeforest-uMqxCtcU-qovex-laravel-admin-dashboard-template/Qovex_Laravel_v3.0.0/Admin/vendor/psy/psysh/src/Configuration.php(852): Psy/Configuration->getHistoryFile()
#7 C:/Users/oussa/Desktop/themeforest-uMqxCtcU-qovex-laravel-admin-dashboard-template/Qovex_Laravel_v3.0.0/Admin/vendor/psy/psysh/src/Shell.php(95): Psy/Configuration->getReadline()
#8 C:/Users/oussa/Desktop/themeforest-uMqxCtcU-qovex-laravel-admin-dashboard-template/Qovex_Laravel_v3.0.0/Admin/vendor/laravel/tinker/src/Console/TinkerCommand.php(59): Psy/Shell->__construct(Object(Psy/Configuration))
#9 C:/Users/oussa/Desktop/themeforest-uMqxCtcU-qovex-laravel-admin-dashboard-template/Qovex_Laravel_v3.0.0/Admin/vendor/laravel/framework/src/Illuminate/Container/BoundMethod.php(36): Laravel/Tinker/Console/TinkerCommand->handle()
#10 C:/Users/oussa/Desktop/themeforest-uMqxCtcU-qovex-laravel-admin-dashboard-template/Qovex_Laravel_v3.0.0/Admin/vendor/laravel/framework/src/Illuminate/Container/Util.php(41): Illuminate/Container/BoundMethod::Illuminate/Container/{closure}()
#11 C:/Users/oussa/Desktop/themeforest-uMqxCtcU-qovex-laravel-admin-dashboard-template/Qovex_Laravel_v3.0.0/Admin/vendor/laravel/framework/src/Illuminate/Container/BoundMethod.php(93): Illuminate/Container/Util::unwrapIfClosure(Object(Closure))
#12 C:/Users/oussa/Desktop/themeforest-uMqxCtcU-qovex-laravel-admin-dashboard-template/Qovex_Laravel_v3.0.0/Admin/vendor/laravel/framework/src/Illuminate/Container/BoundMethod.php(37): Illuminate/Container/BoundMethod::callBoundMethod(Object(Illuminate/Foundation/Application), Array, Object(Closure))
#13 C:/Users/oussa/Desktop/themeforest-uMqxCtcU-qovex-laravel-admin-dashboard-template/Qovex_Laravel_v3.0.0/Admin/vendor/laravel/framework/src/Illuminate/Container/Container.php(662): Illuminate/Container/BoundMethod::call(Object(Illuminate/Foundation/Application), Array, Array, NULL)
#14 C:/Users/oussa/Desktop/themeforest-uMqxCtcU-qovex-laravel-admin-dashboard-template/Qovex_Laravel_v3.0.0/Admin/vendor/laravel/framework/src/Illuminate/Console/Command.php(211): Illuminate/Container/Container->call(Array)
#15 C:/Users/oussa/Desktop/themeforest-uMqxCtcU-qovex-laravel-admin-dashboard-template/Qovex_Laravel_v3.0.0/Admin/vendor/symfony/console/Command/Command.php(326): Illuminate/Console/Command->execute(Object(Symfony/Component/Console/Input/ArgvInput), Object(Illuminate/Console/OutputStyle))
#16 C:/Users/oussa/Desktop/themeforest-uMqxCtcU-qovex-laravel-admin-dashboard-template/Qovex_Laravel_v3.0.0/Admin/vendor/laravel/framework/src/Illuminate/Console/Command.php(181): Symfony/Component/Console/Command/Command->run(Object(Symfony/Component/Console/Input/ArgvInput), Object(Illuminate/Console/OutputStyle))
#17 C:/Users/oussa/Desktop/themeforest-uMqxCtcU-qovex-laravel-admin-dashboard-template/Qovex_Laravel_v3.0.0/Admin/vendor/symfony/console/Application.php(1106): Illuminate/Console/Command->run(Object(Symfony/Component/Console/Input/ArgvInput), Object(Symfony/Component/Console/Output/ConsoleOutput))
#18 C:/Users/oussa/Desktop/themeforest-uMqxCtcU-qovex-laravel-admin-dashboard-template/Qovex_Laravel_v3.0.0/Admin/vendor/symfony/console/Application.php(324): Symfony/Component/Console/Application->doRunCommand(Object(Laravel/Tinker/Console/TinkerCommand), Object(Symfony/Component/Console/Input/ArgvInput), Object(Symfony/Component/Console/Output/ConsoleOutput))
#19 C:/Users/oussa/Desktop/themeforest-uMqxCtcU-qovex-laravel-admin-dashboard-template/Qovex_Laravel_v3.0.0/Admin/vendor/symfony/console/Application.php(175): Symfony/Component/Console/Application->doRun(Object(Symfony/Component/Console/Input/ArgvInput), Object(Symfony/Component/Console/Output/ConsoleOutput))
#20 C:/Users/oussa/Desktop/themeforest-uMqxCtcU-qovex-laravel-admin-dashboard-template/Qovex_Laravel_v3.0.0/Admin/vendor/laravel/framework/src/Illuminate/Foundation/Console/Kernel.php(201): Symfony/Component/Console/Application->run(Object(Symfony/Component/Console/Input/ArgvInput), Object(Symfony/Component/Console/Output/ConsoleOutput))
#21 C:/Users/oussa/Desktop/themeforest-uMqxCtcU-qovex-laravel-admin-dashboard-template/Qovex_Laravel_v3.0.0/Admin/artisan(37): Illuminate/Foundation/Console/Kernel->handle(Object(Symfony/Component/Console/Input/ArgvInput), Object(Symfony/Component/Console/Output/ConsoleOutput))
#22 {main}
"} 
[2026-06-11 10:07:57] local.ERROR: Writing to directory C:/Users/oussa/AppData/Roaming/PsySH is not allowed. {"exception":"[object] (ErrorException(code: 0): Writing to directory C:/Users/oussa/AppData/Roaming/PsySH is not allowed. at C:/Users/oussa/Desktop/themeforest-uMqxCtcU-qovex-laravel-admin-dashboard-template/Qovex_Laravel_v3.0.0/Admin/vendor/psy/psysh/src/ConfigPaths.php:395)
[stacktrace]
#0 C:/Users/oussa/Desktop/themeforest-uMqxCtcU-qovex-laravel-admin-dashboard-template/Qovex_Laravel_v3.0.0/Admin/vendor/laravel/framework/src/Illuminate/Foundation/Bootstrap/HandleExceptions.php(255): Illuminate/Foundation/Bootstrap/HandleExceptions->handleError(1024, 'Writing to dire...', 'C://Users//oussa//...', 395)
#1 [internal function]: Illuminate/Foundation/Bootstrap/HandleExceptions->Illuminate/Foundation/Bootstrap/{closure}(1024, 'Writing to dire...', 'C://Users//oussa//...', 395)
#2 C:/Users/oussa/Desktop/themeforest-uMqxCtcU-qovex-laravel-admin-dashboard-template/Qovex_Laravel_v3.0.0/Admin/vendor/psy/psysh/src/ConfigPaths.php(395): trigger_error('Writing to dire...', 1024)
#3 C:/Users/oussa/Desktop/themeforest-uMqxCtcU-qovex-laravel-admin-dashboard-template/Qovex_Laravel_v3.0.0/Admin/vendor/psy/psysh/src/ConfigPaths.php(424): Psy/ConfigPaths::ensureDir('C:/Users/oussa/...')
#4 C:/Users/oussa/Desktop/themeforest-uMqxCtcU-qovex-laravel-admin-dashboard-template/Qovex_Laravel_v3.0.0/Admin/vendor/psy/psysh/src/Configuration.php(683): Psy/ConfigPaths::touchFileWithMkdir('C:/Users/oussa/...')
#5 C:/Users/oussa/Desktop/themeforest-uMqxCtcU-qovex-laravel-admin-dashboard-template/Qovex_Laravel_v3.0.0/Admin/vendor/psy/psysh/src/Configuration.php(715): Psy/Configuration->setHistoryFile('C:/Users/oussa/...')
#6 C:/Users/oussa/Desktop/themeforest-uMqxCtcU-qovex-laravel-admin-dashboard-template/Qovex_Laravel_v3.0.0/Admin/vendor/psy/psysh/src/Configuration.php(852): Psy/Configuration->getHistoryFile()
#7 C:/Users/oussa/Desktop/themeforest-uMqxCtcU-qovex-laravel-admin-dashboard-template/Qovex_Laravel_v3.0.0/Admin/vendor/psy/psysh/src/Shell.php(95): Psy/Configuration->getReadline()
#8 C:/Users/oussa/Desktop/themeforest-uMqxCtcU-qovex-laravel-admin-dashboard-template/Qovex_Laravel_v3.0.0/Admin/vendor/laravel/tinker/src/Console/TinkerCommand.php(59): Psy/Shell->__construct(Object(Psy/Configuration))
#9 C:/Users/oussa/Desktop/themeforest-uMqxCtcU-qovex-laravel-admin-dashboard-template/Qovex_Laravel_v3.0.0/Admin/vendor/laravel/framework/src/Illuminate/Container/BoundMethod.php(36): Laravel/Tinker/Console/TinkerCommand->handle()
#10 C:/Users/oussa/Desktop/themeforest-uMqxCtcU-qovex-laravel-admin-dashboard-template/Qovex_Laravel_v3.0.0/Admin/vendor/laravel/framework/src/Illuminate/Container/Util.php(41): Illuminate/Container/BoundMethod::Illuminate/Container/{closure}()
#11 C:/Users/oussa/Desktop/themeforest-uMqxCtcU-qovex-laravel-admin-dashboard-template/Qovex_Laravel_v3.0.0/Admin/vendor/laravel/framework/src/Illuminate/Container/BoundMethod.php(93): Illuminate/Container/Util::unwrapIfClosure(Object(Closure))
#12 C:/Users/oussa/Desktop/themeforest-uMqxCtcU-qovex-laravel-admin-dashboard-template/Qovex_Laravel_v3.0.0/Admin/vendor/laravel/framework/src/Illuminate/Container/BoundMethod.php(37): Illuminate/Container/BoundMethod::callBoundMethod(Object(Illuminate/Foundation/Application), Array, Object(Closure))
#13 C:/Users/oussa/Desktop/themeforest-uMqxCtcU-qovex-laravel-admin-dashboard-template/Qovex_Laravel_v3.0.0/Admin/vendor/laravel/framework/src/Illuminate/Container/Container.php(662): Illuminate/Container/BoundMethod::call(Object(Illuminate/Foundation/Application), Array, Array, NULL)
#14 C:/Users/oussa/Desktop/themeforest-uMqxCtcU-qovex-laravel-admin-dashboard-template/Qovex_Laravel_v3.0.0/Admin/vendor/laravel/framework/src/Illuminate/Console/Command.php(211): Illuminate/Container/Container->call(Array)
#15 C:/Users/oussa/Desktop/themeforest-uMqxCtcU-qovex-laravel-admin-dashboard-template/Qovex_Laravel_v3.0.0/Admin/vendor/symfony/console/Command/Command.php(326): Illuminate/Console/Command->execute(Object(Symfony/Component/Console/Input/ArgvInput), Object(Illuminate/Console/OutputStyle))
#16 C:/Users/oussa/Desktop/themeforest-uMqxCtcU-qovex-laravel-admin-dashboard-template/Qovex_Laravel_v3.0.0/Admin/vendor/laravel/framework/src/Illuminate/Console/Command.php(181): Symfony/Component/Console/Command/Command->run(Object(Symfony/Component/Console/Input/ArgvInput), Object(Illuminate/Console/OutputStyle))
#17 C:/Users/oussa/Desktop/themeforest-uMqxCtcU-qovex-laravel-admin-dashboard-template/Qovex_Laravel_v3.0.0/Admin/vendor/symfony/console/Application.php(1106): Illuminate/Console/Command->run(Object(Symfony/Component/Console/Input/ArgvInput), Object(Symfony/Component/Console/Output/ConsoleOutput))
#18 C:/Users/oussa/Desktop/themeforest-uMqxCtcU-qovex-laravel-admin-dashboard-template/Qovex_Laravel_v3.0.0/Admin/vendor/symfony/console/Application.php(324): Symfony/Component/Console/Application->doRunCommand(Object(Laravel/Tinker/Console/TinkerCommand), Object(Symfony/Component/Console/Input/ArgvInput), Object(Symfony/Component/Console/Output/ConsoleOutput))
#19 C:/Users/oussa/Desktop/themeforest-uMqxCtcU-qovex-laravel-admin-dashboard-template/Qovex_Laravel_v3.0.0/Admin/vendor/symfony/console/Application.php(175): Symfony/Component/Console/Application->doRun(Object(Symfony/Component/Console/Input/ArgvInput), Object(Symfony/Component/Console/Output/ConsoleOutput))
#20 C:/Users/oussa/Desktop/themeforest-uMqxCtcU-qovex-laravel-admin-dashboard-template/Qovex_Laravel_v3.0.0/Admin/vendor/laravel/framework/src/Illuminate/Foundation/Console/Kernel.php(201): Symfony/Component/Console/Application->run(Object(Symfony/Component/Console/Input/ArgvInput), Object(Symfony/Component/Console/Output/ConsoleOutput))
#21 C:/Users/oussa/Desktop/themeforest-uMqxCtcU-qovex-laravel-admin-dashboard-template/Qovex_Laravel_v3.0.0/Admin/artisan(37): Illuminate/Foundation/Console/Kernel->handle(Object(Symfony/Component/Console/Input/ArgvInput), Object(Symfony/Component/Console/Output/ConsoleOutput))
#22 {main}
"} 
[2026-06-11 10:08:36] local.ERROR: Writing to directory C:/Users/oussa/AppData/Roaming/PsySH is not allowed. {"exception":"[object] (ErrorException(code: 0): Writing to directory C:/Users/oussa/AppData/Roaming/PsySH is not allowed. at C:/Users/oussa/Desktop/themeforest-uMqxCtcU-qovex-laravel-admin-dashboard-template/Qovex_Laravel_v3.0.0/Admin/vendor/psy/psysh/src/ConfigPaths.php:395)
[stacktrace]
#0 C:/Users/oussa/Desktop/themeforest-uMqxCtcU-qovex-laravel-admin-dashboard-template/Qovex_Laravel_v3.0.0/Admin/vendor/laravel/framework/src/Illuminate/Foundation/Bootstrap/HandleExceptions.php(255): Illuminate/Foundation/Bootstrap/HandleExceptions->handleError(1024, 'Writing to dire...', 'C://Users//oussa//...', 395)
#1 [internal function]: Illuminate/Foundation/Bootstrap/HandleExceptions->Illuminate/Foundation/Bootstrap/{closure}(1024, 'Writing to dire...', 'C://Users//oussa//...', 395)
#2 C:/Users/oussa/Desktop/themeforest-uMqxCtcU-qovex-laravel-admin-dashboard-template/Qovex_Laravel_v3.0.0/Admin/vendor/psy/psysh/src/ConfigPaths.php(395): trigger_error('Writing to dire...', 1024)
#3 C:/Users/oussa/Desktop/themeforest-uMqxCtcU-qovex-laravel-admin-dashboard-template/Qovex_Laravel_v3.0.0/Admin/vendor/psy/psysh/src/ConfigPaths.php(424): Psy/ConfigPaths::ensureDir('C:/Users/oussa/...')
#4 C:/Users/oussa/Desktop/themeforest-uMqxCtcU-qovex-laravel-admin-dashboard-template/Qovex_Laravel_v3.0.0/Admin/vendor/psy/psysh/src/Configuration.php(683): Psy/ConfigPaths::touchFileWithMkdir('C:/Users/oussa/...')
#5 C:/Users/oussa/Desktop/themeforest-uMqxCtcU-qovex-laravel-admin-dashboard-template/Qovex_Laravel_v3.0.0/Admin/vendor/psy/psysh/src/Configuration.php(715): Psy/Configuration->setHistoryFile('C:/Users/oussa/...')
#6 C:/Users/oussa/Desktop/themeforest-uMqxCtcU-qovex-laravel-admin-dashboard-template/Qovex_Laravel_v3.0.0/Admin/vendor/psy/psysh/src/Configuration.php(852): Psy/Configuration->getHistoryFile()
#7 C:/Users/oussa/Desktop/themeforest-uMqxCtcU-qovex-laravel-admin-dashboard-template/Qovex_Laravel_v3.0.0/Admin/vendor/psy/psysh/src/Shell.php(95): Psy/Configuration->getReadline()
#8 C:/Users/oussa/Desktop/themeforest-uMqxCtcU-qovex-laravel-admin-dashboard-template/Qovex_Laravel_v3.0.0/Admin/vendor/laravel/tinker/src/Console/TinkerCommand.php(59): Psy/Shell->__construct(Object(Psy/Configuration))
#9 C:/Users/oussa/Desktop/themeforest-uMqxCtcU-qovex-laravel-admin-dashboard-template/Qovex_Laravel_v3.0.0/Admin/vendor/laravel/framework/src/Illuminate/Container/BoundMethod.php(36): Laravel/Tinker/Console/TinkerCommand->handle()
#10 C:/Users/oussa/Desktop/themeforest-uMqxCtcU-qovex-laravel-admin-dashboard-template/Qovex_Laravel_v3.0.0/Admin/vendor/laravel/framework/src/Illuminate/Container/Util.php(41): Illuminate/Container/BoundMethod::Illuminate/Container/{closure}()
#11 C:/Users/oussa/Desktop/themeforest-uMqxCtcU-qovex-laravel-admin-dashboard-template/Qovex_Laravel_v3.0.0/Admin/vendor/laravel/framework/src/Illuminate/Container/BoundMethod.php(93): Illuminate/Container/Util::unwrapIfClosure(Object(Closure))
#12 C:/Users/oussa/Desktop/themeforest-uMqxCtcU-qovex-laravel-admin-dashboard-template/Qovex_Laravel_v3.0.0/Admin/vendor/laravel/framework/src/Illuminate/Container/BoundMethod.php(37): Illuminate/Container/BoundMethod::callBoundMethod(Object(Illuminate/Foundation/Application), Array, Object(Closure))
#13 C:/Users/oussa/Desktop/themeforest-uMqxCtcU-qovex-laravel-admin-dashboard-template/Qovex_Laravel_v3.0.0/Admin/vendor/laravel/framework/src/Illuminate/Container/Container.php(662): Illuminate/Container/BoundMethod::call(Object(Illuminate/Foundation/Application), Array, Array, NULL)
#14 C:/Users/oussa/Desktop/themeforest-uMqxCtcU-qovex-laravel-admin-dashboard-template/Qovex_Laravel_v3.0.0/Admin/vendor/laravel/framework/src/Illuminate/Console/Command.php(211): Illuminate/Container/Container->call(Array)
#15 C:/Users/oussa/Desktop/themeforest-uMqxCtcU-qovex-laravel-admin-dashboard-template/Qovex_Laravel_v3.0.0/Admin/vendor/symfony/console/Command/Command.php(326): Illuminate/Console/Command->execute(Object(Symfony/Component/Console/Input/ArgvInput), Object(Illuminate/Console/OutputStyle))
#16 C:/Users/oussa/Desktop/themeforest-uMqxCtcU-qovex-laravel-admin-dashboard-template/Qovex_Laravel_v3.0.0/Admin/vendor/laravel/framework/src/Illuminate/Console/Command.php(181): Symfony/Component/Console/Command/Command->run(Object(Symfony/Component/Console/Input/ArgvInput), Object(Illuminate/Console/OutputStyle))
#17 C:/Users/oussa/Desktop/themeforest-uMqxCtcU-qovex-laravel-admin-dashboard-template/Qovex_Laravel_v3.0.0/Admin/vendor/symfony/console/Application.php(1106): Illuminate/Console/Command->run(Object(Symfony/Component/Console/Input/ArgvInput), Object(Symfony/Component/Console/Output/ConsoleOutput))
#18 C:/Users/oussa/Desktop/themeforest-uMqxCtcU-qovex-laravel-admin-dashboard-template/Qovex_Laravel_v3.0.0/Admin/vendor/symfony/console/Application.php(324): Symfony/Component/Console/Application->doRunCommand(Object(Laravel/Tinker/Console/TinkerCommand), Object(Symfony/Component/Console/Input/ArgvInput), Object(Symfony/Component/Console/Output/ConsoleOutput))
#19 C:/Users/oussa/Desktop/themeforest-uMqxCtcU-qovex-laravel-admin-dashboard-template/Qovex_Laravel_v3.0.0/Admin/vendor/symfony/console/Application.php(175): Symfony/Component/Console/Application->doRun(Object(Symfony/Component/Console/Input/ArgvInput), Object(Symfony/Component/Console/Output/ConsoleOutput))
#20 C:/Users/oussa/Desktop/themeforest-uMqxCtcU-qovex-laravel-admin-dashboard-template/Qovex_Laravel_v3.0.0/Admin/vendor/laravel/framework/src/Illuminate/Foundation/Console/Kernel.php(201): Symfony/Component/Console/Application->run(Object(Symfony/Component/Console/Input/ArgvInput), Object(Symfony/Component/Console/Output/ConsoleOutput))
#21 C:/Users/oussa/Desktop/themeforest-uMqxCtcU-qovex-laravel-admin-dashboard-template/Qovex_Laravel_v3.0.0/Admin/artisan(37): Illuminate/Foundation/Console/Kernel->handle(Object(Symfony/Component/Console/Input/ArgvInput), Object(Symfony/Component/Console/Output/ConsoleOutput))
#22 {main}
"} 
[2026-06-11 20:30:11] local.ERROR: Class "AdminReservationsController" does not exist {"exception":"[object] (ReflectionException(code: -1): Class \"AdminReservationsController\" does not exist at C:/Users/oussa/Desktop/themeforest-uMqxCtcU-qovex-laravel-admin-dashboard-template/Qovex_Laravel_v3.0.0/Admin/vendor/laravel/framework/src/Illuminate/Foundation/Console/RouteListCommand.php:225)
[stacktrace]
#0 C:/Users/oussa/Desktop/themeforest-uMqxCtcU-qovex-laravel-admin-dashboard-template/Qovex_Laravel_v3.0.0/Admin/vendor/laravel/framework/src/Illuminate/Foundation/Console/RouteListCommand.php(225): ReflectionClass->__construct('AdminReservatio...')
#1 C:/Users/oussa/Desktop/themeforest-uMqxCtcU-qovex-laravel-admin-dashboard-template/Qovex_Laravel_v3.0.0/Admin/vendor/laravel/framework/src/Illuminate/Foundation/Console/RouteListCommand.php(147): Illuminate/Foundation/Console/RouteListCommand->isVendorRoute(Object(Illuminate/Routing/Route))
#2 C:/Users/oussa/Desktop/themeforest-uMqxCtcU-qovex-laravel-admin-dashboard-template/Qovex_Laravel_v3.0.0/Admin/vendor/laravel/framework/src/Illuminate/Foundation/Console/RouteListCommand.php(116): Illuminate/Foundation/Console/RouteListCommand->getRouteInformation(Object(Illuminate/Routing/Route))
#3 [internal function]: Illuminate/Foundation/Console/RouteListCommand->Illuminate/Foundation/Console/{closure}(Object(Illuminate/Routing/Route), 533)
#4 C:/Users/oussa/Desktop/themeforest-uMqxCtcU-qovex-laravel-admin-dashboard-template/Qovex_Laravel_v3.0.0/Admin/vendor/laravel/framework/src/Illuminate/Collections/Arr.php(600): array_map(Object(Closure), Array, Array)
#5 C:/Users/oussa/Desktop/themeforest-uMqxCtcU-qovex-laravel-admin-dashboard-template/Qovex_Laravel_v3.0.0/Admin/vendor/laravel/framework/src/Illuminate/Collections/Collection.php(778): Illuminate/Support/Arr::map(Array, Object(Closure))
#6 C:/Users/oussa/Desktop/themeforest-uMqxCtcU-qovex-laravel-admin-dashboard-template/Qovex_Laravel_v3.0.0/Admin/vendor/laravel/framework/src/Illuminate/Foundation/Console/RouteListCommand.php(117): Illuminate/Support/Collection->map(Object(Closure))
#7 C:/Users/oussa/Desktop/themeforest-uMqxCtcU-qovex-laravel-admin-dashboard-template/Qovex_Laravel_v3.0.0/Admin/vendor/laravel/framework/src/Illuminate/Foundation/Console/RouteListCommand.php(101): Illuminate/Foundation/Console/RouteListCommand->getRoutes()
#8 C:/Users/oussa/Desktop/themeforest-uMqxCtcU-qovex-laravel-admin-dashboard-template/Qovex_Laravel_v3.0.0/Admin/vendor/laravel/framework/src/Illuminate/Container/BoundMethod.php(36): Illuminate/Foundation/Console/RouteListCommand->handle()
#9 C:/Users/oussa/Desktop/themeforest-uMqxCtcU-qovex-laravel-admin-dashboard-template/Qovex_Laravel_v3.0.0/Admin/vendor/laravel/framework/src/Illuminate/Container/Util.php(41): Illuminate/Container/BoundMethod::Illuminate/Container/{closure}()
#10 C:/Users/oussa/Desktop/themeforest-uMqxCtcU-qovex-laravel-admin-dashboard-template/Qovex_Laravel_v3.0.0/Admin/vendor/laravel/framework/src/Illuminate/Container/BoundMethod.php(93): Illuminate/Container/Util::unwrapIfClosure(Object(Closure))
#11 C:/Users/oussa/Desktop/themeforest-uMqxCtcU-qovex-laravel-admin-dashboard-template/Qovex_Laravel_v3.0.0/Admin/vendor/laravel/framework/src/Illuminate/Container/BoundMethod.php(37): Illuminate/Container/BoundMethod::callBoundMethod(Object(Illuminate/Foundation/Application), Array, Object(Closure))
#12 C:/Users/oussa/Desktop/themeforest-uMqxCtcU-qovex-laravel-admin-dashboard-template/Qovex_Laravel_v3.0.0/Admin/vendor/laravel/framework/src/Illuminate/Container/Container.php(662): Illuminate/Container/BoundMethod::call(Object(Illuminate/Foundation/Application), Array, Array, NULL)
#13 C:/Users/oussa/Desktop/themeforest-uMqxCtcU-qovex-laravel-admin-dashboard-template/Qovex_Laravel_v3.0.0/Admin/vendor/laravel/framework/src/Illuminate/Console/Command.php(211): Illuminate/Container/Container->call(Array)
#14 C:/Users/oussa/Desktop/themeforest-uMqxCtcU-qovex-laravel-admin-dashboard-template/Qovex_Laravel_v3.0.0/Admin/vendor/symfony/console/Command/Command.php(326): Illuminate/Console/Command->execute(Object(Symfony/Component/Console/Input/ArgvInput), Object(Illuminate/Console/OutputStyle))
#15 C:/Users/oussa/Desktop/themeforest-uMqxCtcU-qovex-laravel-admin-dashboard-template/Qovex_Laravel_v3.0.0/Admin/vendor/laravel/framework/src/Illuminate/Console/Command.php(181): Symfony/Component/Console/Command/Command->run(Object(Symfony/Component/Console/Input/ArgvInput), Object(Illuminate/Console/OutputStyle))
#16 C:/Users/oussa/Desktop/themeforest-uMqxCtcU-qovex-laravel-admin-dashboard-template/Qovex_Laravel_v3.0.0/Admin/vendor/symfony/console/Application.php(1106): Illuminate/Console/Command->run(Object(Symfony/Component/Console/Input/ArgvInput), Object(Symfony/Component/Console/Output/ConsoleOutput))
#17 C:/Users/oussa/Desktop/themeforest-uMqxCtcU-qovex-laravel-admin-dashboard-template/Qovex_Laravel_v3.0.0/Admin/vendor/symfony/console/Application.php(324): Symfony/Component/Console/Application->doRunCommand(Object(Illuminate/Foundation/Console/RouteListCommand), Object(Symfony/Component/Console/Input/ArgvInput), Object(Symfony/Component/Console/Output/ConsoleOutput))
#18 C:/Users/oussa/Desktop/themeforest-uMqxCtcU-qovex-laravel-admin-dashboard-template/Qovex_Laravel_v3.0.0/Admin/vendor/symfony/console/Application.php(175): Symfony/Component/Console/Application->doRun(Object(Symfony/Component/Console/Input/ArgvInput), Object(Symfony/Component/Console/Output/ConsoleOutput))
#19 C:/Users/oussa/Desktop/themeforest-uMqxCtcU-qovex-laravel-admin-dashboard-template/Qovex_Laravel_v3.0.0/Admin/vendor/laravel/framework/src/Illuminate/Foundation/Console/Kernel.php(201): Symfony/Component/Console/Application->run(Object(Symfony/Component/Console/Input/ArgvInput), Object(Symfony/Component/Console/Output/ConsoleOutput))
#20 C:/Users/oussa/Desktop/themeforest-uMqxCtcU-qovex-laravel-admin-dashboard-template/Qovex_Laravel_v3.0.0/Admin/artisan(37): Illuminate/Foundation/Console/Kernel->handle(Object(Symfony/Component/Console/Input/ArgvInput), Object(Symfony/Component/Console/Output/ConsoleOutput))
#21 {main}
"} 
[2026-06-20 13:12:34] local.ERROR: SQLSTATE[42000]: Syntax error or access violation: 1059 Identifier name 'custom_request_quote_days_custom_request_quote_id_sort_order_index' is too long (Connection: mysql, SQL: alter table `custom_request_quote_days` add index `custom_request_quote_days_custom_request_quote_id_sort_order_index`(`custom_request_quote_id`, `sort_order`)) {"exception":"[object] (Illuminate\\Database\\QueryException(code: 42000): SQLSTATE[42000]: Syntax error or access violation: 1059 Identifier name 'custom_request_quote_days_custom_request_quote_id_sort_order_index' is too long (Connection: mysql, SQL: alter table `custom_request_quote_days` add index `custom_request_quote_days_custom_request_quote_id_sort_order_index`(`custom_request_quote_id`, `sort_order`)) at C:/Users/oussa/Desktop/themeforest-uMqxCtcU-qovex-laravel-admin-dashboard-template/Qovex_Laravel_v3.0.0/Admin/vendor/laravel/framework/src/Illuminate/Database/Connection.php:829)
[stacktrace]
#0 C:/Users/oussa/Desktop/themeforest-uMqxCtcU-qovex-laravel-admin-dashboard-template/Qovex_Laravel_v3.0.0/Admin/vendor/laravel/framework/src/Illuminate/Database/Connection.php(783): Illuminate/Database/Connection->runQueryCallback('alter table `cu...', Array, Object(Closure))
#1 C:/Users/oussa/Desktop/themeforest-uMqxCtcU-qovex-laravel-admin-dashboard-template/Qovex_Laravel_v3.0.0/Admin/vendor/laravel/framework/src/Illuminate/Database/Connection.php(588): Illuminate/Database/Connection->run('alter table `cu...', Array, Object(Closure))
#2 C:/Users/oussa/Desktop/themeforest-uMqxCtcU-qovex-laravel-admin-dashboard-template/Qovex_Laravel_v3.0.0/Admin/vendor/laravel/framework/src/Illuminate/Database/Schema/Blueprint.php(110): Illuminate/Database/Connection->statement('alter table `cu...')
#3 C:/Users/oussa/Desktop/themeforest-uMqxCtcU-qovex-laravel-admin-dashboard-template/Qovex_Laravel_v3.0.0/Admin/vendor/laravel/framework/src/Illuminate/Database/Schema/Builder.php(602): Illuminate/Database/Schema/Blueprint->build(Object(Illuminate/Database/MySqlConnection), Object(Illuminate/Database/Schema/Grammars/MySqlGrammar))
#4 C:/Users/oussa/Desktop/themeforest-uMqxCtcU-qovex-laravel-admin-dashboard-template/Qovex_Laravel_v3.0.0/Admin/vendor/laravel/framework/src/Illuminate/Database/Schema/Builder.php(460): Illuminate/Database/Schema/Builder->build(Object(Illuminate/Database/Schema/Blueprint))
#5 C:/Users/oussa/Desktop/themeforest-uMqxCtcU-qovex-laravel-admin-dashboard-template/Qovex_Laravel_v3.0.0/Admin/vendor/laravel/framework/src/Illuminate/Support/Facades/Facade.php(355): Illuminate/Database/Schema/Builder->create('custom_request_...', Object(Closure))
#6 C:/Users/oussa/Desktop/themeforest-uMqxCtcU-qovex-laravel-admin-dashboard-template/Qovex_Laravel_v3.0.0/Admin/database/migrations/2026_06_20_150000_enhance_custom_request_quotes_for_program.php(26): Illuminate/Support/Facades/Facade::__callStatic('create', Array)
#7 C:/Users/oussa/Desktop/themeforest-uMqxCtcU-qovex-laravel-admin-dashboard-template/Qovex_Laravel_v3.0.0/Admin/vendor/laravel/framework/src/Illuminate/Database/Migrations/Migrator.php(501): Illuminate/Database/Migrations/Migration@anonymous->up()
#8 C:/Users/oussa/Desktop/themeforest-uMqxCtcU-qovex-laravel-admin-dashboard-template/Qovex_Laravel_v3.0.0/Admin/vendor/laravel/framework/src/Illuminate/Database/Migrations/Migrator.php(418): Illuminate/Database/Migrations/Migrator->runMethod(Object(Illuminate/Database/MySqlConnection), Object(Illuminate/Database/Migrations/Migration@anonymous), 'up')
#9 C:/Users/oussa/Desktop/themeforest-uMqxCtcU-qovex-laravel-admin-dashboard-template/Qovex_Laravel_v3.0.0/Admin/vendor/laravel/framework/src/Illuminate/Database/Migrations/Migrator.php(427): Illuminate/Database/Migrations/Migrator->Illuminate/Database/Migrations/{closure}()
#10 C:/Users/oussa/Desktop/themeforest-uMqxCtcU-qovex-laravel-admin-dashboard-template/Qovex_Laravel_v3.0.0/Admin/vendor/laravel/framework/src/Illuminate/Database/Migrations/Migrator.php(224): Illuminate/Database/Migrations/Migrator->runMigration(Object(Illuminate/Database/Migrations/Migration@anonymous), 'up')
#11 C:/Users/oussa/Desktop/themeforest-uMqxCtcU-qovex-laravel-admin-dashboard-template/Qovex_Laravel_v3.0.0/Admin/vendor/laravel/framework/src/Illuminate/Console/View/Components/Task.php(37): Illuminate/Database/Migrations/Migrator->Illuminate/Database/Migrations/{closure}()
#12 C:/Users/oussa/Desktop/themeforest-uMqxCtcU-qovex-laravel-admin-dashboard-template/Qovex_Laravel_v3.0.0/Admin/vendor/laravel/framework/src/Illuminate/Database/Migrations/Migrator.php(783): Illuminate/Console/View/Components/Task->render('2026_06_20_1500...', Object(Closure))
#13 C:/Users/oussa/Desktop/themeforest-uMqxCtcU-qovex-laravel-admin-dashboard-template/Qovex_Laravel_v3.0.0/Admin/vendor/laravel/framework/src/Illuminate/Database/Migrations/Migrator.php(224): Illuminate/Database/Migrations/Migrator->write('Illuminate//Cons...', '2026_06_20_1500...', Object(Closure))
#14 C:/Users/oussa/Desktop/themeforest-uMqxCtcU-qovex-laravel-admin-dashboard-template/Qovex_Laravel_v3.0.0/Admin/vendor/laravel/framework/src/Illuminate/Database/Migrations/Migrator.php(189): Illuminate/Database/Migrations/Migrator->runUp('C://Users//oussa//...', 6, false)
#15 C:/Users/oussa/Desktop/themeforest-uMqxCtcU-qovex-laravel-admin-dashboard-template/Qovex_Laravel_v3.0.0/Admin/vendor/laravel/framework/src/Illuminate/Database/Migrations/Migrator.php(132): Illuminate/Database/Migrations/Migrator->runPending(Array, Array)
#16 C:/Users/oussa/Desktop/themeforest-uMqxCtcU-qovex-laravel-admin-dashboard-template/Qovex_Laravel_v3.0.0/Admin/vendor/laravel/framework/src/Illuminate/Database/Console/Migrations/MigrateCommand.php(92): Illuminate/Database/Migrations/Migrator->run(Array, Array)
#17 C:/Users/oussa/Desktop/themeforest-uMqxCtcU-qovex-laravel-admin-dashboard-template/Qovex_Laravel_v3.0.0/Admin/vendor/laravel/framework/src/Illuminate/Database/Migrations/Migrator.php(641): Illuminate/Database/Console/Migrations/MigrateCommand->Illuminate/Database/Console/Migrations/{closure}()
#18 C:/Users/oussa/Desktop/themeforest-uMqxCtcU-qovex-laravel-admin-dashboard-template/Qovex_Laravel_v3.0.0/Admin/vendor/laravel/framework/src/Illuminate/Database/Console/Migrations/MigrateCommand.php(104): Illuminate/Database/Migrations/Migrator->usingConnection(NULL, Object(Closure))
#19 C:/Users/oussa/Desktop/themeforest-uMqxCtcU-qovex-laravel-admin-dashboard-template/Qovex_Laravel_v3.0.0/Admin/vendor/laravel/framework/src/Illuminate/Container/BoundMethod.php(36): Illuminate/Database/Console/Migrations/MigrateCommand->handle()
#20 C:/Users/oussa/Desktop/themeforest-uMqxCtcU-qovex-laravel-admin-dashboard-template/Qovex_Laravel_v3.0.0/Admin/vendor/laravel/framework/src/Illuminate/Container/Util.php(41): Illuminate/Container/BoundMethod::Illuminate/Container/{closure}()
#21 C:/Users/oussa/Desktop/themeforest-uMqxCtcU-qovex-laravel-admin-dashboard-template/Qovex_Laravel_v3.0.0/Admin/vendor/laravel/framework/src/Illuminate/Container/BoundMethod.php(93): Illuminate/Container/Util::unwrapIfClosure(Object(Closure))
#22 C:/Users/oussa/Desktop/themeforest-uMqxCtcU-qovex-laravel-admin-dashboard-template/Qovex_Laravel_v3.0.0/Admin/vendor/laravel/framework/src/Illuminate/Container/BoundMethod.php(37): Illuminate/Container/BoundMethod::callBoundMethod(Object(Illuminate/Foundation/Application), Array, Object(Closure))
#23 C:/Users/oussa/Desktop/themeforest-uMqxCtcU-qovex-laravel-admin-dashboard-template/Qovex_Laravel_v3.0.0/Admin/vendor/laravel/framework/src/Illuminate/Container/Container.php(662): Illuminate/Container/BoundMethod::call(Object(Illuminate/Foundation/Application), Array, Array, NULL)
#24 C:/Users/oussa/Desktop/themeforest-uMqxCtcU-qovex-laravel-admin-dashboard-template/Qovex_Laravel_v3.0.0/Admin/vendor/laravel/framework/src/Illuminate/Console/Command.php(211): Illuminate/Container/Container->call(Array)
#25 C:/Users/oussa/Desktop/themeforest-uMqxCtcU-qovex-laravel-admin-dashboard-template/Qovex_Laravel_v3.0.0/Admin/vendor/symfony/console/Command/Command.php(326): Illuminate/Console/Command->execute(Object(Symfony/Component/Console/Input/ArgvInput), Object(Illuminate/Console/OutputStyle))
#26 C:/Users/oussa/Desktop/themeforest-uMqxCtcU-qovex-laravel-admin-dashboard-template/Qovex_Laravel_v3.0.0/Admin/vendor/laravel/framework/src/Illuminate/Console/Command.php(181): Symfony/Component/Console/Command/Command->run(Object(Symfony/Component/Console/Input/ArgvInput), Object(Illuminate/Console/OutputStyle))
#27 C:/Users/oussa/Desktop/themeforest-uMqxCtcU-qovex-laravel-admin-dashboard-template/Qovex_Laravel_v3.0.0/Admin/vendor/symfony/console/Application.php(1106): Illuminate/Console/Command->run(Object(Symfony/Component/Console/Input/ArgvInput), Object(Symfony/Component/Console/Output/ConsoleOutput))
#28 C:/Users/oussa/Desktop/themeforest-uMqxCtcU-qovex-laravel-admin-dashboard-template/Qovex_Laravel_v3.0.0/Admin/vendor/symfony/console/Application.php(324): Symfony/Component/Console/Application->doRunCommand(Object(Illuminate/Database/Console/Migrations/MigrateCommand), Object(Symfony/Component/Console/Input/ArgvInput), Object(Symfony/Component/Console/Output/ConsoleOutput))
#29 C:/Users/oussa/Desktop/themeforest-uMqxCtcU-qovex-laravel-admin-dashboard-template/Qovex_Laravel_v3.0.0/Admin/vendor/symfony/console/Application.php(175): Symfony/Component/Console/Application->doRun(Object(Symfony/Component/Console/Input/ArgvInput), Object(Symfony/Component/Console/Output/ConsoleOutput))
#30 C:/Users/oussa/Desktop/themeforest-uMqxCtcU-qovex-laravel-admin-dashboard-template/Qovex_Laravel_v3.0.0/Admin/vendor/laravel/framework/src/Illuminate/Foundation/Console/Kernel.php(201): Symfony/Component/Console/Application->run(Object(Symfony/Component/Console/Input/ArgvInput), Object(Symfony/Component/Console/Output/ConsoleOutput))
#31 C:/Users/oussa/Desktop/themeforest-uMqxCtcU-qovex-laravel-admin-dashboard-template/Qovex_Laravel_v3.0.0/Admin/artisan(37): Illuminate/Foundation/Console/Kernel->handle(Object(Symfony/Component/Console/Input/ArgvInput), Object(Symfony/Component/Console/Output/ConsoleOutput))
#32 {main}

[previous exception] [object] (PDOException(code: 42000): SQLSTATE[42000]: Syntax error or access violation: 1059 Identifier name 'custom_request_quote_days_custom_request_quote_id_sort_order_index' is too long at C:/Users/oussa/Desktop/themeforest-uMqxCtcU-qovex-laravel-admin-dashboard-template/Qovex_Laravel_v3.0.0/Admin/vendor/laravel/framework/src/Illuminate/Database/Connection.php:587)
[stacktrace]
#0 C:/Users/oussa/Desktop/themeforest-uMqxCtcU-qovex-laravel-admin-dashboard-template/Qovex_Laravel_v3.0.0/Admin/vendor/laravel/framework/src/Illuminate/Database/Connection.php(587): PDOStatement->execute()
#1 C:/Users/oussa/Desktop/themeforest-uMqxCtcU-qovex-laravel-admin-dashboard-template/Qovex_Laravel_v3.0.0/Admin/vendor/laravel/framework/src/Illuminate/Database/Connection.php(816): Illuminate/Database/Connection->Illuminate/Database/{closure}('alter table `cu...', Array)
#2 C:/Users/oussa/Desktop/themeforest-uMqxCtcU-qovex-laravel-admin-dashboard-template/Qovex_Laravel_v3.0.0/Admin/vendor/laravel/framework/src/Illuminate/Database/Connection.php(783): Illuminate/Database/Connection->runQueryCallback('alter table `cu...', Array, Object(Closure))
#3 C:/Users/oussa/Desktop/themeforest-uMqxCtcU-qovex-laravel-admin-dashboard-template/Qovex_Laravel_v3.0.0/Admin/vendor/laravel/framework/src/Illuminate/Database/Connection.php(588): Illuminate/Database/Connection->run('alter table `cu...', Array, Object(Closure))
#4 C:/Users/oussa/Desktop/themeforest-uMqxCtcU-qovex-laravel-admin-dashboard-template/Qovex_Laravel_v3.0.0/Admin/vendor/laravel/framework/src/Illuminate/Database/Schema/Blueprint.php(110): Illuminate/Database/Connection->statement('alter table `cu...')
#5 C:/Users/oussa/Desktop/themeforest-uMqxCtcU-qovex-laravel-admin-dashboard-template/Qovex_Laravel_v3.0.0/Admin/vendor/laravel/framework/src/Illuminate/Database/Schema/Builder.php(602): Illuminate/Database/Schema/Blueprint->build(Object(Illuminate/Database/MySqlConnection), Object(Illuminate/Database/Schema/Grammars/MySqlGrammar))
#6 C:/Users/oussa/Desktop/themeforest-uMqxCtcU-qovex-laravel-admin-dashboard-template/Qovex_Laravel_v3.0.0/Admin/vendor/laravel/framework/src/Illuminate/Database/Schema/Builder.php(460): Illuminate/Database/Schema/Builder->build(Object(Illuminate/Database/Schema/Blueprint))
#7 C:/Users/oussa/Desktop/themeforest-uMqxCtcU-qovex-laravel-admin-dashboard-template/Qovex_Laravel_v3.0.0/Admin/vendor/laravel/framework/src/Illuminate/Support/Facades/Facade.php(355): Illuminate/Database/Schema/Builder->create('custom_request_...', Object(Closure))
#8 C:/Users/oussa/Desktop/themeforest-uMqxCtcU-qovex-laravel-admin-dashboard-template/Qovex_Laravel_v3.0.0/Admin/database/migrations/2026_06_20_150000_enhance_custom_request_quotes_for_program.php(26): Illuminate/Support/Facades/Facade::__callStatic('create', Array)
#9 C:/Users/oussa/Desktop/themeforest-uMqxCtcU-qovex-laravel-admin-dashboard-template/Qovex_Laravel_v3.0.0/Admin/vendor/laravel/framework/src/Illuminate/Database/Migrations/Migrator.php(501): Illuminate/Database/Migrations/Migration@anonymous->up()
#10 C:/Users/oussa/Desktop/themeforest-uMqxCtcU-qovex-laravel-admin-dashboard-template/Qovex_Laravel_v3.0.0/Admin/vendor/laravel/framework/src/Illuminate/Database/Migrations/Migrator.php(418): Illuminate/Database/Migrations/Migrator->runMethod(Object(Illuminate/Database/MySqlConnection), Object(Illuminate/Database/Migrations/Migration@anonymous), 'up')
#11 C:/Users/oussa/Desktop/themeforest-uMqxCtcU-qovex-laravel-admin-dashboard-template/Qovex_Laravel_v3.0.0/Admin/vendor/laravel/framework/src/Illuminate/Database/Migrations/Migrator.php(427): Illuminate/Database/Migrations/Migrator->Illuminate/Database/Migrations/{closure}()
#12 C:/Users/oussa/Desktop/themeforest-uMqxCtcU-qovex-laravel-admin-dashboard-template/Qovex_Laravel_v3.0.0/Admin/vendor/laravel/framework/src/Illuminate/Database/Migrations/Migrator.php(224): Illuminate/Database/Migrations/Migrator->runMigration(Object(Illuminate/Database/Migrations/Migration@anonymous), 'up')
#13 C:/Users/oussa/Desktop/themeforest-uMqxCtcU-qovex-laravel-admin-dashboard-template/Qovex_Laravel_v3.0.0/Admin/vendor/laravel/framework/src/Illuminate/Console/View/Components/Task.php(37): Illuminate/Database/Migrations/Migrator->Illuminate/Database/Migrations/{closure}()
#14 C:/Users/oussa/Desktop/themeforest-uMqxCtcU-qovex-laravel-admin-dashboard-template/Qovex_Laravel_v3.0.0/Admin/vendor/laravel/framework/src/Illuminate/Database/Migrations/Migrator.php(783): Illuminate/Console/View/Components/Task->render('2026_06_20_1500...', Object(Closure))
#15 C:/Users/oussa/Desktop/themeforest-uMqxCtcU-qovex-laravel-admin-dashboard-template/Qovex_Laravel_v3.0.0/Admin/vendor/laravel/framework/src/Illuminate/Database/Migrations/Migrator.php(224): Illuminate/Database/Migrations/Migrator->write('Illuminate//Cons...', '2026_06_20_1500...', Object(Closure))
#16 C:/Users/oussa/Desktop/themeforest-uMqxCtcU-qovex-laravel-admin-dashboard-template/Qovex_Laravel_v3.0.0/Admin/vendor/laravel/framework/src/Illuminate/Database/Migrations/Migrator.php(189): Illuminate/Database/Migrations/Migrator->runUp('C://Users//oussa//...', 6, false)
#17 C:/Users/oussa/Desktop/themeforest-uMqxCtcU-qovex-laravel-admin-dashboard-template/Qovex_Laravel_v3.0.0/Admin/vendor/laravel/framework/src/Illuminate/Database/Migrations/Migrator.php(132): Illuminate/Database/Migrations/Migrator->runPending(Array, Array)
#18 C:/Users/oussa/Desktop/themeforest-uMqxCtcU-qovex-laravel-admin-dashboard-template/Qovex_Laravel_v3.0.0/Admin/vendor/laravel/framework/src/Illuminate/Database/Console/Migrations/MigrateCommand.php(92): Illuminate/Database/Migrations/Migrator->run(Array, Array)
#19 C:/Users/oussa/Desktop/themeforest-uMqxCtcU-qovex-laravel-admin-dashboard-template/Qovex_Laravel_v3.0.0/Admin/vendor/laravel/framework/src/Illuminate/Database/Migrations/Migrator.php(641): Illuminate/Database/Console/Migrations/MigrateCommand->Illuminate/Database/Console/Migrations/{closure}()
#20 C:/Users/oussa/Desktop/themeforest-uMqxCtcU-qovex-laravel-admin-dashboard-template/Qovex_Laravel_v3.0.0/Admin/vendor/laravel/framework/src/Illuminate/Database/Console/Migrations/MigrateCommand.php(104): Illuminate/Database/Migrations/Migrator->usingConnection(NULL, Object(Closure))
#21 C:/Users/oussa/Desktop/themeforest-uMqxCtcU-qovex-laravel-admin-dashboard-template/Qovex_Laravel_v3.0.0/Admin/vendor/laravel/framework/src/Illuminate/Container/BoundMethod.php(36): Illuminate/Database/Console/Migrations/MigrateCommand->handle()
#22 C:/Users/oussa/Desktop/themeforest-uMqxCtcU-qovex-laravel-admin-dashboard-template/Qovex_Laravel_v3.0.0/Admin/vendor/laravel/framework/src/Illuminate/Container/Util.php(41): Illuminate/Container/BoundMethod::Illuminate/Container/{closure}()
#23 C:/Users/oussa/Desktop/themeforest-uMqxCtcU-qovex-laravel-admin-dashboard-template/Qovex_Laravel_v3.0.0/Admin/vendor/laravel/framework/src/Illuminate/Container/BoundMethod.php(93): Illuminate/Container/Util::unwrapIfClosure(Object(Closure))
#24 C:/Users/oussa/Desktop/themeforest-uMqxCtcU-qovex-laravel-admin-dashboard-template/Qovex_Laravel_v3.0.0/Admin/vendor/laravel/framework/src/Illuminate/Container/BoundMethod.php(37): Illuminate/Container/BoundMethod::callBoundMethod(Object(Illuminate/Foundation/Application), Array, Object(Closure))
#25 C:/Users/oussa/Desktop/themeforest-uMqxCtcU-qovex-laravel-admin-dashboard-template/Qovex_Laravel_v3.0.0/Admin/vendor/laravel/framework/src/Illuminate/Container/Container.php(662): Illuminate/Container/BoundMethod::call(Object(Illuminate/Foundation/Application), Array, Array, NULL)
#26 C:/Users/oussa/Desktop/themeforest-uMqxCtcU-qovex-laravel-admin-dashboard-template/Qovex_Laravel_v3.0.0/Admin/vendor/laravel/framework/src/Illuminate/Console/Command.php(211): Illuminate/Container/Container->call(Array)
#27 C:/Users/oussa/Desktop/themeforest-uMqxCtcU-qovex-laravel-admin-dashboard-template/Qovex_Laravel_v3.0.0/Admin/vendor/symfony/console/Command/Command.php(326): Illuminate/Console/Command->execute(Object(Symfony/Component/Console/Input/ArgvInput), Object(Illuminate/Console/OutputStyle))
#28 C:/Users/oussa/Desktop/themeforest-uMqxCtcU-qovex-laravel-admin-dashboard-template/Qovex_Laravel_v3.0.0/Admin/vendor/laravel/framework/src/Illuminate/Console/Command.php(181): Symfony/Component/Console/Command/Command->run(Object(Symfony/Component/Console/Input/ArgvInput), Object(Illuminate/Console/OutputStyle))
#29 C:/Users/oussa/Desktop/themeforest-uMqxCtcU-qovex-laravel-admin-dashboard-template/Qovex_Laravel_v3.0.0/Admin/vendor/symfony/console/Application.php(1106): Illuminate/Console/Command->run(Object(Symfony/Component/Console/Input/ArgvInput), Object(Symfony/Component/Console/Output/ConsoleOutput))
#30 C:/Users/oussa/Desktop/themeforest-uMqxCtcU-qovex-laravel-admin-dashboard-template/Qovex_Laravel_v3.0.0/Admin/vendor/symfony/console/Application.php(324): Symfony/Component/Console/Application->doRunCommand(Object(Illuminate/Database/Console/Migrations/MigrateCommand), Object(Symfony/Component/Console/Input/ArgvInput), Object(Symfony/Component/Console/Output/ConsoleOutput))
#31 C:/Users/oussa/Desktop/themeforest-uMqxCtcU-qovex-laravel-admin-dashboard-template/Qovex_Laravel_v3.0.0/Admin/vendor/symfony/console/Application.php(175): Symfony/Component/Console/Application->doRun(Object(Symfony/Component/Console/Input/ArgvInput), Object(Symfony/Component/Console/Output/ConsoleOutput))
#32 C:/Users/oussa/Desktop/themeforest-uMqxCtcU-qovex-laravel-admin-dashboard-template/Qovex_Laravel_v3.0.0/Admin/vendor/laravel/framework/src/Illuminate/Foundation/Console/Kernel.php(201): Symfony/Component/Console/Application->run(Object(Symfony/Component/Console/Input/ArgvInput), Object(Symfony/Component/Console/Output/ConsoleOutput))
#33 C:/Users/oussa/Desktop/themeforest-uMqxCtcU-qovex-laravel-admin-dashboard-template/Qovex_Laravel_v3.0.0/Admin/artisan(37): Illuminate/Foundation/Console/Kernel->handle(Object(Symfony/Component/Console/Input/ArgvInput), Object(Symfony/Component/Console/Output/ConsoleOutput))
#34 {main}
"} 
[2026-07-06 17:28:05] local.ERROR: file_put_contents(): Write of 59986 bytes failed with errno=28 No space left on device {"exception":"[object] (ErrorException(code: 0): file_put_contents(): Write of 59986 bytes failed with errno=28 No space left on device at C:/Users/oussa/Desktop/themeforest-uMqxCtcU-qovex-laravel-admin-dashboard-template/Qovex_Laravel_v3.0.0/Admin/vendor/laravel/framework/src/Illuminate/Filesystem/Filesystem.php:204)
[stacktrace]
#0 C:/Users/oussa/Desktop/themeforest-uMqxCtcU-qovex-laravel-admin-dashboard-template/Qovex_Laravel_v3.0.0/Admin/vendor/laravel/framework/src/Illuminate/Foundation/Bootstrap/HandleExceptions.php(255): Illuminate/Foundation/Bootstrap/HandleExceptions->handleError(8, 'file_put_conten...', 'C://Users//oussa//...', 204)
#1 [internal function]: Illuminate/Foundation/Bootstrap/HandleExceptions->Illuminate/Foundation/Bootstrap/{closure}(8, 'file_put_conten...', 'C://Users//oussa//...', 204)
#2 C:/Users/oussa/Desktop/themeforest-uMqxCtcU-qovex-laravel-admin-dashboard-template/Qovex_Laravel_v3.0.0/Admin/vendor/laravel/framework/src/Illuminate/Filesystem/Filesystem.php(204): file_put_contents('C://Users//oussa//...', '<?php $__env->s...', 0)
#3 C:/Users/oussa/Desktop/themeforest-uMqxCtcU-qovex-laravel-admin-dashboard-template/Qovex_Laravel_v3.0.0/Admin/vendor/laravel/framework/src/Illuminate/View/Compilers/BladeCompiler.php(194): Illuminate/Filesystem/Filesystem->put('C://Users//oussa//...', '<?php $__env->s...')
#4 C:/Users/oussa/Desktop/themeforest-uMqxCtcU-qovex-laravel-admin-dashboard-template/Qovex_Laravel_v3.0.0/Admin/vendor/laravel/framework/src/Illuminate/Foundation/Console/ViewCacheCommand.php(64): Illuminate/View/Compilers/BladeCompiler->compile('C://Users//oussa//...')
#5 [internal function]: Illuminate/Foundation/Console/ViewCacheCommand->Illuminate/Foundation/Console/{closure}(Object(Symfony/Component/Finder/SplFileInfo), 'C://Users//oussa//...')
#6 C:/Users/oussa/Desktop/themeforest-uMqxCtcU-qovex-laravel-admin-dashboard-template/Qovex_Laravel_v3.0.0/Admin/vendor/laravel/framework/src/Illuminate/Collections/Arr.php(600): array_map(Object(Closure), Array, Array)
#7 C:/Users/oussa/Desktop/themeforest-uMqxCtcU-qovex-laravel-admin-dashboard-template/Qovex_Laravel_v3.0.0/Admin/vendor/laravel/framework/src/Illuminate/Collections/Collection.php(778): Illuminate/Support/Arr::map(Array, Object(Closure))
#8 C:/Users/oussa/Desktop/themeforest-uMqxCtcU-qovex-laravel-admin-dashboard-template/Qovex_Laravel_v3.0.0/Admin/vendor/laravel/framework/src/Illuminate/Foundation/Console/ViewCacheCommand.php(65): Illuminate/Support/Collection->map(Object(Closure))
#9 C:/Users/oussa/Desktop/themeforest-uMqxCtcU-qovex-laravel-admin-dashboard-template/Qovex_Laravel_v3.0.0/Admin/vendor/laravel/framework/src/Illuminate/Foundation/Console/ViewCacheCommand.php(43): Illuminate/Foundation/Console/ViewCacheCommand->compileViews(Object(Illuminate/Support/Collection))
#10 C:/Users/oussa/Desktop/themeforest-uMqxCtcU-qovex-laravel-admin-dashboard-template/Qovex_Laravel_v3.0.0/Admin/vendor/laravel/framework/src/Illuminate/Collections/Traits/EnumeratesValues.php(240): Illuminate/Foundation/Console/ViewCacheCommand->Illuminate/Foundation/Console/{closure}('C://Users//oussa//...', 0)
#11 C:/Users/oussa/Desktop/themeforest-uMqxCtcU-qovex-laravel-admin-dashboard-template/Qovex_Laravel_v3.0.0/Admin/vendor/laravel/framework/src/Illuminate/Foundation/Console/ViewCacheCommand.php(44): Illuminate/Support/Collection->each(Object(Closure))
#12 C:/Users/oussa/Desktop/themeforest-uMqxCtcU-qovex-laravel-admin-dashboard-template/Qovex_Laravel_v3.0.0/Admin/vendor/laravel/framework/src/Illuminate/Container/BoundMethod.php(36): Illuminate/Foundation/Console/ViewCacheCommand->handle()
#13 C:/Users/oussa/Desktop/themeforest-uMqxCtcU-qovex-laravel-admin-dashboard-template/Qovex_Laravel_v3.0.0/Admin/vendor/laravel/framework/src/Illuminate/Container/Util.php(41): Illuminate/Container/BoundMethod::Illuminate/Container/{closure}()
#14 C:/Users/oussa/Desktop/themeforest-uMqxCtcU-qovex-laravel-admin-dashboard-template/Qovex_Laravel_v3.0.0/Admin/vendor/laravel/framework/src/Illuminate/Container/BoundMethod.php(93): Illuminate/Container/Util::unwrapIfClosure(Object(Closure))
#15 C:/Users/oussa/Desktop/themeforest-uMqxCtcU-qovex-laravel-admin-dashboard-template/Qovex_Laravel_v3.0.0/Admin/vendor/laravel/framework/src/Illuminate/Container/BoundMethod.php(37): Illuminate/Container/BoundMethod::callBoundMethod(Object(Illuminate/Foundation/Application), Array, Object(Closure))
#16 C:/Users/oussa/Desktop/themeforest-uMqxCtcU-qovex-laravel-admin-dashboard-template/Qovex_Laravel_v3.0.0/Admin/vendor/laravel/framework/src/Illuminate/Container/Container.php(662): Illuminate/Container/BoundMethod::call(Object(Illuminate/Foundation/Application), Array, Array, NULL)
#17 C:/Users/oussa/Desktop/themeforest-uMqxCtcU-qovex-laravel-admin-dashboard-template/Qovex_Laravel_v3.0.0/Admin/vendor/laravel/framework/src/Illuminate/Console/Command.php(211): Illuminate/Container/Container->call(Array)
#18 C:/Users/oussa/Desktop/themeforest-uMqxCtcU-qovex-laravel-admin-dashboard-template/Qovex_Laravel_v3.0.0/Admin/vendor/symfony/console/Command/Command.php(326): Illuminate/Console/Command->execute(Object(Symfony/Component/Console/Input/ArgvInput), Object(Illuminate/Console/OutputStyle))
#19 C:/Users/oussa/Desktop/themeforest-uMqxCtcU-qovex-laravel-admin-dashboard-template/Qovex_Laravel_v3.0.0/Admin/vendor/laravel/framework/src/Illuminate/Console/Command.php(181): Symfony/Component/Console/Command/Command->run(Object(Symfony/Component/Console/Input/ArgvInput), Object(Illuminate/Console/OutputStyle))
#20 C:/Users/oussa/Desktop/themeforest-uMqxCtcU-qovex-laravel-admin-dashboard-template/Qovex_Laravel_v3.0.0/Admin/vendor/symfony/console/Application.php(1106): Illuminate/Console/Command->run(Object(Symfony/Component/Console/Input/ArgvInput), Object(Symfony/Component/Console/Output/ConsoleOutput))
#21 C:/Users/oussa/Desktop/themeforest-uMqxCtcU-qovex-laravel-admin-dashboard-template/Qovex_Laravel_v3.0.0/Admin/vendor/symfony/console/Application.php(324): Symfony/Component/Console/Application->doRunCommand(Object(Illuminate/Foundation/Console/ViewCacheCommand), Object(Symfony/Component/Console/Input/ArgvInput), Object(Symfony/Component/Console/Output/ConsoleOutput))
#22 C:/Users/oussa/Desktop/themeforest-uMqxCtcU-qovex-laravel-admin-dashboard-template/Qovex_Laravel_v3.0.0/Admin/vendor/symfony/console/Application.php(175): Symfony/Component/Console/Application->doRun(Object(Symfony/Component/Console/Input/ArgvInput), Object(Symfony/Component/Console/Output/ConsoleOutput))
#23 C:/Users/oussa/Desktop/themeforest-uMqxCtcU-qovex-laravel-admin-dashboard-template/Qovex_Laravel_v3.0.0/Admin/vendor/laravel/framework/src/Illuminate/Foundation/Console/Kernel.php(201): Symfony/Component/Console/Application->run(Object(Symfony/Component/Console/Input/ArgvInput), Object(Symfony/Component/Console/Output/ConsoleOutput))
#24 C:/Users/oussa/Desktop/themeforest-uMqxCtcU-qovex-laravel-admin-dashboard-template/Qovex_Laravel_v3.0.0/Admin/artisan(37): Illuminate/Foundation/Console/Kernel->handle(Object(Symfony/Component/Console/Input/ArgvInput), Object(Symfony/Component/Console/Output/ConsoleOutput))
#25 {main}
"} 
[2026-08-07 17:50:18] local.ERROR: SQLSTATE[HY000] [1049] Unknown database 'ajinsafronet_wp_tkrpc' (Connection: mysql, SQL: select * from `permissions`) {"exception":"[object] (Illuminate\\Database\\QueryException(code: 1049): SQLSTATE[HY000] [1049] Unknown database 'ajinsafronet_wp_tkrpc' (Connection: mysql, SQL: select * from `permissions`) at C:/Users/oussa/Desktop/themeforest-uMqxCtcU-qovex-laravel-admin-dashboard-template/Qovex_Laravel_v3.0.0/Admin/vendor/laravel/framework/src/Illuminate/Database/Connection.php:829)
[stacktrace]
#0 C:/Users/oussa/Desktop/themeforest-uMqxCtcU-qovex-laravel-admin-dashboard-template/Qovex_Laravel_v3.0.0/Admin/vendor/laravel/framework/src/Illuminate/Database/Connection.php(783): Illuminate/Database/Connection->runQueryCallback('select * from `...', Array, Object(Closure))
#1 C:/Users/oussa/Desktop/themeforest-uMqxCtcU-qovex-laravel-admin-dashboard-template/Qovex_Laravel_v3.0.0/Admin/vendor/laravel/framework/src/Illuminate/Database/Connection.php(431): Illuminate/Database/Connection->run('select * from `...', Array, Object(Closure))
#2 C:/Users/oussa/Desktop/themeforest-uMqxCtcU-qovex-laravel-admin-dashboard-template/Qovex_Laravel_v3.0.0/Admin/vendor/laravel/framework/src/Illuminate/Database/Query/Builder.php(2914): Illuminate/Database/Connection->select('select * from `...', Array, true)
#3 C:/Users/oussa/Desktop/themeforest-uMqxCtcU-qovex-laravel-admin-dashboard-template/Qovex_Laravel_v3.0.0/Admin/vendor/laravel/framework/src/Illuminate/Database/Query/Builder.php(2902): Illuminate/Database/Query/Builder->runSelect()
#4 C:/Users/oussa/Desktop/themeforest-uMqxCtcU-qovex-laravel-admin-dashboard-template/Qovex_Laravel_v3.0.0/Admin/vendor/laravel/framework/src/Illuminate/Database/Query/Builder.php(3456): Illuminate/Database/Query/Builder->Illuminate/Database/Query/{closure}()
#5 C:/Users/oussa/Desktop/themeforest-uMqxCtcU-qovex-laravel-admin-dashboard-template/Qovex_Laravel_v3.0.0/Admin/vendor/laravel/framework/src/Illuminate/Database/Query/Builder.php(2903): Illuminate/Database/Query/Builder->onceWithColumns(Array, Object(Closure))
#6 C:/Users/oussa/Desktop/themeforest-uMqxCtcU-qovex-laravel-admin-dashboard-template/Qovex_Laravel_v3.0.0/Admin/vendor/laravel/framework/src/Illuminate/Database/Eloquent/Builder.php(739): Illuminate/Database/Query/Builder->get(Array)
#7 C:/Users/oussa/Desktop/themeforest-uMqxCtcU-qovex-laravel-admin-dashboard-template/Qovex_Laravel_v3.0.0/Admin/vendor/laravel/framework/src/Illuminate/Database/Eloquent/Builder.php(723): Illuminate/Database/Eloquent/Builder->getModels(Array)
#8 C:/Users/oussa/Desktop/themeforest-uMqxCtcU-qovex-laravel-admin-dashboard-template/Qovex_Laravel_v3.0.0/Admin/vendor/spatie/laravel-permission/src/PermissionRegistrar.php(304): Illuminate/Database/Eloquent/Builder->get()
#9 C:/Users/oussa/Desktop/themeforest-uMqxCtcU-qovex-laravel-admin-dashboard-template/Qovex_Laravel_v3.0.0/Admin/vendor/spatie/laravel-permission/src/PermissionRegistrar.php(341): Spatie/Permission/PermissionRegistrar->getPermissionsWithRoles()
#10 C:/Users/oussa/Desktop/themeforest-uMqxCtcU-qovex-laravel-admin-dashboard-template/Qovex_Laravel_v3.0.0/Admin/vendor/spatie/laravel-permission/src/PermissionRegistrar.php(222): Spatie/Permission/PermissionRegistrar->getSerializedPermissionsForCache()
#11 C:/Users/oussa/Desktop/themeforest-uMqxCtcU-qovex-laravel-admin-dashboard-template/Qovex_Laravel_v3.0.0/Admin/vendor/laravel/framework/src/Illuminate/Cache/Repository.php(396): Spatie/Permission/PermissionRegistrar->Spatie/Permission/{closure}()
#12 C:/Users/oussa/Desktop/themeforest-uMqxCtcU-qovex-laravel-admin-dashboard-template/Qovex_Laravel_v3.0.0/Admin/vendor/spatie/laravel-permission/src/PermissionRegistrar.php(223): Illuminate/Cache/Repository->remember('spatie.permissi...', Object(DateInterval), Object(Closure))
#13 C:/Users/oussa/Desktop/themeforest-uMqxCtcU-qovex-laravel-admin-dashboard-template/Qovex_Laravel_v3.0.0/Admin/vendor/spatie/laravel-permission/src/PermissionRegistrar.php(243): Spatie/Permission/PermissionRegistrar->loadPermissions()
#14 C:/Users/oussa/Desktop/themeforest-uMqxCtcU-qovex-laravel-admin-dashboard-template/Qovex_Laravel_v3.0.0/Admin/vendor/spatie/laravel-permission/src/Models/Permission.php(145): Spatie/Permission/PermissionRegistrar->getPermissions(Array, true)
#15 C:/Users/oussa/Desktop/themeforest-uMqxCtcU-qovex-laravel-admin-dashboard-template/Qovex_Laravel_v3.0.0/Admin/vendor/spatie/laravel-permission/src/Models/Permission.php(156): Spatie/Permission/Models/Permission::getPermissions(Array, true)
#16 C:/Users/oussa/Desktop/themeforest-uMqxCtcU-qovex-laravel-admin-dashboard-template/Qovex_Laravel_v3.0.0/Admin/vendor/spatie/laravel-permission/src/Models/Permission.php(129): Spatie/Permission/Models/Permission::getPermission(Array)
#17 C:/Users/oussa/Desktop/themeforest-uMqxCtcU-qovex-laravel-admin-dashboard-template/Qovex_Laravel_v3.0.0/Admin/database/seeders/AjinsafroRolesSeeder.php(98): Spatie/Permission/Models/Permission::findOrCreate('dashboard.view', 'web')
#18 C:/Users/oussa/Desktop/themeforest-uMqxCtcU-qovex-laravel-admin-dashboard-template/Qovex_Laravel_v3.0.0/Admin/database/seeders/AjinsafroRolesSeeder.php(25): Database/Seeders/AjinsafroRolesSeeder->ensurePermissionsExist()
#19 C:/Users/oussa/Desktop/themeforest-uMqxCtcU-qovex-laravel-admin-dashboard-template/Qovex_Laravel_v3.0.0/Admin/vendor/laravel/framework/src/Illuminate/Container/BoundMethod.php(36): Database/Seeders/AjinsafroRolesSeeder->run()
#20 C:/Users/oussa/Desktop/themeforest-uMqxCtcU-qovex-laravel-admin-dashboard-template/Qovex_Laravel_v3.0.0/Admin/vendor/laravel/framework/src/Illuminate/Container/Util.php(41): Illuminate/Container/BoundMethod::Illuminate/Container/{closure}()
#21 C:/Users/oussa/Desktop/themeforest-uMqxCtcU-qovex-laravel-admin-dashboard-template/Qovex_Laravel_v3.0.0/Admin/vendor/laravel/framework/src/Illuminate/Container/BoundMethod.php(93): Illuminate/Container/Util::unwrapIfClosure(Object(Closure))
#22 C:/Users/oussa/Desktop/themeforest-uMqxCtcU-qovex-laravel-admin-dashboard-template/Qovex_Laravel_v3.0.0/Admin/vendor/laravel/framework/src/Illuminate/Container/BoundMethod.php(37): Illuminate/Container/BoundMethod::callBoundMethod(Object(Illuminate/Foundation/Application), Array, Object(Closure))
#23 C:/Users/oussa/Desktop/themeforest-uMqxCtcU-qovex-laravel-admin-dashboard-template/Qovex_Laravel_v3.0.0/Admin/vendor/laravel/framework/src/Illuminate/Container/Container.php(662): Illuminate/Container/BoundMethod::call(Object(Illuminate/Foundation/Application), Array, Array, NULL)
#24 C:/Users/oussa/Desktop/themeforest-uMqxCtcU-qovex-laravel-admin-dashboard-template/Qovex_Laravel_v3.0.0/Admin/vendor/laravel/framework/src/Illuminate/Database/Seeder.php(184): Illuminate/Container/Container->call(Array, Array)
#25 C:/Users/oussa/Desktop/themeforest-uMqxCtcU-qovex-laravel-admin-dashboard-template/Qovex_Laravel_v3.0.0/Admin/vendor/laravel/framework/src/Illuminate/Database/Seeder.php(193): Illuminate/Database/Seeder->Illuminate/Database/{closure}()
#26 C:/Users/oussa/Desktop/themeforest-uMqxCtcU-qovex-laravel-admin-dashboard-template/Qovex_Laravel_v3.0.0/Admin/vendor/laravel/framework/src/Illuminate/Database/Console/Seeds/SeedCommand.php(70): Illuminate/Database/Seeder->__invoke()
#27 C:/Users/oussa/Desktop/themeforest-uMqxCtcU-qovex-laravel-admin-dashboard-template/Qovex_Laravel_v3.0.0/Admin/vendor/laravel/framework/src/Illuminate/Database/Eloquent/Concerns/GuardsAttributes.php(155): Illuminate/Database/Console/Seeds/SeedCommand->Illuminate/Database/Console/Seeds/{closure}()
#28 C:/Users/oussa/Desktop/themeforest-uMqxCtcU-qovex-laravel-admin-dashboard-template/Qovex_Laravel_v3.0.0/Admin/vendor/laravel/framework/src/Illuminate/Database/Console/Seeds/SeedCommand.php(71): Illuminate/Database/Eloquent/Model::unguarded(Object(Closure))
#29 C:/Users/oussa/Desktop/themeforest-uMqxCtcU-qovex-laravel-admin-dashboard-template/Qovex_Laravel_v3.0.0/Admin/vendor/laravel/framework/src/Illuminate/Container/BoundMethod.php(36): Illuminate/Database/Console/Seeds/SeedCommand->handle()
#30 C:/Users/oussa/Desktop/themeforest-uMqxCtcU-qovex-laravel-admin-dashboard-template/Qovex_Laravel_v3.0.0/Admin/vendor/laravel/framework/src/Illuminate/Container/Util.php(41): Illuminate/Container/BoundMethod::Illuminate/Container/{closure}()
#31 C:/Users/oussa/Desktop/themeforest-uMqxCtcU-qovex-laravel-admin-dashboard-template/Qovex_Laravel_v3.0.0/Admin/vendor/laravel/framework/src/Illuminate/Container/BoundMethod.php(93): Illuminate/Container/Util::unwrapIfClosure(Object(Closure))
#32 C:/Users/oussa/Desktop/themeforest-uMqxCtcU-qovex-laravel-admin-dashboard-template/Qovex_Laravel_v3.0.0/Admin/vendor/laravel/framework/src/Illuminate/Container/BoundMethod.php(37): Illuminate/Container/BoundMethod::callBoundMethod(Object(Illuminate/Foundation/Application), Array, Object(Closure))
#33 C:/Users/oussa/Desktop/themeforest-uMqxCtcU-qovex-laravel-admin-dashboard-template/Qovex_Laravel_v3.0.0/Admin/vendor/laravel/framework/src/Illuminate/Container/Container.php(662): Illuminate/Container/BoundMethod::call(Object(Illuminate/Foundation/Application), Array, Array, NULL)
#34 C:/Users/oussa/Desktop/themeforest-uMqxCtcU-qovex-laravel-admin-dashboard-template/Qovex_Laravel_v3.0.0/Admin/vendor/laravel/framework/src/Illuminate/Console/Command.php(211): Illuminate/Container/Container->call(Array)
#35 C:/Users/oussa/Desktop/themeforest-uMqxCtcU-qovex-laravel-admin-dashboard-template/Qovex_Laravel_v3.0.0/Admin/vendor/symfony/console/Command/Command.php(326): Illuminate/Console/Command->execute(Object(Symfony/Component/Console/Input/ArgvInput), Object(Illuminate/Console/OutputStyle))
#36 C:/Users/oussa/Desktop/themeforest-uMqxCtcU-qovex-laravel-admin-dashboard-template/Qovex_Laravel_v3.0.0/Admin/vendor/laravel/framework/src/Illuminate/Console/Command.php(181): Symfony/Component/Console/Command/Command->run(Object(Symfony/Component/Console/Input/ArgvInput), Object(Illuminate/Console/OutputStyle))
#37 C:/Users/oussa/Desktop/themeforest-uMqxCtcU-qovex-laravel-admin-dashboard-template/Qovex_Laravel_v3.0.0/Admin/vendor/symfony/console/Application.php(1106): Illuminate/Console/Command->run(Object(Symfony/Component/Console/Input/ArgvInput), Object(Symfony/Component/Console/Output/ConsoleOutput))
#38 C:/Users/oussa/Desktop/themeforest-uMqxCtcU-qovex-laravel-admin-dashboard-template/Qovex_Laravel_v3.0.0/Admin/vendor/symfony/console/Application.php(324): Symfony/Component/Console/Application->doRunCommand(Object(Illuminate/Database/Console/Seeds/SeedCommand), Object(Symfony/Component/Console/Input/ArgvInput), Object(Symfony/Component/Console/Output/ConsoleOutput))
#39 C:/Users/oussa/Desktop/themeforest-uMqxCtcU-qovex-laravel-admin-dashboard-template/Qovex_Laravel_v3.0.0/Admin/vendor/symfony/console/Application.php(175): Symfony/Component/Console/Application->doRun(Object(Symfony/Component/Console/Input/ArgvInput), Object(Symfony/Component/Console/Output/ConsoleOutput))
#40 C:/Users/oussa/Desktop/themeforest-uMqxCtcU-qovex-laravel-admin-dashboard-template/Qovex_Laravel_v3.0.0/Admin/vendor/laravel/framework/src/Illuminate/Foundation/Console/Kernel.php(201): Symfony/Component/Console/Application->run(Object(Symfony/Component/Console/Input/ArgvInput), Object(Symfony/Component/Console/Output/ConsoleOutput))
#41 C:/Users/oussa/Desktop/themeforest-uMqxCtcU-qovex-laravel-admin-dashboard-template/Qovex_Laravel_v3.0.0/Admin/artisan(37): Illuminate/Foundation/Console/Kernel->handle(Object(Symfony/Component/Console/Input/ArgvInput), Object(Symfony/Component/Console/Output/ConsoleOutput))
#42 {main}

[previous exception] [object] (PDOException(code: 1049): SQLSTATE[HY000] [1049] Unknown database 'ajinsafronet_wp_tkrpc' at C:/Users/oussa/Desktop/themeforest-uMqxCtcU-qovex-laravel-admin-dashboard-template/Qovex_Laravel_v3.0.0/Admin/vendor/laravel/framework/src/Illuminate/Database/Connectors/Connector.php:65)
[stacktrace]
#0 C:/Users/oussa/Desktop/themeforest-uMqxCtcU-qovex-laravel-admin-dashboard-template/Qovex_Laravel_v3.0.0/Admin/vendor/laravel/framework/src/Illuminate/Database/Connectors/Connector.php(65): PDO->__construct('mysql:host=127....', 'root', '', Array)
#1 C:/Users/oussa/Desktop/themeforest-uMqxCtcU-qovex-laravel-admin-dashboard-template/Qovex_Laravel_v3.0.0/Admin/vendor/laravel/framework/src/Illuminate/Database/Connectors/Connector.php(45): Illuminate/Database/Connectors/Connector->createPdoConnection('mysql:host=127....', 'root', '', Array)
#2 C:/Users/oussa/Desktop/themeforest-uMqxCtcU-qovex-laravel-admin-dashboard-template/Qovex_Laravel_v3.0.0/Admin/vendor/laravel/framework/src/Illuminate/Database/Connectors/MySqlConnector.php(24): Illuminate/Database/Connectors/Connector->createConnection('mysql:host=127....', Array, Array)
#3 C:/Users/oussa/Desktop/themeforest-uMqxCtcU-qovex-laravel-admin-dashboard-template/Qovex_Laravel_v3.0.0/Admin/vendor/laravel/framework/src/Illuminate/Database/Connectors/ConnectionFactory.php(184): Illuminate/Database/Connectors/MySqlConnector->connect(Array)
#4 [internal function]: Illuminate/Database/Connectors/ConnectionFactory->Illuminate/Database/Connectors/{closure}()
#5 C:/Users/oussa/Desktop/themeforest-uMqxCtcU-qovex-laravel-admin-dashboard-template/Qovex_Laravel_v3.0.0/Admin/vendor/laravel/framework/src/Illuminate/Database/Connection.php(1339): call_user_func(Object(Closure))
#6 C:/Users/oussa/Desktop/themeforest-uMqxCtcU-qovex-laravel-admin-dashboard-template/Qovex_Laravel_v3.0.0/Admin/vendor/laravel/framework/src/Illuminate/Database/Connection.php(1375): Illuminate/Database/Connection->getPdo()
#7 C:/Users/oussa/Desktop/themeforest-uMqxCtcU-qovex-laravel-admin-dashboard-template/Qovex_Laravel_v3.0.0/Admin/vendor/laravel/framework/src/Illuminate/Database/Connection.php(528): Illuminate/Database/Connection->getReadPdo()
#8 C:/Users/oussa/Desktop/themeforest-uMqxCtcU-qovex-laravel-admin-dashboard-template/Qovex_Laravel_v3.0.0/Admin/vendor/laravel/framework/src/Illuminate/Database/Connection.php(423): Illuminate/Database/Connection->getPdoForSelect(true)
#9 C:/Users/oussa/Desktop/themeforest-uMqxCtcU-qovex-laravel-admin-dashboard-template/Qovex_Laravel_v3.0.0/Admin/vendor/laravel/framework/src/Illuminate/Database/Connection.php(816): Illuminate/Database/Connection->Illuminate/Database/{closure}('select * from `...', Array)
#10 C:/Users/oussa/Desktop/themeforest-uMqxCtcU-qovex-laravel-admin-dashboard-template/Qovex_Laravel_v3.0.0/Admin/vendor/laravel/framework/src/Illuminate/Database/Connection.php(783): Illuminate/Database/Connection->runQueryCallback('select * from `...', Array, Object(Closure))
#11 C:/Users/oussa/Desktop/themeforest-uMqxCtcU-qovex-laravel-admin-dashboard-template/Qovex_Laravel_v3.0.0/Admin/vendor/laravel/framework/src/Illuminate/Database/Connection.php(431): Illuminate/Database/Connection->run('select * from `...', Array, Object(Closure))
#12 C:/Users/oussa/Desktop/themeforest-uMqxCtcU-qovex-laravel-admin-dashboard-template/Qovex_Laravel_v3.0.0/Admin/vendor/laravel/framework/src/Illuminate/Database/Query/Builder.php(2914): Illuminate/Database/Connection->select('select * from `...', Array, true)
#13 C:/Users/oussa/Desktop/themeforest-uMqxCtcU-qovex-laravel-admin-dashboard-template/Qovex_Laravel_v3.0.0/Admin/vendor/laravel/framework/src/Illuminate/Database/Query/Builder.php(2902): Illuminate/Database/Query/Builder->runSelect()
#14 C:/Users/oussa/Desktop/themeforest-uMqxCtcU-qovex-laravel-admin-dashboard-template/Qovex_Laravel_v3.0.0/Admin/vendor/laravel/framework/src/Illuminate/Database/Query/Builder.php(3456): Illuminate/Database/Query/Builder->Illuminate/Database/Query/{closure}()
#15 C:/Users/oussa/Desktop/themeforest-uMqxCtcU-qovex-laravel-admin-dashboard-template/Qovex_Laravel_v3.0.0/Admin/vendor/laravel/framework/src/Illuminate/Database/Query/Builder.php(2903): Illuminate/Database/Query/Builder->onceWithColumns(Array, Object(Closure))
#16 C:/Users/oussa/Desktop/themeforest-uMqxCtcU-qovex-laravel-admin-dashboard-template/Qovex_Laravel_v3.0.0/Admin/vendor/laravel/framework/src/Illuminate/Database/Eloquent/Builder.php(739): Illuminate/Database/Query/Builder->get(Array)
#17 C:/Users/oussa/Desktop/themeforest-uMqxCtcU-qovex-laravel-admin-dashboard-template/Qovex_Laravel_v3.0.0/Admin/vendor/laravel/framework/src/Illuminate/Database/Eloquent/Builder.php(723): Illuminate/Database/Eloquent/Builder->getModels(Array)
#18 C:/Users/oussa/Desktop/themeforest-uMqxCtcU-qovex-laravel-admin-dashboard-template/Qovex_Laravel_v3.0.0/Admin/vendor/spatie/laravel-permission/src/PermissionRegistrar.php(304): Illuminate/Database/Eloquent/Builder->get()
#19 C:/Users/oussa/Desktop/themeforest-uMqxCtcU-qovex-laravel-admin-dashboard-template/Qovex_Laravel_v3.0.0/Admin/vendor/spatie/laravel-permission/src/PermissionRegistrar.php(341): Spatie/Permission/PermissionRegistrar->getPermissionsWithRoles()
#20 C:/Users/oussa/Desktop/themeforest-uMqxCtcU-qovex-laravel-admin-dashboard-template/Qovex_Laravel_v3.0.0/Admin/vendor/spatie/laravel-permission/src/PermissionRegistrar.php(222): Spatie/Permission/PermissionRegistrar->getSerializedPermissionsForCache()
#21 C:/Users/oussa/Desktop/themeforest-uMqxCtcU-qovex-laravel-admin-dashboard-template/Qovex_Laravel_v3.0.0/Admin/vendor/laravel/framework/src/Illuminate/Cache/Repository.php(396): Spatie/Permission/PermissionRegistrar->Spatie/Permission/{closure}()
#22 C:/Users/oussa/Desktop/themeforest-uMqxCtcU-qovex-laravel-admin-dashboard-template/Qovex_Laravel_v3.0.0/Admin/vendor/spatie/laravel-permission/src/PermissionRegistrar.php(223): Illuminate/Cache/Repository->remember('spatie.permissi...', Object(DateInterval), Object(Closure))
#23 C:/Users/oussa/Desktop/themeforest-uMqxCtcU-qovex-laravel-admin-dashboard-template/Qovex_Laravel_v3.0.0/Admin/vendor/spatie/laravel-permission/src/PermissionRegistrar.php(243): Spatie/Permission/PermissionRegistrar->loadPermissions()
#24 C:/Users/oussa/Desktop/themeforest-uMqxCtcU-qovex-laravel-admin-dashboard-template/Qovex_Laravel_v3.0.0/Admin/vendor/spatie/laravel-permission/src/Models/Permission.php(145): Spatie/Permission/PermissionRegistrar->getPermissions(Array, true)
#25 C:/Users/oussa/Desktop/themeforest-uMqxCtcU-qovex-laravel-admin-dashboard-template/Qovex_Laravel_v3.0.0/Admin/vendor/spatie/laravel-permission/src/Models/Permission.php(156): Spatie/Permission/Models/Permission::getPermissions(Array, true)
#26 C:/Users/oussa/Desktop/themeforest-uMqxCtcU-qovex-laravel-admin-dashboard-template/Qovex_Laravel_v3.0.0/Admin/vendor/spatie/laravel-permission/src/Models/Permission.php(129): Spatie/Permission/Models/Permission::getPermission(Array)
#27 C:/Users/oussa/Desktop/themeforest-uMqxCtcU-qovex-laravel-admin-dashboard-template/Qovex_Laravel_v3.0.0/Admin/database/seeders/AjinsafroRolesSeeder.php(98): Spatie/Permission/Models/Permission::findOrCreate('dashboard.view', 'web')
#28 C:/Users/oussa/Desktop/themeforest-uMqxCtcU-qovex-laravel-admin-dashboard-template/Qovex_Laravel_v3.0.0/Admin/database/seeders/AjinsafroRolesSeeder.php(25): Database/Seeders/AjinsafroRolesSeeder->ensurePermissionsExist()
#29 C:/Users/oussa/Desktop/themeforest-uMqxCtcU-qovex-laravel-admin-dashboard-template/Qovex_Laravel_v3.0.0/Admin/vendor/laravel/framework/src/Illuminate/Container/BoundMethod.php(36): Database/Seeders/AjinsafroRolesSeeder->run()
#30 C:/Users/oussa/Desktop/themeforest-uMqxCtcU-qovex-laravel-admin-dashboard-template/Qovex_Laravel_v3.0.0/Admin/vendor/laravel/framework/src/Illuminate/Container/Util.php(41): Illuminate/Container/BoundMethod::Illuminate/Container/{closure}()
#31 C:/Users/oussa/Desktop/themeforest-uMqxCtcU-qovex-laravel-admin-dashboard-template/Qovex_Laravel_v3.0.0/Admin/vendor/laravel/framework/src/Illuminate/Container/BoundMethod.php(93): Illuminate/Container/Util::unwrapIfClosure(Object(Closure))
#32 C:/Users/oussa/Desktop/themeforest-uMqxCtcU-qovex-laravel-admin-dashboard-template/Qovex_Laravel_v3.0.0/Admin/vendor/laravel/framework/src/Illuminate/Container/BoundMethod.php(37): Illuminate/Container/BoundMethod::callBoundMethod(Object(Illuminate/Foundation/Application), Array, Object(Closure))
#33 C:/Users/oussa/Desktop/themeforest-uMqxCtcU-qovex-laravel-admin-dashboard-template/Qovex_Laravel_v3.0.0/Admin/vendor/laravel/framework/src/Illuminate/Container/Container.php(662): Illuminate/Container/BoundMethod::call(Object(Illuminate/Foundation/Application), Array, Array, NULL)
#34 C:/Users/oussa/Desktop/themeforest-uMqxCtcU-qovex-laravel-admin-dashboard-template/Qovex_Laravel_v3.0.0/Admin/vendor/laravel/framework/src/Illuminate/Database/Seeder.php(184): Illuminate/Container/Container->call(Array, Array)
#35 C:/Users/oussa/Desktop/themeforest-uMqxCtcU-qovex-laravel-admin-dashboard-template/Qovex_Laravel_v3.0.0/Admin/vendor/laravel/framework/src/Illuminate/Database/Seeder.php(193): Illuminate/Database/Seeder->Illuminate/Database/{closure}()
#36 C:/Users/oussa/Desktop/themeforest-uMqxCtcU-qovex-laravel-admin-dashboard-template/Qovex_Laravel_v3.0.0/Admin/vendor/laravel/framework/src/Illuminate/Database/Console/Seeds/SeedCommand.php(70): Illuminate/Database/Seeder->__invoke()
#37 C:/Users/oussa/Desktop/themeforest-uMqxCtcU-qovex-laravel-admin-dashboard-template/Qovex_Laravel_v3.0.0/Admin/vendor/laravel/framework/src/Illuminate/Database/Eloquent/Concerns/GuardsAttributes.php(155): Illuminate/Database/Console/Seeds/SeedCommand->Illuminate/Database/Console/Seeds/{closure}()
#38 C:/Users/oussa/Desktop/themeforest-uMqxCtcU-qovex-laravel-admin-dashboard-template/Qovex_Laravel_v3.0.0/Admin/vendor/laravel/framework/src/Illuminate/Database/Console/Seeds/SeedCommand.php(71): Illuminate/Database/Eloquent/Model::unguarded(Object(Closure))
#39 C:/Users/oussa/Desktop/themeforest-uMqxCtcU-qovex-laravel-admin-dashboard-template/Qovex_Laravel_v3.0.0/Admin/vendor/laravel/framework/src/Illuminate/Container/BoundMethod.php(36): Illuminate/Database/Console/Seeds/SeedCommand->handle()
#40 C:/Users/oussa/Desktop/themeforest-uMqxCtcU-qovex-laravel-admin-dashboard-template/Qovex_Laravel_v3.0.0/Admin/vendor/laravel/framework/src/Illuminate/Container/Util.php(41): Illuminate/Container/BoundMethod::Illuminate/Container/{closure}()
#41 C:/Users/oussa/Desktop/themeforest-uMqxCtcU-qovex-laravel-admin-dashboard-template/Qovex_Laravel_v3.0.0/Admin/vendor/laravel/framework/src/Illuminate/Container/BoundMethod.php(93): Illuminate/Container/Util::unwrapIfClosure(Object(Closure))
#42 C:/Users/oussa/Desktop/themeforest-uMqxCtcU-qovex-laravel-admin-dashboard-template/Qovex_Laravel_v3.0.0/Admin/vendor/laravel/framework/src/Illuminate/Container/BoundMethod.php(37): Illuminate/Container/BoundMethod::callBoundMethod(Object(Illuminate/Foundation/Application), Array, Object(Closure))
#43 C:/Users/oussa/Desktop/themeforest-uMqxCtcU-qovex-laravel-admin-dashboard-template/Qovex_Laravel_v3.0.0/Admin/vendor/laravel/framework/src/Illuminate/Container/Container.php(662): Illuminate/Container/BoundMethod::call(Object(Illuminate/Foundation/Application), Array, Array, NULL)
#44 C:/Users/oussa/Desktop/themeforest-uMqxCtcU-qovex-laravel-admin-dashboard-template/Qovex_Laravel_v3.0.0/Admin/vendor/laravel/framework/src/Illuminate/Console/Command.php(211): Illuminate/Container/Container->call(Array)
#45 C:/Users/oussa/Desktop/themeforest-uMqxCtcU-qovex-laravel-admin-dashboard-template/Qovex_Laravel_v3.0.0/Admin/vendor/symfony/console/Command/Command.php(326): Illuminate/Console/Command->execute(Object(Symfony/Component/Console/Input/ArgvInput), Object(Illuminate/Console/OutputStyle))
#46 C:/Users/oussa/Desktop/themeforest-uMqxCtcU-qovex-laravel-admin-dashboard-template/Qovex_Laravel_v3.0.0/Admin/vendor/laravel/framework/src/Illuminate/Console/Command.php(181): Symfony/Component/Console/Command/Command->run(Object(Symfony/Component/Console/Input/ArgvInput), Object(Illuminate/Console/OutputStyle))
#47 C:/Users/oussa/Desktop/themeforest-uMqxCtcU-qovex-laravel-admin-dashboard-template/Qovex_Laravel_v3.0.0/Admin/vendor/symfony/console/Application.php(1106): Illuminate/Console/Command->run(Object(Symfony/Component/Console/Input/ArgvInput), Object(Symfony/Component/Console/Output/ConsoleOutput))
#48 C:/Users/oussa/Desktop/themeforest-uMqxCtcU-qovex-laravel-admin-dashboard-template/Qovex_Laravel_v3.0.0/Admin/vendor/symfony/console/Application.php(324): Symfony/Component/Console/Application->doRunCommand(Object(Illuminate/Database/Console/Seeds/SeedCommand), Object(Symfony/Component/Console/Input/ArgvInput), Object(Symfony/Component/Console/Output/ConsoleOutput))
#49 C:/Users/oussa/Desktop/themeforest-uMqxCtcU-qovex-laravel-admin-dashboard-template/Qovex_Laravel_v3.0.0/Admin/vendor/symfony/console/Application.php(175): Symfony/Component/Console/Application->doRun(Object(Symfony/Component/Console/Input/ArgvInput), Object(Symfony/Component/Console/Output/ConsoleOutput))
#50 C:/Users/oussa/Desktop/themeforest-uMqxCtcU-qovex-laravel-admin-dashboard-template/Qovex_Laravel_v3.0.0/Admin/vendor/laravel/framework/src/Illuminate/Foundation/Console/Kernel.php(201): Symfony/Component/Console/Application->run(Object(Symfony/Component/Console/Input/ArgvInput), Object(Symfony/Component/Console/Output/ConsoleOutput))
#51 C:/Users/oussa/Desktop/themeforest-uMqxCtcU-qovex-laravel-admin-dashboard-template/Qovex_Laravel_v3.0.0/Admin/artisan(37): Illuminate/Foundation/Console/Kernel->handle(Object(Symfony/Component/Console/Input/ArgvInput), Object(Symfony/Component/Console/Output/ConsoleOutput))
#52 {main}
"} 
[2026-08-13 13:34:05] local.ERROR: PHP Parse error: Syntax error, unexpected '=' on line 1 {"exception":"[object] (Psy\\Exception\\ParseErrorException(code: 0): PHP Parse error: Syntax error, unexpected '=' on line 1 at C:/Users/oussa/Desktop/themeforest-uMqxCtcU-qovex-laravel-admin-dashboard-template/Qovex_Laravel_v3.0.0/Admin/vendor/psy/psysh/src/Exception/ParseErrorException.php:44)
[stacktrace]
#0 C:/Users/oussa/Desktop/themeforest-uMqxCtcU-qovex-laravel-admin-dashboard-template/Qovex_Laravel_v3.0.0/Admin/vendor/psy/psysh/src/CodeCleaner.php(488): Psy/Exception/ParseErrorException::fromParseError(Object(PhpParser/Error))
#1 C:/Users/oussa/Desktop/themeforest-uMqxCtcU-qovex-laravel-admin-dashboard-template/Qovex_Laravel_v3.0.0/Admin/vendor/psy/psysh/src/CodeCleaner.php(269): Psy/CodeCleaner->parse('<?php  = //App//M...', false)
#2 C:/Users/oussa/Desktop/themeforest-uMqxCtcU-qovex-laravel-admin-dashboard-template/Qovex_Laravel_v3.0.0/Admin/vendor/psy/psysh/src/Shell.php(985): Psy/CodeCleaner->clean(Array, false)
#3 C:/Users/oussa/Desktop/themeforest-uMqxCtcU-qovex-laravel-admin-dashboard-template/Qovex_Laravel_v3.0.0/Admin/vendor/psy/psysh/src/Shell.php(1018): Psy/Shell->addCode(' = //App//Models//...', true)
#4 C:/Users/oussa/Desktop/themeforest-uMqxCtcU-qovex-laravel-admin-dashboard-template/Qovex_Laravel_v3.0.0/Admin/vendor/psy/psysh/src/Shell.php(1562): Psy/Shell->setCode(' = //App//Models//...', true)
#5 C:/Users/oussa/Desktop/themeforest-uMqxCtcU-qovex-laravel-admin-dashboard-template/Qovex_Laravel_v3.0.0/Admin/vendor/laravel/tinker/src/Console/TinkerCommand.php(76): Psy/Shell->execute(' = //App//Models//...')
#6 C:/Users/oussa/Desktop/themeforest-uMqxCtcU-qovex-laravel-admin-dashboard-template/Qovex_Laravel_v3.0.0/Admin/vendor/laravel/framework/src/Illuminate/Container/BoundMethod.php(36): Laravel/Tinker/Console/TinkerCommand->handle()
#7 C:/Users/oussa/Desktop/themeforest-uMqxCtcU-qovex-laravel-admin-dashboard-template/Qovex_Laravel_v3.0.0/Admin/vendor/laravel/framework/src/Illuminate/Container/Util.php(41): Illuminate/Container/BoundMethod::Illuminate/Container/{closure}()
#8 C:/Users/oussa/Desktop/themeforest-uMqxCtcU-qovex-laravel-admin-dashboard-template/Qovex_Laravel_v3.0.0/Admin/vendor/laravel/framework/src/Illuminate/Container/BoundMethod.php(93): Illuminate/Container/Util::unwrapIfClosure(Object(Closure))
#9 C:/Users/oussa/Desktop/themeforest-uMqxCtcU-qovex-laravel-admin-dashboard-template/Qovex_Laravel_v3.0.0/Admin/vendor/laravel/framework/src/Illuminate/Container/BoundMethod.php(37): Illuminate/Container/BoundMethod::callBoundMethod(Object(Illuminate/Foundation/Application), Array, Object(Closure))
#10 C:/Users/oussa/Desktop/themeforest-uMqxCtcU-qovex-laravel-admin-dashboard-template/Qovex_Laravel_v3.0.0/Admin/vendor/laravel/framework/src/Illuminate/Container/Container.php(662): Illuminate/Container/BoundMethod::call(Object(Illuminate/Foundation/Application), Array, Array, NULL)
#11 C:/Users/oussa/Desktop/themeforest-uMqxCtcU-qovex-laravel-admin-dashboard-template/Qovex_Laravel_v3.0.0/Admin/vendor/laravel/framework/src/Illuminate/Console/Command.php(211): Illuminate/Container/Container->call(Array)
#12 C:/Users/oussa/Desktop/themeforest-uMqxCtcU-qovex-laravel-admin-dashboard-template/Qovex_Laravel_v3.0.0/Admin/vendor/symfony/console/Command/Command.php(326): Illuminate/Console/Command->execute(Object(Symfony/Component/Console/Input/ArgvInput), Object(Illuminate/Console/OutputStyle))
#13 C:/Users/oussa/Desktop/themeforest-uMqxCtcU-qovex-laravel-admin-dashboard-template/Qovex_Laravel_v3.0.0/Admin/vendor/laravel/framework/src/Illuminate/Console/Command.php(181): Symfony/Component/Console/Command/Command->run(Object(Symfony/Component/Console/Input/ArgvInput), Object(Illuminate/Console/OutputStyle))
#14 C:/Users/oussa/Desktop/themeforest-uMqxCtcU-qovex-laravel-admin-dashboard-template/Qovex_Laravel_v3.0.0/Admin/vendor/symfony/console/Application.php(1106): Illuminate/Console/Command->run(Object(Symfony/Component/Console/Input/ArgvInput), Object(Symfony/Component/Console/Output/ConsoleOutput))
#15 C:/Users/oussa/Desktop/themeforest-uMqxCtcU-qovex-laravel-admin-dashboard-template/Qovex_Laravel_v3.0.0/Admin/vendor/symfony/console/Application.php(324): Symfony/Component/Console/Application->doRunCommand(Object(Laravel/Tinker/Console/TinkerCommand), Object(Symfony/Component/Console/Input/ArgvInput), Object(Symfony/Component/Console/Output/ConsoleOutput))
#16 C:/Users/oussa/Desktop/themeforest-uMqxCtcU-qovex-laravel-admin-dashboard-template/Qovex_Laravel_v3.0.0/Admin/vendor/symfony/console/Application.php(175): Symfony/Component/Console/Application->doRun(Object(Symfony/Component/Console/Input/ArgvInput), Object(Symfony/Component/Console/Output/ConsoleOutput))
#17 C:/Users/oussa/Desktop/themeforest-uMqxCtcU-qovex-laravel-admin-dashboard-template/Qovex_Laravel_v3.0.0/Admin/vendor/laravel/framework/src/Illuminate/Foundation/Console/Kernel.php(201): Symfony/Component/Console/Application->run(Object(Symfony/Component/Console/Input/ArgvInput), Object(Symfony/Component/Console/Output/ConsoleOutput))
#18 C:/Users/oussa/Desktop/themeforest-uMqxCtcU-qovex-laravel-admin-dashboard-template/Qovex_Laravel_v3.0.0/Admin/artisan(37): Illuminate/Foundation/Console/Kernel->handle(Object(Symfony/Component/Console/Input/ArgvInput), Object(Symfony/Component/Console/Output/ConsoleOutput))
#19 {main}
"} 
[2026-09-09 12:33:24] testing.ERROR: Failed to create WP tour from Laravel {"voyage_id":1,"error":"SQLSTATE[HY000]: General error: 1 no such table: cFdgeZ_posts (Connection: wp, SQL: insert into \"cFdgeZ_posts\" (\"to_ping\", \"pinged\", \"post_password\", \"post_content_filtered\", \"guid\", \"post_parent\", \"menu_order\", \"post_mime_type\", \"comment_count\", \"post_date\", \"post_date_gmt\", \"post_modified\", \"post_modified_gmt\", \"post_status\", \"comment_status\", \"ping_status\", \"post_type\", \"post_title\", \"post_name\", \"post_content\", \"post_excerpt\") values (, , , , , 0, 0, , 0, 2026-09-09 12:33:24, 2026-09-09 12:33:24, 2026-09-09 12:33:24, 2026-09-09 12:33:24, draft, closed, closed, st_tours, Circuit vide, circuit-vide, , ))"} 
[2026-09-09 12:33:24] testing.ERROR: Auto-sync failed on create {"voyage_id":1,"error":"SQLSTATE[HY000]: General error: 1 no such table: cFdgeZ_posts (Connection: wp, SQL: insert into \"cFdgeZ_posts\" (\"to_ping\", \"pinged\", \"post_password\", \"post_content_filtered\", \"guid\", \"post_parent\", \"menu_order\", \"post_mime_type\", \"comment_count\", \"post_date\", \"post_date_gmt\", \"post_modified\", \"post_modified_gmt\", \"post_status\", \"comment_status\", \"ping_status\", \"post_type\", \"post_title\", \"post_name\", \"post_content\", \"post_excerpt\") values (, , , , , 0, 0, , 0, 2026-09-09 12:33:24, 2026-09-09 12:33:24, 2026-09-09 12:33:24, 2026-09-09 12:33:24, draft, closed, closed, st_tours, Circuit vide, circuit-vide, , ))"} 
[2026-09-09 12:33:35] testing.ERROR: Failed to create WP tour from Laravel {"voyage_id":1,"error":"SQLSTATE[HY000]: General error: 1 no such table: cFdgeZ_posts (Connection: wp, SQL: insert into \"cFdgeZ_posts\" (\"to_ping\", \"pinged\", \"post_password\", \"post_content_filtered\", \"guid\", \"post_parent\", \"menu_order\", \"post_mime_type\", \"comment_count\", \"post_date\", \"post_date_gmt\", \"post_modified\", \"post_modified_gmt\", \"post_status\", \"comment_status\", \"ping_status\", \"post_type\", \"post_title\", \"post_name\", \"post_content\", \"post_excerpt\") values (, , , , , 0, 0, , 0, 2026-09-09 12:33:35, 2026-09-09 12:33:35, 2026-09-09 12:33:35, 2026-09-09 12:33:35, draft, closed, closed, st_tours, Circuit Sud, circuit-sud, , ))"} 
[2026-09-09 12:33:35] testing.ERROR: Auto-sync failed on create {"voyage_id":1,"error":"SQLSTATE[HY000]: General error: 1 no such table: cFdgeZ_posts (Connection: wp, SQL: insert into \"cFdgeZ_posts\" (\"to_ping\", \"pinged\", \"post_password\", \"post_content_filtered\", \"guid\", \"post_parent\", \"menu_order\", \"post_mime_type\", \"comment_count\", \"post_date\", \"post_date_gmt\", \"post_modified\", \"post_modified_gmt\", \"post_status\", \"comment_status\", \"ping_status\", \"post_type\", \"post_title\", \"post_name\", \"post_content\", \"post_excerpt\") values (, , , , , 0, 0, , 0, 2026-09-09 12:33:35, 2026-09-09 12:33:35, 2026-09-09 12:33:35, 2026-09-09 12:33:35, draft, closed, closed, st_tours, Circuit Sud, circuit-sud, , ))"} 
[2026-09-09 12:33:35] testing.ERROR: syntax error, unexpected token "endforeach", expecting end of file {"view":{"view":"C:\\aji\\themeforest-uMqxCtcU-qovex-laravel-admin-dashboard-template\\Qovex_Laravel_v3.0.0\\Admin\\resources\\views\\admin\\finance\\control\\suppliers\\index.blade.php","data":{"errors":"<pre class=sf-dump id=sf-dump-1914335282 data-indent-pad=\"  \"><span class=sf-dump-note>Illuminate\\Support\\ViewErrorBag</span> {<a class=sf-dump-ref>#4663</a><samp data-depth=1 class=sf-dump-expanded>
  #<span class=sf-dump-protected title=\"Protected property\">bags</span>: []
</samp>}
</pre><script>Sfdump(\"sf-dump-1914335282\", {\"maxDepth\":3,\"maxStringLength\":160})</script>
","suppliers":"<pre class=sf-dump id=sf-dump-413425286 data-indent-pad=\"  \"><span class=sf-dump-note>Illuminate\\Pagination\\LengthAwarePaginator</span> {<a class=sf-dump-ref>#3621</a><samp data-depth=1 class=sf-dump-expanded>
  #<span class=sf-dump-protected title=\"Protected property\">items</span>: <span class=\"sf-dump-note sf-dump-ellipsization\" title=\"Illuminate\\Database\\Eloquent\\Collection
\"><span class=\"sf-dump-ellipsis sf-dump-ellipsis-note\">Illuminate\\Database\\Eloquent</span><span class=\"sf-dump-ellipsis sf-dump-ellipsis-note\">\\</span><span class=\"sf-dump-ellipsis-tail\">Collection</span></span> {<a class=sf-dump-ref>#5293</a><samp data-depth=2 class=sf-dump-compact>
    #<span class=sf-dump-protected title=\"Protected property\">items</span>: <span class=sf-dump-note>array:1</span> [<samp data-depth=3 class=sf-dump-compact>
      <span class=sf-dump-index>0</span> => <span class=\"sf-dump-note sf-dump-ellipsization\" title=\"App\\Models\\FinanceSupplier
\"><span class=\"sf-dump-ellipsis sf-dump-ellipsis-note\">App\\Models</span><span class=\"sf-dump-ellipsis sf-dump-ellipsis-note\">\\</span><span class=\"sf-dump-ellipsis-tail\">FinanceSupplier</span></span> {<a class=sf-dump-ref>#5368</a> &#8230;31}
    </samp>]
    #<span class=sf-dump-protected title=\"Protected property\">escapeWhenCastingToString</span>: <span class=sf-dump-const>false</span>
  </samp>}
  #<span class=sf-dump-protected title=\"Protected property\">perPage</span>: <span class=sf-dump-num>30</span>
  #<span class=sf-dump-protected title=\"Protected property\">currentPage</span>: <span class=sf-dump-num>1</span>
  #<span class=sf-dump-protected title=\"Protected property\">path</span>: \"<span class=sf-dump-str title=\"45 characters\">http://127.0.0.1:8000/admin/finance/suppliers</span>\"
  #<span class=sf-dump-protected title=\"Protected property\">query</span>: []
  #<span class=sf-dump-protected title=\"Protected property\">fragment</span>: <span class=sf-dump-const>null</span>
  #<span class=sf-dump-protected title=\"Protected property\">pageName</span>: \"<span class=sf-dump-str title=\"4 characters\">page</span>\"
  +<span class=sf-dump-public title=\"Public property\">onEachSide</span>: <span class=sf-dump-num>3</span>
  #<span class=sf-dump-protected title=\"Protected property\">options</span>: <span class=sf-dump-note>array:2</span> [<samp data-depth=2 class=sf-dump-compact>
    \"<span class=sf-dump-key>path</span>\" => \"<span class=sf-dump-str title=\"45 characters\">http://127.0.0.1:8000/admin/finance/suppliers</span>\"
    \"<span class=sf-dump-key>pageName</span>\" => \"<span class=sf-dump-str title=\"4 characters\">page</span>\"
  </samp>]
  #<span class=sf-dump-protected title=\"Protected property\">total</span>: <span class=sf-dump-num>1</span>
  #<span class=sf-dump-protected title=\"Protected property\">lastPage</span>: <span class=sf-dump-num>1</span>
</samp>}
</pre><script>Sfdump(\"sf-dump-413425286\", {\"maxDepth\":3,\"maxStringLength\":160})</script>
","filters":"<pre class=sf-dump id=sf-dump-1542298240 data-indent-pad=\"  \"><span class=sf-dump-note>array:8</span> [<samp data-depth=1 class=sf-dump-expanded>
  \"<span class=sf-dump-key>date_from</span>\" => <span class=sf-dump-const>null</span>
  \"<span class=sf-dump-key>date_to</span>\" => <span class=sf-dump-const>null</span>
  \"<span class=sf-dump-key>voyage_id</span>\" => <span class=sf-dump-const>null</span>
  \"<span class=sf-dump-key>departure_id</span>\" => <span class=sf-dump-const>null</span>
  \"<span class=sf-dump-key>branch_id</span>\" => <span class=sf-dump-const>null</span>
  \"<span class=sf-dump-key>status</span>\" => <span class=sf-dump-const>null</span>
  \"<span class=sf-dump-key>profitability</span>\" => <span class=sf-dump-const>null</span>
  \"<span class=sf-dump-key>search</span>\" => <span class=sf-dump-const>null</span>
</samp>]
</pre><script>Sfdump(\"sf-dump-1542298240\", {\"maxDepth\":3,\"maxStringLength\":160})</script>
","typeLabels":"<pre class=sf-dump id=sf-dump-1304273561 data-indent-pad=\"  \"><span class=sf-dump-note>array:10</span> [<samp data-depth=1 class=sf-dump-expanded>
  \"<span class=sf-dump-key>hotel</span>\" => \"<span class=sf-dump-str title=\"5 characters\">Hotel</span>\"
  \"<span class=sf-dump-key>compagnie_aerienne</span>\" => \"<span class=sf-dump-str title=\"18 characters\">Compagnie aerienne</span>\"
  \"<span class=sf-dump-key>transporteur</span>\" => \"<span class=sf-dump-str title=\"12 characters\">Transporteur</span>\"
  \"<span class=sf-dump-key>guide</span>\" => \"<span class=sf-dump-str title=\"5 characters\">Guide</span>\"
  \"<span class=sf-dump-key>activite</span>\" => \"<span class=sf-dump-str title=\"8 characters\">Activite</span>\"
  \"<span class=sf-dump-key>restaurant</span>\" => \"<span class=sf-dump-str title=\"10 characters\">Restaurant</span>\"
  \"<span class=sf-dump-key>assurance</span>\" => \"<span class=sf-dump-str title=\"9 characters\">Assurance</span>\"
  \"<span class=sf-dump-key>visa</span>\" => \"<span class=sf-dump-str title=\"4 characters\">Visa</span>\"
  \"<span class=sf-dump-key>prestataire_structure</span>\" => \"<span class=sf-dump-str title=\"21 characters\">Prestataire structure</span>\"
  \"<span class=sf-dump-key>autre</span>\" => \"<span class=sf-dump-str title=\"5 characters\">Autre</span>\"
</samp>]
</pre><script>Sfdump(\"sf-dump-1304273561\", {\"maxDepth\":3,\"maxStringLength\":160})</script>
"}},"userId":2,"exception":"[object] (Spatie\\LaravelIgnition\\Exceptions\\ViewException(code: 0): syntax error, unexpected token \"endforeach\", expecting end of file at C:/aji/themeforest-uMqxCtcU-qovex-laravel-admin-dashboard-template/Qovex_Laravel_v3.0.0/Admin/resources/views/admin/finance/control/suppliers/index.blade.php:83)
[stacktrace]
#0 C:/aji/themeforest-uMqxCtcU-qovex-laravel-admin-dashboard-template/Qovex_Laravel_v3.0.0/Admin/vendor/laravel/framework/src/Illuminate/Filesystem/Filesystem.php(124): Illuminate/Filesystem/Filesystem::Illuminate/Filesystem/{closure}()
#1 C:/aji/themeforest-uMqxCtcU-qovex-laravel-admin-dashboard-template/Qovex_Laravel_v3.0.0/Admin/vendor/laravel/framework/src/Illuminate/View/Engines/PhpEngine.php(58): Illuminate/Filesystem/Filesystem->getRequire('C://aji//themefor...', Array)
#2 C:/aji/themeforest-uMqxCtcU-qovex-laravel-admin-dashboard-template/Qovex_Laravel_v3.0.0/Admin/vendor/laravel/framework/src/Illuminate/View/Engines/CompilerEngine.php(72): Illuminate/View/Engines/PhpEngine->evaluatePath('C://aji//themefor...', Array)
#3 C:/aji/themeforest-uMqxCtcU-qovex-laravel-admin-dashboard-template/Qovex_Laravel_v3.0.0/Admin/vendor/laravel/framework/src/Illuminate/View/View.php(207): Illuminate/View/Engines/CompilerEngine->get('C://aji//themefor...', Array)
#4 C:/aji/themeforest-uMqxCtcU-qovex-laravel-admin-dashboard-template/Qovex_Laravel_v3.0.0/Admin/vendor/laravel/framework/src/Illuminate/View/View.php(190): Illuminate/View/View->getContents()
#5 C:/aji/themeforest-uMqxCtcU-qovex-laravel-admin-dashboard-template/Qovex_Laravel_v3.0.0/Admin/vendor/laravel/framework/src/Illuminate/View/View.php(159): Illuminate/View/View->renderContents()
#6 C:/aji/themeforest-uMqxCtcU-qovex-laravel-admin-dashboard-template/Qovex_Laravel_v3.0.0/Admin/vendor/laravel/framework/src/Illuminate/Http/Response.php(69): Illuminate/View/View->render()
#7 C:/aji/themeforest-uMqxCtcU-qovex-laravel-admin-dashboard-template/Qovex_Laravel_v3.0.0/Admin/vendor/laravel/framework/src/Illuminate/Http/Response.php(35): Illuminate/Http/Response->setContent(Object(Illuminate/View/View))
#8 C:/aji/themeforest-uMqxCtcU-qovex-laravel-admin-dashboard-template/Qovex_Laravel_v3.0.0/Admin/vendor/laravel/framework/src/Illuminate/Routing/Router.php(918): Illuminate/Http/Response->__construct(Object(Illuminate/View/View), 200, Array)
#9 C:/aji/themeforest-uMqxCtcU-qovex-laravel-admin-dashboard-template/Qovex_Laravel_v3.0.0/Admin/vendor/laravel/framework/src/Illuminate/Routing/Router.php(885): Illuminate/Routing/Router::toResponse(Object(Illuminate/Http/Request), Object(Illuminate/View/View))
#10 C:/aji/themeforest-uMqxCtcU-qovex-laravel-admin-dashboard-template/Qovex_Laravel_v3.0.0/Admin/vendor/laravel/framework/src/Illuminate/Routing/Router.php(805): Illuminate/Routing/Router->prepareResponse(Object(Illuminate/Http/Request), Object(Illuminate/View/View))
#11 C:/aji/themeforest-uMqxCtcU-qovex-laravel-admin-dashboard-template/Qovex_Laravel_v3.0.0/Admin/vendor/laravel/framework/src/Illuminate/Pipeline/Pipeline.php(144): Illuminate/Routing/Router->Illuminate/Routing/{closure}(Object(Illuminate/Http/Request))
#12 C:/aji/themeforest-uMqxCtcU-qovex-laravel-admin-dashboard-template/Qovex_Laravel_v3.0.0/Admin/app/Http/Middleware/EnsureFinanceControlAccess.php(34): Illuminate/Pipeline/Pipeline->Illuminate/Pipeline/{closure}(Object(Illuminate/Http/Request))
#13 C:/aji/themeforest-uMqxCtcU-qovex-laravel-admin-dashboard-template/Qovex_Laravel_v3.0.0/Admin/vendor/laravel/framework/src/Illuminate/Pipeline/Pipeline.php(183): App/Http/Middleware/EnsureFinanceControlAccess->handle(Object(Illuminate/Http/Request), Object(Closure))
#14 C:/aji/themeforest-uMqxCtcU-qovex-laravel-admin-dashboard-template/Qovex_Laravel_v3.0.0/Admin/app/Http/Middleware/EnsureRoutePermission.php(65): Illuminate/Pipeline/Pipeline->Illuminate/Pipeline/{closure}(Object(Illuminate/Http/Request))
#15 C:/aji/themeforest-uMqxCtcU-qovex-laravel-admin-dashboard-template/Qovex_Laravel_v3.0.0/Admin/vendor/laravel/framework/src/Illuminate/Pipeline/Pipeline.php(183): App/Http/Middleware/EnsureRoutePermission->handle(Object(Illuminate/Http/Request), Object(Closure))
#16 C:/aji/themeforest-uMqxCtcU-qovex-laravel-admin-dashboard-template/Qovex_Laravel_v3.0.0/Admin/app/Http/Middleware/EnsureNotLocked.php(17): Illuminate/Pipeline/Pipeline->Illuminate/Pipeline/{closure}(Object(Illuminate/Http/Request))
#17 C:/aji/themeforest-uMqxCtcU-qovex-laravel-admin-dashboard-template/Qovex_Laravel_v3.0.0/Admin/vendor/laravel/framework/src/Illuminate/Pipeline/Pipeline.php(183): App/Http/Middleware/EnsureNotLocked->handle(Object(Illuminate/Http/Request), Object(Closure))
#18 C:/aji/themeforest-uMqxCtcU-qovex-laravel-admin-dashboard-template/Qovex_Laravel_v3.0.0/Admin/app/Http/Middleware/AdminMiddleware.php(52): Illuminate/Pipeline/Pipeline->Illuminate/Pipeline/{closure}(Object(Illuminate/Http/Request))
#19 C:/aji/themeforest-uMqxCtcU-qovex-laravel-admin-dashboard-template/Qovex_Laravel_v3.0.0/Admin/vendor/laravel/framework/src/Illuminate/Pipeline/Pipeline.php(183): App/Http/Middleware/AdminMiddleware->handle(Object(Illuminate/Http/Request), Object(Closure))
#20 C:/aji/themeforest-uMqxCtcU-qovex-laravel-admin-dashboard-template/Qovex_Laravel_v3.0.0/Admin/vendor/laravel/framework/src/Illuminate/Routing/Middleware/SubstituteBindings.php(50): Illuminate/Pipeline/Pipeline->Illuminate/Pipeline/{closure}(Object(Illuminate/Http/Request))
#21 C:/aji/themeforest-uMqxCtcU-qovex-laravel-admin-dashboard-template/Qovex_Laravel_v3.0.0/Admin/vendor/laravel/framework/src/Illuminate/Pipeline/Pipeline.php(183): Illuminate/Routing/Middleware/SubstituteBindings->handle(Object(Illuminate/Http/Request), Object(Closure))
#22 C:/aji/themeforest-uMqxCtcU-qovex-laravel-admin-dashboard-template/Qovex_Laravel_v3.0.0/Admin/vendor/laravel/framework/src/Illuminate/Auth/Middleware/Authenticate.php(57): Illuminate/Pipeline/Pipeline->Illuminate/Pipeline/{closure}(Object(Illuminate/Http/Request))
#23 C:/aji/themeforest-uMqxCtcU-qovex-laravel-admin-dashboard-template/Qovex_Laravel_v3.0.0/Admin/vendor/laravel/framework/src/Illuminate/Pipeline/Pipeline.php(183): Illuminate/Auth/Middleware/Authenticate->handle(Object(Illuminate/Http/Request), Object(Closure))
#24 C:/aji/themeforest-uMqxCtcU-qovex-laravel-admin-dashboard-template/Qovex_Laravel_v3.0.0/Admin/vendor/laravel/framework/src/Illuminate/Foundation/Http/Middleware/VerifyCsrfToken.php(78): Illuminate/Pipeline/Pipeline->Illuminate/Pipeline/{closure}(Object(Illuminate/Http/Request))
#25 C:/aji/themeforest-uMqxCtcU-qovex-laravel-admin-dashboard-template/Qovex_Laravel_v3.0.0/Admin/vendor/laravel/framework/src/Illuminate/Pipeline/Pipeline.php(183): Illuminate/Foundation/Http/Middleware/VerifyCsrfToken->handle(Object(Illuminate/Http/Request), Object(Closure))
#26 C:/aji/themeforest-uMqxCtcU-qovex-laravel-admin-dashboard-template/Qovex_Laravel_v3.0.0/Admin/vendor/laravel/framework/src/Illuminate/View/Middleware/ShareErrorsFromSession.php(49): Illuminate/Pipeline/Pipeline->Illuminate/Pipeline/{closure}(Object(Illuminate/Http/Request))
#27 C:/aji/themeforest-uMqxCtcU-qovex-laravel-admin-dashboard-template/Qovex_Laravel_v3.0.0/Admin/vendor/laravel/framework/src/Illuminate/Pipeline/Pipeline.php(183): Illuminate/View/Middleware/ShareErrorsFromSession->handle(Object(Illuminate/Http/Request), Object(Closure))
#28 C:/aji/themeforest-uMqxCtcU-qovex-laravel-admin-dashboard-template/Qovex_Laravel_v3.0.0/Admin/vendor/laravel/framework/src/Illuminate/Session/Middleware/StartSession.php(121): Illuminate/Pipeline/Pipeline->Illuminate/Pipeline/{closure}(Object(Illuminate/Http/Request))
#29 C:/aji/themeforest-uMqxCtcU-qovex-laravel-admin-dashboard-template/Qovex_Laravel_v3.0.0/Admin/vendor/laravel/framework/src/Illuminate/Session/Middleware/StartSession.php(64): Illuminate/Session/Middleware/StartSession->handleStatefulRequest(Object(Illuminate/Http/Request), Object(Illuminate/Session/Store), Object(Closure))
#30 C:/aji/themeforest-uMqxCtcU-qovex-laravel-admin-dashboard-template/Qovex_Laravel_v3.0.0/Admin/vendor/laravel/framework/src/Illuminate/Pipeline/Pipeline.php(183): Illuminate/Session/Middleware/StartSession->handle(Object(Illuminate/Http/Request), Object(Closure))
#31 C:/aji/themeforest-uMqxCtcU-qovex-laravel-admin-dashboard-template/Qovex_Laravel_v3.0.0/Admin/vendor/laravel/framework/src/Illuminate/Cookie/Middleware/AddQueuedCookiesToResponse.php(37): Illuminate/Pipeline/Pipeline->Illuminate/Pipeline/{closure}(Object(Illuminate/Http/Request))
#32 C:/aji/themeforest-uMqxCtcU-qovex-laravel-admin-dashboard-template/Qovex_Laravel_v3.0.0/Admin/vendor/laravel/framework/src/Illuminate/Pipeline/Pipeline.php(183): Illuminate/Cookie/Middleware/AddQueuedCookiesToResponse->handle(Object(Illuminate/Http/Request), Object(Closure))
#33 C:/aji/themeforest-uMqxCtcU-qovex-laravel-admin-dashboard-template/Qovex_Laravel_v3.0.0/Admin/vendor/laravel/framework/src/Illuminate/Cookie/Middleware/EncryptCookies.php(67): Illuminate/Pipeline/Pipeline->Illuminate/Pipeline/{closure}(Object(Illuminate/Http/Request))
#34 C:/aji/themeforest-uMqxCtcU-qovex-laravel-admin-dashboard-template/Qovex_Laravel_v3.0.0/Admin/vendor/laravel/framework/src/Illuminate/Pipeline/Pipeline.php(183): Illuminate/Cookie/Middleware/EncryptCookies->handle(Object(Illuminate/Http/Request), Object(Closure))
#35 C:/aji/themeforest-uMqxCtcU-qovex-laravel-admin-dashboard-template/Qovex_Laravel_v3.0.0/Admin/vendor/laravel/framework/src/Illuminate/Pipeline/Pipeline.php(119): Illuminate/Pipeline/Pipeline->Illuminate/Pipeline/{closure}(Object(Illuminate/Http/Request))
#36 C:/aji/themeforest-uMqxCtcU-qovex-laravel-admin-dashboard-template/Qovex_Laravel_v3.0.0/Admin/vendor/laravel/framework/src/Illuminate/Routing/Router.php(805): Illuminate/Pipeline/Pipeline->then(Object(Closure))
#37 C:/aji/themeforest-uMqxCtcU-qovex-laravel-admin-dashboard-template/Qovex_Laravel_v3.0.0/Admin/vendor/laravel/framework/src/Illuminate/Routing/Router.php(784): Illuminate/Routing/Router->runRouteWithinStack(Object(Illuminate/Routing/Route), Object(Illuminate/Http/Request))
#38 C:/aji/themeforest-uMqxCtcU-qovex-laravel-admin-dashboard-template/Qovex_Laravel_v3.0.0/Admin/vendor/laravel/framework/src/Illuminate/Routing/Router.php(748): Illuminate/Routing/Router->runRoute(Object(Illuminate/Http/Request), Object(Illuminate/Routing/Route))
#39 C:/aji/themeforest-uMqxCtcU-qovex-laravel-admin-dashboard-template/Qovex_Laravel_v3.0.0/Admin/vendor/laravel/framework/src/Illuminate/Routing/Router.php(737): Illuminate/Routing/Router->dispatchToRoute(Object(Illuminate/Http/Request))
#40 C:/aji/themeforest-uMqxCtcU-qovex-laravel-admin-dashboard-template/Qovex_Laravel_v3.0.0/Admin/vendor/laravel/framework/src/Illuminate/Foundation/Http/Kernel.php(200): Illuminate/Routing/Router->dispatch(Object(Illuminate/Http/Request))
#41 C:/aji/themeforest-uMqxCtcU-qovex-laravel-admin-dashboard-template/Qovex_Laravel_v3.0.0/Admin/vendor/laravel/framework/src/Illuminate/Pipeline/Pipeline.php(144): Illuminate/Foundation/Http/Kernel->Illuminate/Foundation/Http/{closure}(Object(Illuminate/Http/Request))
#42 C:/aji/themeforest-uMqxCtcU-qovex-laravel-admin-dashboard-template/Qovex_Laravel_v3.0.0/Admin/vendor/laravel/framework/src/Illuminate/Foundation/Http/Middleware/TransformsRequest.php(21): Illuminate/Pipeline/Pipeline->Illuminate/Pipeline/{closure}(Object(Illuminate/Http/Request))
#43 C:/aji/themeforest-uMqxCtcU-qovex-laravel-admin-dashboard-template/Qovex_Laravel_v3.0.0/Admin/vendor/laravel/framework/src/Illuminate/Foundation/Http/Middleware/ConvertEmptyStringsToNull.php(31): Illuminate/Foundation/Http/Middleware/TransformsRequest->handle(Object(Illuminate/Http/Request), Object(Closure))
#44 C:/aji/themeforest-uMqxCtcU-qovex-laravel-admin-dashboard-template/Qovex_Laravel_v3.0.0/Admin/vendor/laravel/framework/src/Illuminate/Pipeline/Pipeline.php(183): Illuminate/Foundation/Http/Middleware/ConvertEmptyStringsToNull->handle(Object(Illuminate/Http/Request), Object(Closure))
#45 C:/aji/themeforest-uMqxCtcU-qovex-laravel-admin-dashboard-template/Qovex_Laravel_v3.0.0/Admin/vendor/laravel/framework/src/Illuminate/Foundation/Http/Middleware/TransformsRequest.php(21): Illuminate/Pipeline/Pipeline->Illuminate/Pipeline/{closure}(Object(Illuminate/Http/Request))
#46 C:/aji/themeforest-uMqxCtcU-qovex-laravel-admin-dashboard-template/Qovex_Laravel_v3.0.0/Admin/vendor/laravel/framework/src/Illuminate/Foundation/Http/Middleware/TrimStrings.php(40): Illuminate/Foundation/Http/Middleware/TransformsRequest->handle(Object(Illuminate/Http/Request), Object(Closure))
#47 C:/aji/themeforest-uMqxCtcU-qovex-laravel-admin-dashboard-template/Qovex_Laravel_v3.0.0/Admin/vendor/laravel/framework/src/Illuminate/Pipeline/Pipeline.php(183): Illuminate/Foundation/Http/Middleware/TrimStrings->handle(Object(Illuminate/Http/Request), Object(Closure))
#48 C:/aji/themeforest-uMqxCtcU-qovex-laravel-admin-dashboard-template/Qovex_Laravel_v3.0.0/Admin/vendor/laravel/framework/src/Illuminate/Foundation/Http/Middleware/ValidatePostSize.php(27): Illuminate/Pipeline/Pipeline->Illuminate/Pipeline/{closure}(Object(Illuminate/Http/Request))
#49 C:/aji/themeforest-uMqxCtcU-qovex-laravel-admin-dashboard-template/Qovex_Laravel_v3.0.0/Admin/vendor/laravel/framework/src/Illuminate/Pipeline/Pipeline.php(183): Illuminate/Foundation/Http/Middleware/ValidatePostSize->handle(Object(Illuminate/Http/Request), Object(Closure))
#50 C:/aji/themeforest-uMqxCtcU-qovex-laravel-admin-dashboard-template/Qovex_Laravel_v3.0.0/Admin/vendor/laravel/framework/src/Illuminate/Foundation/Http/Middleware/PreventRequestsDuringMaintenance.php(99): Illuminate/Pipeline/Pipeline->Illuminate/Pipeline/{closure}(Object(Illuminate/Http/Request))
#51 C:/aji/themeforest-uMqxCtcU-qovex-laravel-admin-dashboard-template/Qovex_Laravel_v3.0.0/Admin/vendor/laravel/framework/src/Illuminate/Pipeline/Pipeline.php(183): Illuminate/Foundation/Http/Middleware/PreventRequestsDuringMaintenance->handle(Object(Illuminate/Http/Request), Object(Closure))
#52 C:/aji/themeforest-uMqxCtcU-qovex-laravel-admin-dashboard-template/Qovex_Laravel_v3.0.0/Admin/vendor/laravel/framework/src/Illuminate/Http/Middleware/HandleCors.php(49): Illuminate/Pipeline/Pipeline->Illuminate/Pipeline/{closure}(Object(Illuminate/Http/Request))
#53 C:/aji/themeforest-uMqxCtcU-qovex-laravel-admin-dashboard-template/Qovex_Laravel_v3.0.0/Admin/vendor/laravel/framework/src/Illuminate/Pipeline/Pipeline.php(183): Illuminate/Http/Middleware/HandleCors->handle(Object(Illuminate/Http/Request), Object(Closure))
#54 C:/aji/themeforest-uMqxCtcU-qovex-laravel-admin-dashboard-template/Qovex_Laravel_v3.0.0/Admin/vendor/laravel/framework/src/Illuminate/Http/Middleware/TrustProxies.php(39): Illuminate/Pipeline/Pipeline->Illuminate/Pipeline/{closure}(Object(Illuminate/Http/Request))
#55 C:/aji/themeforest-uMqxCtcU-qovex-laravel-admin-dashboard-template/Qovex_Laravel_v3.0.0/Admin/vendor/laravel/framework/src/Illuminate/Pipeline/Pipeline.php(183): Illuminate/Http/Middleware/TrustProxies->handle(Object(Illuminate/Http/Request), Object(Closure))
#56 C:/aji/themeforest-uMqxCtcU-qovex-laravel-admin-dashboard-template/Qovex_Laravel_v3.0.0/Admin/vendor/laravel/framework/src/Illuminate/Pipeline/Pipeline.php(119): Illuminate/Pipeline/Pipeline->Illuminate/Pipeline/{closure}(Object(Illuminate/Http/Request))
#57 C:/aji/themeforest-uMqxCtcU-qovex-laravel-admin-dashboard-template/Qovex_Laravel_v3.0.0/Admin/vendor/laravel/framework/src/Illuminate/Foundation/Http/Kernel.php(175): Illuminate/Pipeline/Pipeline->then(Object(Closure))
#58 C:/aji/themeforest-uMqxCtcU-qovex-laravel-admin-dashboard-template/Qovex_Laravel_v3.0.0/Admin/vendor/laravel/framework/src/Illuminate/Foundation/Http/Kernel.php(144): Illuminate/Foundation/Http/Kernel->sendRequestThroughRouter(Object(Illuminate/Http/Request))
#59 C:/aji/themeforest-uMqxCtcU-qovex-laravel-admin-dashboard-template/Qovex_Laravel_v3.0.0/Admin/vendor/laravel/framework/src/Illuminate/Foundation/Testing/Concerns/MakesHttpRequests.php(585): Illuminate/Foundation/Http/Kernel->handle(Object(Illuminate/Http/Request))
#60 C:/aji/themeforest-uMqxCtcU-qovex-laravel-admin-dashboard-template/Qovex_Laravel_v3.0.0/Admin/vendor/laravel/framework/src/Illuminate/Foundation/Testing/Concerns/MakesHttpRequests.php(346): Illuminate/Foundation/Testing/TestCase->call('GET', 'http://127.0.0....', Array, Array, Array, Array)
#61 C:/aji/themeforest-uMqxCtcU-qovex-laravel-admin-dashboard-template/Qovex_Laravel_v3.0.0/Admin/tests/Feature/FinanceControlModuleTest.php(241): Illuminate/Foundation/Testing/TestCase->get('http://127.0.0....')
#62 C:/aji/themeforest-uMqxCtcU-qovex-laravel-admin-dashboard-template/Qovex_Laravel_v3.0.0/Admin/vendor/phpunit/phpunit/src/Framework/TestCase.php(1548): Tests/Feature/FinanceControlModuleTest->test_admin_can_access_every_finance_control_page()
#63 C:/aji/themeforest-uMqxCtcU-qovex-laravel-admin-dashboard-template/Qovex_Laravel_v3.0.0/Admin/vendor/phpunit/phpunit/src/Framework/TestCase.php(686): PHPUnit/Framework/TestCase->runTest()
#64 C:/aji/themeforest-uMqxCtcU-qovex-laravel-admin-dashboard-template/Qovex_Laravel_v3.0.0/Admin/vendor/phpunit/phpunit/src/Framework/TestRunner.php(106): PHPUnit/Framework/TestCase->runBare()
#65 C:/aji/themeforest-uMqxCtcU-qovex-laravel-admin-dashboard-template/Qovex_Laravel_v3.0.0/Admin/vendor/phpunit/phpunit/src/Framework/TestCase.php(516): PHPUnit/Framework/TestRunner->run(Object(Tests/Feature/FinanceControlModuleTest))
#66 C:/aji/themeforest-uMqxCtcU-qovex-laravel-admin-dashboard-template/Qovex_Laravel_v3.0.0/Admin/vendor/phpunit/phpunit/src/Framework/TestSuite.php(374): PHPUnit/Framework/TestCase->run()
#67 C:/aji/themeforest-uMqxCtcU-qovex-laravel-admin-dashboard-template/Qovex_Laravel_v3.0.0/Admin/vendor/phpunit/phpunit/src/Framework/TestSuite.php(374): PHPUnit/Framework/TestSuite->run()
#68 C:/aji/themeforest-uMqxCtcU-qovex-laravel-admin-dashboard-template/Qovex_Laravel_v3.0.0/Admin/vendor/phpunit/phpunit/src/Framework/TestSuite.php(374): PHPUnit/Framework/TestSuite->run()
#69 C:/aji/themeforest-uMqxCtcU-qovex-laravel-admin-dashboard-template/Qovex_Laravel_v3.0.0/Admin/vendor/phpunit/phpunit/src/TextUI/TestRunner.php(64): PHPUnit/Framework/TestSuite->run()
#70 C:/aji/themeforest-uMqxCtcU-qovex-laravel-admin-dashboard-template/Qovex_Laravel_v3.0.0/Admin/vendor/phpunit/phpunit/src/TextUI/Application.php(204): PHPUnit/TextUI/TestRunner->run(Object(PHPUnit/TextUI/Configuration/Configuration), Object(PHPUnit/Runner/ResultCache/DefaultResultCache), Object(PHPUnit/Framework/TestSuite))
#71 C:/aji/themeforest-uMqxCtcU-qovex-laravel-admin-dashboard-template/Qovex_Laravel_v3.0.0/Admin/vendor/phpunit/phpunit/phpunit(104): PHPUnit/TextUI/Application->run(Array)
#72 C:/aji/themeforest-uMqxCtcU-qovex-laravel-admin-dashboard-template/Qovex_Laravel_v3.0.0/Admin/vendor/bin/phpunit(122): include('C://aji//themefor...')
#73 {main}

[previous exception] [object] (ParseError(code: 0): syntax error, unexpected token \"endforeach\", expecting end of file at C:/aji/themeforest-uMqxCtcU-qovex-laravel-admin-dashboard-template/Qovex_Laravel_v3.0.0/Admin/storage/framework/views/2840844b0889d9aa5fd536c7ba576438.php:83)
[stacktrace]
#0 C:/aji/themeforest-uMqxCtcU-qovex-laravel-admin-dashboard-template/Qovex_Laravel_v3.0.0/Admin/vendor/laravel/framework/src/Illuminate/Filesystem/Filesystem.php(124): Illuminate/Filesystem/Filesystem::Illuminate/Filesystem/{closure}()
#1 C:/aji/themeforest-uMqxCtcU-qovex-laravel-admin-dashboard-template/Qovex_Laravel_v3.0.0/Admin/vendor/laravel/framework/src/Illuminate/View/Engines/PhpEngine.php(58): Illuminate/Filesystem/Filesystem->getRequire('C://aji//themefor...', Array)
#2 C:/aji/themeforest-uMqxCtcU-qovex-laravel-admin-dashboard-template/Qovex_Laravel_v3.0.0/Admin/vendor/laravel/framework/src/Illuminate/View/Engines/CompilerEngine.php(72): Illuminate/View/Engines/PhpEngine->evaluatePath('C://aji//themefor...', Array)
#3 C:/aji/themeforest-uMqxCtcU-qovex-laravel-admin-dashboard-template/Qovex_Laravel_v3.0.0/Admin/vendor/laravel/framework/src/Illuminate/View/View.php(207): Illuminate/View/Engines/CompilerEngine->get('C://aji//themefor...', Array)
#4 C:/aji/themeforest-uMqxCtcU-qovex-laravel-admin-dashboard-template/Qovex_Laravel_v3.0.0/Admin/vendor/laravel/framework/src/Illuminate/View/View.php(190): Illuminate/View/View->getContents()
#5 C:/aji/themeforest-uMqxCtcU-qovex-laravel-admin-dashboard-template/Qovex_Laravel_v3.0.0/Admin/vendor/laravel/framework/src/Illuminate/View/View.php(159): Illuminate/View/View->renderContents()
#6 C:/aji/themeforest-uMqxCtcU-qovex-laravel-admin-dashboard-template/Qovex_Laravel_v3.0.0/Admin/vendor/laravel/framework/src/Illuminate/Http/Response.php(69): Illuminate/View/View->render()
#7 C:/aji/themeforest-uMqxCtcU-qovex-laravel-admin-dashboard-template/Qovex_Laravel_v3.0.0/Admin/vendor/laravel/framework/src/Illuminate/Http/Response.php(35): Illuminate/Http/Response->setContent(Object(Illuminate/View/View))
#8 C:/aji/themeforest-uMqxCtcU-qovex-laravel-admin-dashboard-template/Qovex_Laravel_v3.0.0/Admin/vendor/laravel/framework/src/Illuminate/Routing/Router.php(918): Illuminate/Http/Response->__construct(Object(Illuminate/View/View), 200, Array)
#9 C:/aji/themeforest-uMqxCtcU-qovex-laravel-admin-dashboard-template/Qovex_Laravel_v3.0.0/Admin/vendor/laravel/framework/src/Illuminate/Routing/Router.php(885): Illuminate/Routing/Router::toResponse(Object(Illuminate/Http/Request), Object(Illuminate/View/View))
#10 C:/aji/themeforest-uMqxCtcU-qovex-laravel-admin-dashboard-template/Qovex_Laravel_v3.0.0/Admin/vendor/laravel/framework/src/Illuminate/Routing/Router.php(805): Illuminate/Routing/Router->prepareResponse(Object(Illuminate/Http/Request), Object(Illuminate/View/View))
#11 C:/aji/themeforest-uMqxCtcU-qovex-laravel-admin-dashboard-template/Qovex_Laravel_v3.0.0/Admin/vendor/laravel/framework/src/Illuminate/Pipeline/Pipeline.php(144): Illuminate/Routing/Router->Illuminate/Routing/{closure}(Object(Illuminate/Http/Request))
#12 C:/aji/themeforest-uMqxCtcU-qovex-laravel-admin-dashboard-template/Qovex_Laravel_v3.0.0/Admin/app/Http/Middleware/EnsureFinanceControlAccess.php(34): Illuminate/Pipeline/Pipeline->Illuminate/Pipeline/{closure}(Object(Illuminate/Http/Request))
#13 C:/aji/themeforest-uMqxCtcU-qovex-laravel-admin-dashboard-template/Qovex_Laravel_v3.0.0/Admin/vendor/laravel/framework/src/Illuminate/Pipeline/Pipeline.php(183): App/Http/Middleware/EnsureFinanceControlAccess->handle(Object(Illuminate/Http/Request), Object(Closure))
#14 C:/aji/themeforest-uMqxCtcU-qovex-laravel-admin-dashboard-template/Qovex_Laravel_v3.0.0/Admin/app/Http/Middleware/EnsureRoutePermission.php(65): Illuminate/Pipeline/Pipeline->Illuminate/Pipeline/{closure}(Object(Illuminate/Http/Request))
#15 C:/aji/themeforest-uMqxCtcU-qovex-laravel-admin-dashboard-template/Qovex_Laravel_v3.0.0/Admin/vendor/laravel/framework/src/Illuminate/Pipeline/Pipeline.php(183): App/Http/Middleware/EnsureRoutePermission->handle(Object(Illuminate/Http/Request), Object(Closure))
#16 C:/aji/themeforest-uMqxCtcU-qovex-laravel-admin-dashboard-template/Qovex_Laravel_v3.0.0/Admin/app/Http/Middleware/EnsureNotLocked.php(17): Illuminate/Pipeline/Pipeline->Illuminate/Pipeline/{closure}(Object(Illuminate/Http/Request))
#17 C:/aji/themeforest-uMqxCtcU-qovex-laravel-admin-dashboard-template/Qovex_Laravel_v3.0.0/Admin/vendor/laravel/framework/src/Illuminate/Pipeline/Pipeline.php(183): App/Http/Middleware/EnsureNotLocked->handle(Object(Illuminate/Http/Request), Object(Closure))
#18 C:/aji/themeforest-uMqxCtcU-qovex-laravel-admin-dashboard-template/Qovex_Laravel_v3.0.0/Admin/app/Http/Middleware/AdminMiddleware.php(52): Illuminate/Pipeline/Pipeline->Illuminate/Pipeline/{closure}(Object(Illuminate/Http/Request))
#19 C:/aji/themeforest-uMqxCtcU-qovex-laravel-admin-dashboard-template/Qovex_Laravel_v3.0.0/Admin/vendor/laravel/framework/src/Illuminate/Pipeline/Pipeline.php(183): App/Http/Middleware/AdminMiddleware->handle(Object(Illuminate/Http/Request), Object(Closure))
#20 C:/aji/themeforest-uMqxCtcU-qovex-laravel-admin-dashboard-template/Qovex_Laravel_v3.0.0/Admin/vendor/laravel/framework/src/Illuminate/Routing/Middleware/SubstituteBindings.php(50): Illuminate/Pipeline/Pipeline->Illuminate/Pipeline/{closure}(Object(Illuminate/Http/Request))
#21 C:/aji/themeforest-uMqxCtcU-qovex-laravel-admin-dashboard-template/Qovex_Laravel_v3.0.0/Admin/vendor/laravel/framework/src/Illuminate/Pipeline/Pipeline.php(183): Illuminate/Routing/Middleware/SubstituteBindings->handle(Object(Illuminate/Http/Request), Object(Closure))
#22 C:/aji/themeforest-uMqxCtcU-qovex-laravel-admin-dashboard-template/Qovex_Laravel_v3.0.0/Admin/vendor/laravel/framework/src/Illuminate/Auth/Middleware/Authenticate.php(57): Illuminate/Pipeline/Pipeline->Illuminate/Pipeline/{closure}(Object(Illuminate/Http/Request))
#23 C:/aji/themeforest-uMqxCtcU-qovex-laravel-admin-dashboard-template/Qovex_Laravel_v3.0.0/Admin/vendor/laravel/framework/src/Illuminate/Pipeline/Pipeline.php(183): Illuminate/Auth/Middleware/Authenticate->handle(Object(Illuminate/Http/Request), Object(Closure))
#24 C:/aji/themeforest-uMqxCtcU-qovex-laravel-admin-dashboard-template/Qovex_Laravel_v3.0.0/Admin/vendor/laravel/framework/src/Illuminate/Foundation/Http/Middleware/VerifyCsrfToken.php(78): Illuminate/Pipeline/Pipeline->Illuminate/Pipeline/{closure}(Object(Illuminate/Http/Request))
#25 C:/aji/themeforest-uMqxCtcU-qovex-laravel-admin-dashboard-template/Qovex_Laravel_v3.0.0/Admin/vendor/laravel/framework/src/Illuminate/Pipeline/Pipeline.php(183): Illuminate/Foundation/Http/Middleware/VerifyCsrfToken->handle(Object(Illuminate/Http/Request), Object(Closure))
#26 C:/aji/themeforest-uMqxCtcU-qovex-laravel-admin-dashboard-template/Qovex_Laravel_v3.0.0/Admin/vendor/laravel/framework/src/Illuminate/View/Middleware/ShareErrorsFromSession.php(49): Illuminate/Pipeline/Pipeline->Illuminate/Pipeline/{closure}(Object(Illuminate/Http/Request))
#27 C:/aji/themeforest-uMqxCtcU-qovex-laravel-admin-dashboard-template/Qovex_Laravel_v3.0.0/Admin/vendor/laravel/framework/src/Illuminate/Pipeline/Pipeline.php(183): Illuminate/View/Middleware/ShareErrorsFromSession->handle(Object(Illuminate/Http/Request), Object(Closure))
#28 C:/aji/themeforest-uMqxCtcU-qovex-laravel-admin-dashboard-template/Qovex_Laravel_v3.0.0/Admin/vendor/laravel/framework/src/Illuminate/Session/Middleware/StartSession.php(121): Illuminate/Pipeline/Pipeline->Illuminate/Pipeline/{closure}(Object(Illuminate/Http/Request))
#29 C:/aji/themeforest-uMqxCtcU-qovex-laravel-admin-dashboard-template/Qovex_Laravel_v3.0.0/Admin/vendor/laravel/framework/src/Illuminate/Session/Middleware/StartSession.php(64): Illuminate/Session/Middleware/StartSession->handleStatefulRequest(Object(Illuminate/Http/Request), Object(Illuminate/Session/Store), Object(Closure))
#30 C:/aji/themeforest-uMqxCtcU-qovex-laravel-admin-dashboard-template/Qovex_Laravel_v3.0.0/Admin/vendor/laravel/framework/src/Illuminate/Pipeline/Pipeline.php(183): Illuminate/Session/Middleware/StartSession->handle(Object(Illuminate/Http/Request), Object(Closure))
#31 C:/aji/themeforest-uMqxCtcU-qovex-laravel-admin-dashboard-template/Qovex_Laravel_v3.0.0/Admin/vendor/laravel/framework/src/Illuminate/Cookie/Middleware/AddQueuedCookiesToResponse.php(37): Illuminate/Pipeline/Pipeline->Illuminate/Pipeline/{closure}(Object(Illuminate/Http/Request))
#32 C:/aji/themeforest-uMqxCtcU-qovex-laravel-admin-dashboard-template/Qovex_Laravel_v3.0.0/Admin/vendor/laravel/framework/src/Illuminate/Pipeline/Pipeline.php(183): Illuminate/Cookie/Middleware/AddQueuedCookiesToResponse->handle(Object(Illuminate/Http/Request), Object(Closure))
#33 C:/aji/themeforest-uMqxCtcU-qovex-laravel-admin-dashboard-template/Qovex_Laravel_v3.0.0/Admin/vendor/laravel/framework/src/Illuminate/Cookie/Middleware/EncryptCookies.php(67): Illuminate/Pipeline/Pipeline->Illuminate/Pipeline/{closure}(Object(Illuminate/Http/Request))
#34 C:/aji/themeforest-uMqxCtcU-qovex-laravel-admin-dashboard-template/Qovex_Laravel_v3.0.0/Admin/vendor/laravel/framework/src/Illuminate/Pipeline/Pipeline.php(183): Illuminate/Cookie/Middleware/EncryptCookies->handle(Object(Illuminate/Http/Request), Object(Closure))
#35 C:/aji/themeforest-uMqxCtcU-qovex-laravel-admin-dashboard-template/Qovex_Laravel_v3.0.0/Admin/vendor/laravel/framework/src/Illuminate/Pipeline/Pipeline.php(119): Illuminate/Pipeline/Pipeline->Illuminate/Pipeline/{closure}(Object(Illuminate/Http/Request))
#36 C:/aji/themeforest-uMqxCtcU-qovex-laravel-admin-dashboard-template/Qovex_Laravel_v3.0.0/Admin/vendor/laravel/framework/src/Illuminate/Routing/Router.php(805): Illuminate/Pipeline/Pipeline->then(Object(Closure))
#37 C:/aji/themeforest-uMqxCtcU-qovex-laravel-admin-dashboard-template/Qovex_Laravel_v3.0.0/Admin/vendor/laravel/framework/src/Illuminate/Routing/Router.php(784): Illuminate/Routing/Router->runRouteWithinStack(Object(Illuminate/Routing/Route), Object(Illuminate/Http/Request))
#38 C:/aji/themeforest-uMqxCtcU-qovex-laravel-admin-dashboard-template/Qovex_Laravel_v3.0.0/Admin/vendor/laravel/framework/src/Illuminate/Routing/Router.php(748): Illuminate/Routing/Router->runRoute(Object(Illuminate/Http/Request), Object(Illuminate/Routing/Route))
#39 C:/aji/themeforest-uMqxCtcU-qovex-laravel-admin-dashboard-template/Qovex_Laravel_v3.0.0/Admin/vendor/laravel/framework/src/Illuminate/Routing/Router.php(737): Illuminate/Routing/Router->dispatchToRoute(Object(Illuminate/Http/Request))
#40 C:/aji/themeforest-uMqxCtcU-qovex-laravel-admin-dashboard-template/Qovex_Laravel_v3.0.0/Admin/vendor/laravel/framework/src/Illuminate/Foundation/Http/Kernel.php(200): Illuminate/Routing/Router->dispatch(Object(Illuminate/Http/Request))
#41 C:/aji/themeforest-uMqxCtcU-qovex-laravel-admin-dashboard-template/Qovex_Laravel_v3.0.0/Admin/vendor/laravel/framework/src/Illuminate/Pipeline/Pipeline.php(144): Illuminate/Foundation/Http/Kernel->Illuminate/Foundation/Http/{closure}(Object(Illuminate/Http/Request))
#42 C:/aji/themeforest-uMqxCtcU-qovex-laravel-admin-dashboard-template/Qovex_Laravel_v3.0.0/Admin/vendor/laravel/framework/src/Illuminate/Foundation/Http/Middleware/TransformsRequest.php(21): Illuminate/Pipeline/Pipeline->Illuminate/Pipeline/{closure}(Object(Illuminate/Http/Request))
#43 C:/aji/themeforest-uMqxCtcU-qovex-laravel-admin-dashboard-template/Qovex_Laravel_v3.0.0/Admin/vendor/laravel/framework/src/Illuminate/Foundation/Http/Middleware/ConvertEmptyStringsToNull.php(31): Illuminate/Foundation/Http/Middleware/TransformsRequest->handle(Object(Illuminate/Http/Request), Object(Closure))
#44 C:/aji/themeforest-uMqxCtcU-qovex-laravel-admin-dashboard-template/Qovex_Laravel_v3.0.0/Admin/vendor/laravel/framework/src/Illuminate/Pipeline/Pipeline.php(183): Illuminate/Foundation/Http/Middleware/ConvertEmptyStringsToNull->handle(Object(Illuminate/Http/Request), Object(Closure))
#45 C:/aji/themeforest-uMqxCtcU-qovex-laravel-admin-dashboard-template/Qovex_Laravel_v3.0.0/Admin/vendor/laravel/framework/src/Illuminate/Foundation/Http/Middleware/TransformsRequest.php(21): Illuminate/Pipeline/Pipeline->Illuminate/Pipeline/{closure}(Object(Illuminate/Http/Request))
#46 C:/aji/themeforest-uMqxCtcU-qovex-laravel-admin-dashboard-template/Qovex_Laravel_v3.0.0/Admin/vendor/laravel/framework/src/Illuminate/Foundation/Http/Middleware/TrimStrings.php(40): Illuminate/Foundation/Http/Middleware/TransformsRequest->handle(Object(Illuminate/Http/Request), Object(Closure))
#47 C:/aji/themeforest-uMqxCtcU-qovex-laravel-admin-dashboard-template/Qovex_Laravel_v3.0.0/Admin/vendor/laravel/framework/src/Illuminate/Pipeline/Pipeline.php(183): Illuminate/Foundation/Http/Middleware/TrimStrings->handle(Object(Illuminate/Http/Request), Object(Closure))
#48 C:/aji/themeforest-uMqxCtcU-qovex-laravel-admin-dashboard-template/Qovex_Laravel_v3.0.0/Admin/vendor/laravel/framework/src/Illuminate/Foundation/Http/Middleware/ValidatePostSize.php(27): Illuminate/Pipeline/Pipeline->Illuminate/Pipeline/{closure}(Object(Illuminate/Http/Request))
#49 C:/aji/themeforest-uMqxCtcU-qovex-laravel-admin-dashboard-template/Qovex_Laravel_v3.0.0/Admin/vendor/laravel/framework/src/Illuminate/Pipeline/Pipeline.php(183): Illuminate/Foundation/Http/Middleware/ValidatePostSize->handle(Object(Illuminate/Http/Request), Object(Closure))
#50 C:/aji/themeforest-uMqxCtcU-qovex-laravel-admin-dashboard-template/Qovex_Laravel_v3.0.0/Admin/vendor/laravel/framework/src/Illuminate/Foundation/Http/Middleware/PreventRequestsDuringMaintenance.php(99): Illuminate/Pipeline/Pipeline->Illuminate/Pipeline/{closure}(Object(Illuminate/Http/Request))
#51 C:/aji/themeforest-uMqxCtcU-qovex-laravel-admin-dashboard-template/Qovex_Laravel_v3.0.0/Admin/vendor/laravel/framework/src/Illuminate/Pipeline/Pipeline.php(183): Illuminate/Foundation/Http/Middleware/PreventRequestsDuringMaintenance->handle(Object(Illuminate/Http/Request), Object(Closure))
#52 C:/aji/themeforest-uMqxCtcU-qovex-laravel-admin-dashboard-template/Qovex_Laravel_v3.0.0/Admin/vendor/laravel/framework/src/Illuminate/Http/Middleware/HandleCors.php(49): Illuminate/Pipeline/Pipeline->Illuminate/Pipeline/{closure}(Object(Illuminate/Http/Request))
#53 C:/aji/themeforest-uMqxCtcU-qovex-laravel-admin-dashboard-template/Qovex_Laravel_v3.0.0/Admin/vendor/laravel/framework/src/Illuminate/Pipeline/Pipeline.php(183): Illuminate/Http/Middleware/HandleCors->handle(Object(Illuminate/Http/Request), Object(Closure))
#54 C:/aji/themeforest-uMqxCtcU-qovex-laravel-admin-dashboard-template/Qovex_Laravel_v3.0.0/Admin/vendor/laravel/framework/src/Illuminate/Http/Middleware/TrustProxies.php(39): Illuminate/Pipeline/Pipeline->Illuminate/Pipeline/{closure}(Object(Illuminate/Http/Request))
#55 C:/aji/themeforest-uMqxCtcU-qovex-laravel-admin-dashboard-template/Qovex_Laravel_v3.0.0/Admin/vendor/laravel/framework/src/Illuminate/Pipeline/Pipeline.php(183): Illuminate/Http/Middleware/TrustProxies->handle(Object(Illuminate/Http/Request), Object(Closure))
#56 C:/aji/themeforest-uMqxCtcU-qovex-laravel-admin-dashboard-template/Qovex_Laravel_v3.0.0/Admin/vendor/laravel/framework/src/Illuminate/Pipeline/Pipeline.php(119): Illuminate/Pipeline/Pipeline->Illuminate/Pipeline/{closure}(Object(Illuminate/Http/Request))
#57 C:/aji/themeforest-uMqxCtcU-qovex-laravel-admin-dashboard-template/Qovex_Laravel_v3.0.0/Admin/vendor/laravel/framework/src/Illuminate/Foundation/Http/Kernel.php(175): Illuminate/Pipeline/Pipeline->then(Object(Closure))
#58 C:/aji/themeforest-uMqxCtcU-qovex-laravel-admin-dashboard-template/Qovex_Laravel_v3.0.0/Admin/vendor/laravel/framework/src/Illuminate/Foundation/Http/Kernel.php(144): Illuminate/Foundation/Http/Kernel->sendRequestThroughRouter(Object(Illuminate/Http/Request))
#59 C:/aji/themeforest-uMqxCtcU-qovex-laravel-admin-dashboard-template/Qovex_Laravel_v3.0.0/Admin/vendor/laravel/framework/src/Illuminate/Foundation/Testing/Concerns/MakesHttpRequests.php(585): Illuminate/Foundation/Http/Kernel->handle(Object(Illuminate/Http/Request))
#60 C:/aji/themeforest-uMqxCtcU-qovex-laravel-admin-dashboard-template/Qovex_Laravel_v3.0.0/Admin/vendor/laravel/framework/src/Illuminate/Foundation/Testing/Concerns/MakesHttpRequests.php(346): Illuminate/Foundation/Testing/TestCase->call('GET', 'http://127.0.0....', Array, Array, Array, Array)
#61 C:/aji/themeforest-uMqxCtcU-qovex-laravel-admin-dashboard-template/Qovex_Laravel_v3.0.0/Admin/tests/Feature/FinanceControlModuleTest.php(241): Illuminate/Foundation/Testing/TestCase->get('http://127.0.0....')
#62 C:/aji/themeforest-uMqxCtcU-qovex-laravel-admin-dashboard-template/Qovex_Laravel_v3.0.0/Admin/vendor/phpunit/phpunit/src/Framework/TestCase.php(1548): Tests/Feature/FinanceControlModuleTest->test_admin_can_access_every_finance_control_page()
#63 C:/aji/themeforest-uMqxCtcU-qovex-laravel-admin-dashboard-template/Qovex_Laravel_v3.0.0/Admin/vendor/phpunit/phpunit/src/Framework/TestCase.php(686): PHPUnit/Framework/TestCase->runTest()
#64 C:/aji/themeforest-uMqxCtcU-qovex-laravel-admin-dashboard-template/Qovex_Laravel_v3.0.0/Admin/vendor/phpunit/phpunit/src/Framework/TestRunner.php(106): PHPUnit/Framework/TestCase->runBare()
#65 C:/aji/themeforest-uMqxCtcU-qovex-laravel-admin-dashboard-template/Qovex_Laravel_v3.0.0/Admin/vendor/phpunit/phpunit/src/Framework/TestCase.php(516): PHPUnit/Framework/TestRunner->run(Object(Tests/Feature/FinanceControlModuleTest))
#66 C:/aji/themeforest-uMqxCtcU-qovex-laravel-admin-dashboard-template/Qovex_Laravel_v3.0.0/Admin/vendor/phpunit/phpunit/src/Framework/TestSuite.php(374): PHPUnit/Framework/TestCase->run()
#67 C:/aji/themeforest-uMqxCtcU-qovex-laravel-admin-dashboard-template/Qovex_Laravel_v3.0.0/Admin/vendor/phpunit/phpunit/src/Framework/TestSuite.php(374): PHPUnit/Framework/TestSuite->run()
#68 C:/aji/themeforest-uMqxCtcU-qovex-laravel-admin-dashboard-template/Qovex_Laravel_v3.0.0/Admin/vendor/phpunit/phpunit/src/Framework/TestSuite.php(374): PHPUnit/Framework/TestSuite->run()
#69 C:/aji/themeforest-uMqxCtcU-qovex-laravel-admin-dashboard-template/Qovex_Laravel_v3.0.0/Admin/vendor/phpunit/phpunit/src/TextUI/TestRunner.php(64): PHPUnit/Framework/TestSuite->run()
#70 C:/aji/themeforest-uMqxCtcU-qovex-laravel-admin-dashboard-template/Qovex_Laravel_v3.0.0/Admin/vendor/phpunit/phpunit/src/TextUI/Application.php(204): PHPUnit/TextUI/TestRunner->run(Object(PHPUnit/TextUI/Configuration/Configuration), Object(PHPUnit/Runner/ResultCache/DefaultResultCache), Object(PHPUnit/Framework/TestSuite))
#71 C:/aji/themeforest-uMqxCtcU-qovex-laravel-admin-dashboard-template/Qovex_Laravel_v3.0.0/Admin/vendor/phpunit/phpunit/phpunit(104): PHPUnit/TextUI/Application->run(Array)
#72 C:/aji/themeforest-uMqxCtcU-qovex-laravel-admin-dashboard-template/Qovex_Laravel_v3.0.0/Admin/vendor/bin/phpunit(122): include('C://aji//themefor...')
#73 {main}
"} 
[2026-09-09 12:33:38] testing.ERROR: Failed to create WP tour from Laravel {"voyage_id":1,"error":"SQLSTATE[HY000]: General error: 1 no such table: cFdgeZ_posts (Connection: wp, SQL: insert into \"cFdgeZ_posts\" (\"to_ping\", \"pinged\", \"post_password\", \"post_content_filtered\", \"guid\", \"post_parent\", \"menu_order\", \"post_mime_type\", \"comment_count\", \"post_date\", \"post_date_gmt\", \"post_modified\", \"post_modified_gmt\", \"post_status\", \"comment_status\", \"ping_status\", \"post_type\", \"post_title\", \"post_name\", \"post_content\", \"post_excerpt\") values (, , , , , 0, 0, , 0, 2026-09-09 12:33:38, 2026-09-09 12:33:38, 2026-09-09 12:33:38, 2026-09-09 12:33:38, draft, closed, closed, st_tours, Circuit Sud, circuit-sud, , ))"} 
[2026-09-09 12:33:38] testing.ERROR: Auto-sync failed on create {"voyage_id":1,"error":"SQLSTATE[HY000]: General error: 1 no such table: cFdgeZ_posts (Connection: wp, SQL: insert into \"cFdgeZ_posts\" (\"to_ping\", \"pinged\", \"post_password\", \"post_content_filtered\", \"guid\", \"post_parent\", \"menu_order\", \"post_mime_type\", \"comment_count\", \"post_date\", \"post_date_gmt\", \"post_modified\", \"post_modified_gmt\", \"post_status\", \"comment_status\", \"ping_status\", \"post_type\", \"post_title\", \"post_name\", \"post_content\", \"post_excerpt\") values (, , , , , 0, 0, , 0, 2026-09-09 12:33:38, 2026-09-09 12:33:38, 2026-09-09 12:33:38, 2026-09-09 12:33:38, draft, closed, closed, st_tours, Circuit Sud, circuit-sud, , ))"} 
[2026-09-09 12:33:41] testing.ERROR: Failed to create WP tour from Laravel {"voyage_id":1,"error":"SQLSTATE[HY000]: General error: 1 no such table: cFdgeZ_posts (Connection: wp, SQL: insert into \"cFdgeZ_posts\" (\"to_ping\", \"pinged\", \"post_password\", \"post_content_filtered\", \"guid\", \"post_parent\", \"menu_order\", \"post_mime_type\", \"comment_count\", \"post_date\", \"post_date_gmt\", \"post_modified\", \"post_modified_gmt\", \"post_status\", \"comment_status\", \"ping_status\", \"post_type\", \"post_title\", \"post_name\", \"post_content\", \"post_excerpt\") values (, , , , , 0, 0, , 0, 2026-09-09 12:33:41, 2026-09-09 12:33:41, 2026-09-09 12:33:41, 2026-09-09 12:33:41, draft, closed, closed, st_tours, Circuit Sud, circuit-sud, , ))"} 
[2026-09-09 12:33:41] testing.ERROR: Auto-sync failed on create {"voyage_id":1,"error":"SQLSTATE[HY000]: General error: 1 no such table: cFdgeZ_posts (Connection: wp, SQL: insert into \"cFdgeZ_posts\" (\"to_ping\", \"pinged\", \"post_password\", \"post_content_filtered\", \"guid\", \"post_parent\", \"menu_order\", \"post_mime_type\", \"comment_count\", \"post_date\", \"post_date_gmt\", \"post_modified\", \"post_modified_gmt\", \"post_status\", \"comment_status\", \"ping_status\", \"post_type\", \"post_title\", \"post_name\", \"post_content\", \"post_excerpt\") values (, , , , , 0, 0, , 0, 2026-09-09 12:33:41, 2026-09-09 12:33:41, 2026-09-09 12:33:41, 2026-09-09 12:33:41, draft, closed, closed, st_tours, Circuit Sud, circuit-sud, , ))"} 
[2026-09-09 12:33:46] testing.ERROR: Failed to create WP tour from Laravel {"voyage_id":1,"error":"SQLSTATE[HY000]: General error: 1 no such table: cFdgeZ_posts (Connection: wp, SQL: insert into \"cFdgeZ_posts\" (\"to_ping\", \"pinged\", \"post_password\", \"post_content_filtered\", \"guid\", \"post_parent\", \"menu_order\", \"post_mime_type\", \"comment_count\", \"post_date\", \"post_date_gmt\", \"post_modified\", \"post_modified_gmt\", \"post_status\", \"comment_status\", \"ping_status\", \"post_type\", \"post_title\", \"post_name\", \"post_content\", \"post_excerpt\") values (, , , , , 0, 0, , 0, 2026-09-09 12:33:46, 2026-09-09 12:33:46, 2026-09-09 12:33:46, 2026-09-09 12:33:46, draft, closed, closed, st_tours, Circuit Sud, circuit-sud, , ))"} 
[2026-09-09 12:33:46] testing.ERROR: Auto-sync failed on create {"voyage_id":1,"error":"SQLSTATE[HY000]: General error: 1 no such table: cFdgeZ_posts (Connection: wp, SQL: insert into \"cFdgeZ_posts\" (\"to_ping\", \"pinged\", \"post_password\", \"post_content_filtered\", \"guid\", \"post_parent\", \"menu_order\", \"post_mime_type\", \"comment_count\", \"post_date\", \"post_date_gmt\", \"post_modified\", \"post_modified_gmt\", \"post_status\", \"comment_status\", \"ping_status\", \"post_type\", \"post_title\", \"post_name\", \"post_content\", \"post_excerpt\") values (, , , , , 0, 0, , 0, 2026-09-09 12:33:46, 2026-09-09 12:33:46, 2026-09-09 12:33:46, 2026-09-09 12:33:46, draft, closed, closed, st_tours, Circuit Sud, circuit-sud, , ))"} 
[2026-09-09 12:33:48] testing.ERROR: Failed to create WP tour from Laravel {"voyage_id":1,"error":"SQLSTATE[HY000]: General error: 1 no such table: cFdgeZ_posts (Connection: wp, SQL: insert into \"cFdgeZ_posts\" (\"to_ping\", \"pinged\", \"post_password\", \"post_content_filtered\", \"guid\", \"post_parent\", \"menu_order\", \"post_mime_type\", \"comment_count\", \"post_date\", \"post_date_gmt\", \"post_modified\", \"post_modified_gmt\", \"post_status\", \"comment_status\", \"ping_status\", \"post_type\", \"post_title\", \"post_name\", \"post_content\", \"post_excerpt\") values (, , , , , 0, 0, , 0, 2026-09-09 12:33:48, 2026-09-09 12:33:48, 2026-09-09 12:33:48, 2026-09-09 12:33:48, draft, closed, closed, st_tours, Circuit Sud, circuit-sud, , ))"} 
[2026-09-09 12:33:48] testing.ERROR: Auto-sync failed on create {"voyage_id":1,"error":"SQLSTATE[HY000]: General error: 1 no such table: cFdgeZ_posts (Connection: wp, SQL: insert into \"cFdgeZ_posts\" (\"to_ping\", \"pinged\", \"post_password\", \"post_content_filtered\", \"guid\", \"post_parent\", \"menu_order\", \"post_mime_type\", \"comment_count\", \"post_date\", \"post_date_gmt\", \"post_modified\", \"post_modified_gmt\", \"post_status\", \"comment_status\", \"ping_status\", \"post_type\", \"post_title\", \"post_name\", \"post_content\", \"post_excerpt\") values (, , , , , 0, 0, , 0, 2026-09-09 12:33:48, 2026-09-09 12:33:48, 2026-09-09 12:33:48, 2026-09-09 12:33:48, draft, closed, closed, st_tours, Circuit Sud, circuit-sud, , ))"} 
[2026-09-09 12:33:51] testing.ERROR: Failed to create WP tour from Laravel {"voyage_id":1,"error":"SQLSTATE[HY000]: General error: 1 no such table: cFdgeZ_posts (Connection: wp, SQL: insert into \"cFdgeZ_posts\" (\"to_ping\", \"pinged\", \"post_password\", \"post_content_filtered\", \"guid\", \"post_parent\", \"menu_order\", \"post_mime_type\", \"comment_count\", \"post_date\", \"post_date_gmt\", \"post_modified\", \"post_modified_gmt\", \"post_status\", \"comment_status\", \"ping_status\", \"post_type\", \"post_title\", \"post_name\", \"post_content\", \"post_excerpt\") values (, , , , , 0, 0, , 0, 2026-09-09 12:33:51, 2026-09-09 12:33:51, 2026-09-09 12:33:51, 2026-09-09 12:33:51, draft, closed, closed, st_tours, Circuit Sud, circuit-sud, , ))"} 
[2026-09-09 12:33:51] testing.ERROR: Auto-sync failed on create {"voyage_id":1,"error":"SQLSTATE[HY000]: General error: 1 no such table: cFdgeZ_posts (Connection: wp, SQL: insert into \"cFdgeZ_posts\" (\"to_ping\", \"pinged\", \"post_password\", \"post_content_filtered\", \"guid\", \"post_parent\", \"menu_order\", \"post_mime_type\", \"comment_count\", \"post_date\", \"post_date_gmt\", \"post_modified\", \"post_modified_gmt\", \"post_status\", \"comment_status\", \"ping_status\", \"post_type\", \"post_title\", \"post_name\", \"post_content\", \"post_excerpt\") values (, , , , , 0, 0, , 0, 2026-09-09 12:33:51, 2026-09-09 12:33:51, 2026-09-09 12:33:51, 2026-09-09 12:33:51, draft, closed, closed, st_tours, Circuit Sud, circuit-sud, , ))"} 
[2026-09-09 12:33:53] testing.ERROR: Failed to create WP tour from Laravel {"voyage_id":1,"error":"SQLSTATE[HY000]: General error: 1 no such table: cFdgeZ_posts (Connection: wp, SQL: insert into \"cFdgeZ_posts\" (\"to_ping\", \"pinged\", \"post_password\", \"post_content_filtered\", \"guid\", \"post_parent\", \"menu_order\", \"post_mime_type\", \"comment_count\", \"post_date\", \"post_date_gmt\", \"post_modified\", \"post_modified_gmt\", \"post_status\", \"comment_status\", \"ping_status\", \"post_type\", \"post_title\", \"post_name\", \"post_content\", \"post_excerpt\") values (, , , , , 0, 0, , 0, 2026-09-09 12:33:53, 2026-09-09 12:33:53, 2026-09-09 12:33:53, 2026-09-09 12:33:53, draft, closed, closed, st_tours, Circuit Sud, circuit-sud, , ))"} 
[2026-09-09 12:33:53] testing.ERROR: Auto-sync failed on create {"voyage_id":1,"error":"SQLSTATE[HY000]: General error: 1 no such table: cFdgeZ_posts (Connection: wp, SQL: insert into \"cFdgeZ_posts\" (\"to_ping\", \"pinged\", \"post_password\", \"post_content_filtered\", \"guid\", \"post_parent\", \"menu_order\", \"post_mime_type\", \"comment_count\", \"post_date\", \"post_date_gmt\", \"post_modified\", \"post_modified_gmt\", \"post_status\", \"comment_status\", \"ping_status\", \"post_type\", \"post_title\", \"post_name\", \"post_content\", \"post_excerpt\") values (, , , , , 0, 0, , 0, 2026-09-09 12:33:53, 2026-09-09 12:33:53, 2026-09-09 12:33:53, 2026-09-09 12:33:53, draft, closed, closed, st_tours, Circuit Sud, circuit-sud, , ))"} 
[2026-09-09 12:33:56] testing.ERROR: Failed to create WP tour from Laravel {"voyage_id":1,"error":"SQLSTATE[HY000]: General error: 1 no such table: cFdgeZ_posts (Connection: wp, SQL: insert into \"cFdgeZ_posts\" (\"to_ping\", \"pinged\", \"post_password\", \"post_content_filtered\", \"guid\", \"post_parent\", \"menu_order\", \"post_mime_type\", \"comment_count\", \"post_date\", \"post_date_gmt\", \"post_modified\", \"post_modified_gmt\", \"post_status\", \"comment_status\", \"ping_status\", \"post_type\", \"post_title\", \"post_name\", \"post_content\", \"post_excerpt\") values (, , , , , 0, 0, , 0, 2026-09-09 12:33:56, 2026-09-09 12:33:56, 2026-09-09 12:33:56, 2026-09-09 12:33:56, draft, closed, closed, st_tours, Circuit Sud, circuit-sud, , ))"} 
[2026-09-09 12:33:56] testing.ERROR: Auto-sync failed on create {"voyage_id":1,"error":"SQLSTATE[HY000]: General error: 1 no such table: cFdgeZ_posts (Connection: wp, SQL: insert into \"cFdgeZ_posts\" (\"to_ping\", \"pinged\", \"post_password\", \"post_content_filtered\", \"guid\", \"post_parent\", \"menu_order\", \"post_mime_type\", \"comment_count\", \"post_date\", \"post_date_gmt\", \"post_modified\", \"post_modified_gmt\", \"post_status\", \"comment_status\", \"ping_status\", \"post_type\", \"post_title\", \"post_name\", \"post_content\", \"post_excerpt\") values (, , , , , 0, 0, , 0, 2026-09-09 12:33:56, 2026-09-09 12:33:56, 2026-09-09 12:33:56, 2026-09-09 12:33:56, draft, closed, closed, st_tours, Circuit Sud, circuit-sud, , ))"} 
[2026-09-09 12:33:58] testing.ERROR: Failed to create WP tour from Laravel {"voyage_id":1,"error":"SQLSTATE[HY000]: General error: 1 no such table: cFdgeZ_posts (Connection: wp, SQL: insert into \"cFdgeZ_posts\" (\"to_ping\", \"pinged\", \"post_password\", \"post_content_filtered\", \"guid\", \"post_parent\", \"menu_order\", \"post_mime_type\", \"comment_count\", \"post_date\", \"post_date_gmt\", \"post_modified\", \"post_modified_gmt\", \"post_status\", \"comment_status\", \"ping_status\", \"post_type\", \"post_title\", \"post_name\", \"post_content\", \"post_excerpt\") values (, , , , , 0, 0, , 0, 2026-09-09 12:33:58, 2026-09-09 12:33:58, 2026-09-09 12:33:58, 2026-09-09 12:33:58, draft, closed, closed, st_tours, Circuit Sud, circuit-sud, , ))"} 
[2026-09-09 12:33:58] testing.ERROR: Auto-sync failed on create {"voyage_id":1,"error":"SQLSTATE[HY000]: General error: 1 no such table: cFdgeZ_posts (Connection: wp, SQL: insert into \"cFdgeZ_posts\" (\"to_ping\", \"pinged\", \"post_password\", \"post_content_filtered\", \"guid\", \"post_parent\", \"menu_order\", \"post_mime_type\", \"comment_count\", \"post_date\", \"post_date_gmt\", \"post_modified\", \"post_modified_gmt\", \"post_status\", \"comment_status\", \"ping_status\", \"post_type\", \"post_title\", \"post_name\", \"post_content\", \"post_excerpt\") values (, , , , , 0, 0, , 0, 2026-09-09 12:33:58, 2026-09-09 12:33:58, 2026-09-09 12:33:58, 2026-09-09 12:33:58, draft, closed, closed, st_tours, Circuit Sud, circuit-sud, , ))"} 
[2026-09-09 12:34:03] testing.ERROR: Failed to create WP tour from Laravel {"voyage_id":1,"error":"SQLSTATE[HY000]: General error: 1 no such table: cFdgeZ_posts (Connection: wp, SQL: insert into \"cFdgeZ_posts\" (\"to_ping\", \"pinged\", \"post_password\", \"post_content_filtered\", \"guid\", \"post_parent\", \"menu_order\", \"post_mime_type\", \"comment_count\", \"post_date\", \"post_date_gmt\", \"post_modified\", \"post_modified_gmt\", \"post_status\", \"comment_status\", \"ping_status\", \"post_type\", \"post_title\", \"post_name\", \"post_content\", \"post_excerpt\") values (, , , , , 0, 0, , 0, 2026-09-09 12:34:03, 2026-09-09 12:34:03, 2026-09-09 12:34:03, 2026-09-09 12:34:03, draft, closed, closed, st_tours, Circuit Sud, circuit-sud, , ))"} 
[2026-09-09 12:34:03] testing.ERROR: Auto-sync failed on create {"voyage_id":1,"error":"SQLSTATE[HY000]: General error: 1 no such table: cFdgeZ_posts (Connection: wp, SQL: insert into \"cFdgeZ_posts\" (\"to_ping\", \"pinged\", \"post_password\", \"post_content_filtered\", \"guid\", \"post_parent\", \"menu_order\", \"post_mime_type\", \"comment_count\", \"post_date\", \"post_date_gmt\", \"post_modified\", \"post_modified_gmt\", \"post_status\", \"comment_status\", \"ping_status\", \"post_type\", \"post_title\", \"post_name\", \"post_content\", \"post_excerpt\") values (, , , , , 0, 0, , 0, 2026-09-09 12:34:03, 2026-09-09 12:34:03, 2026-09-09 12:34:03, 2026-09-09 12:34:03, draft, closed, closed, st_tours, Circuit Sud, circuit-sud, , ))"} 
[2026-09-09 12:34:04] testing.ERROR: SQLSTATE[HY000]: General error: 1 ambiguous column name: status (Connection: mysql, SQL: select "departure_charges"."paid_at", "departure_charges"."charge_date", "departure_charges"."paid_amount" as "amount", "departure_charges"."payment_method" as "method", "departure_charges"."title" as "title", "branches"."name" as "agency" from "departure_charges" left join "branches" on "branches"."id" = "departure_charges"."branch_id" where ("status" is null or "status" != annulee) and "departure_charges"."paid_amount" > 0 and "departure_charges"."deleted_at" is null order by "departure_charges"."paid_at" desc limit 150) {"userId":2,"exception":"[object] (Illuminate\\Database\\QueryException(code: HY000): SQLSTATE[HY000]: General error: 1 ambiguous column name: status (Connection: mysql, SQL: select \"departure_charges\".\"paid_at\", \"departure_charges\".\"charge_date\", \"departure_charges\".\"paid_amount\" as \"amount\", \"departure_charges\".\"payment_method\" as \"method\", \"departure_charges\".\"title\" as \"title\", \"branches\".\"name\" as \"agency\" from \"departure_charges\" left join \"branches\" on \"branches\".\"id\" = \"departure_charges\".\"branch_id\" where (\"status\" is null or \"status\" != annulee) and \"departure_charges\".\"paid_amount\" > 0 and \"departure_charges\".\"deleted_at\" is null order by \"departure_charges\".\"paid_at\" desc limit 150) at C:/aji/themeforest-uMqxCtcU-qovex-laravel-admin-dashboard-template/Qovex_Laravel_v3.0.0/Admin/vendor/laravel/framework/src/Illuminate/Database/Connection.php:829)
[stacktrace]
#0 C:/aji/themeforest-uMqxCtcU-qovex-laravel-admin-dashboard-template/Qovex_Laravel_v3.0.0/Admin/vendor/laravel/framework/src/Illuminate/Database/Connection.php(783): Illuminate/Database/Connection->runQueryCallback('select \"departu...', Array, Object(Closure))
#1 C:/aji/themeforest-uMqxCtcU-qovex-laravel-admin-dashboard-template/Qovex_Laravel_v3.0.0/Admin/vendor/laravel/framework/src/Illuminate/Database/Connection.php(414): Illuminate/Database/Connection->run('select \"departu...', Array, Object(Closure))
#2 C:/aji/themeforest-uMqxCtcU-qovex-laravel-admin-dashboard-template/Qovex_Laravel_v3.0.0/Admin/vendor/laravel/framework/src/Illuminate/Database/Query/Builder.php(2913): Illuminate/Database/Connection->select('select \"departu...', Array, true)
#3 C:/aji/themeforest-uMqxCtcU-qovex-laravel-admin-dashboard-template/Qovex_Laravel_v3.0.0/Admin/vendor/laravel/framework/src/Illuminate/Database/Query/Builder.php(2902): Illuminate/Database/Query/Builder->runSelect()
#4 C:/aji/themeforest-uMqxCtcU-qovex-laravel-admin-dashboard-template/Qovex_Laravel_v3.0.0/Admin/vendor/laravel/framework/src/Illuminate/Database/Query/Builder.php(3456): Illuminate/Database/Query/Builder->Illuminate/Database/Query/{closure}()
#5 C:/aji/themeforest-uMqxCtcU-qovex-laravel-admin-dashboard-template/Qovex_Laravel_v3.0.0/Admin/vendor/laravel/framework/src/Illuminate/Database/Query/Builder.php(2901): Illuminate/Database/Query/Builder->onceWithColumns(Array, Object(Closure))
#6 C:/aji/themeforest-uMqxCtcU-qovex-laravel-admin-dashboard-template/Qovex_Laravel_v3.0.0/Admin/vendor/laravel/framework/src/Illuminate/Database/Eloquent/Builder.php(739): Illuminate/Database/Query/Builder->get(Array)
#7 C:/aji/themeforest-uMqxCtcU-qovex-laravel-admin-dashboard-template/Qovex_Laravel_v3.0.0/Admin/vendor/laravel/framework/src/Illuminate/Database/Eloquent/Builder.php(723): Illuminate/Database/Eloquent/Builder->getModels(Array)
#8 C:/aji/themeforest-uMqxCtcU-qovex-laravel-admin-dashboard-template/Qovex_Laravel_v3.0.0/Admin/app/Http/Controllers/Admin/Finance/Control/TreasuryController.php(96): Illuminate/Database/Eloquent/Builder->get(Array)
#9 C:/aji/themeforest-uMqxCtcU-qovex-laravel-admin-dashboard-template/Qovex_Laravel_v3.0.0/Admin/app/Http/Controllers/Admin/Finance/Control/TreasuryController.php(43): App/Http/Controllers/Admin/Finance/Control/TreasuryController->movements(Array)
#10 C:/aji/themeforest-uMqxCtcU-qovex-laravel-admin-dashboard-template/Qovex_Laravel_v3.0.0/Admin/vendor/laravel/framework/src/Illuminate/Routing/Controller.php(54): App/Http/Controllers/Admin/Finance/Control/TreasuryController->index(Object(Illuminate/Http/Request))
#11 C:/aji/themeforest-uMqxCtcU-qovex-laravel-admin-dashboard-template/Qovex_Laravel_v3.0.0/Admin/vendor/laravel/framework/src/Illuminate/Routing/ControllerDispatcher.php(43): Illuminate/Routing/Controller->callAction('index', Array)
#12 C:/aji/themeforest-uMqxCtcU-qovex-laravel-admin-dashboard-template/Qovex_Laravel_v3.0.0/Admin/vendor/laravel/framework/src/Illuminate/Routing/Route.php(259): Illuminate/Routing/ControllerDispatcher->dispatch(Object(Illuminate/Routing/Route), Object(App/Http/Controllers/Admin/Finance/Control/TreasuryController), 'index')
#13 C:/aji/themeforest-uMqxCtcU-qovex-laravel-admin-dashboard-template/Qovex_Laravel_v3.0.0/Admin/vendor/laravel/framework/src/Illuminate/Routing/Route.php(205): Illuminate/Routing/Route->runController()
#14 C:/aji/themeforest-uMqxCtcU-qovex-laravel-admin-dashboard-template/Qovex_Laravel_v3.0.0/Admin/vendor/laravel/framework/src/Illuminate/Routing/Router.php(806): Illuminate/Routing/Route->run()
#15 C:/aji/themeforest-uMqxCtcU-qovex-laravel-admin-dashboard-template/Qovex_Laravel_v3.0.0/Admin/vendor/laravel/framework/src/Illuminate/Pipeline/Pipeline.php(144): Illuminate/Routing/Router->Illuminate/Routing/{closure}(Object(Illuminate/Http/Request))
#16 C:/aji/themeforest-uMqxCtcU-qovex-laravel-admin-dashboard-template/Qovex_Laravel_v3.0.0/Admin/app/Http/Middleware/EnsureFinanceControlAccess.php(34): Illuminate/Pipeline/Pipeline->Illuminate/Pipeline/{closure}(Object(Illuminate/Http/Request))
#17 C:/aji/themeforest-uMqxCtcU-qovex-laravel-admin-dashboard-template/Qovex_Laravel_v3.0.0/Admin/vendor/laravel/framework/src/Illuminate/Pipeline/Pipeline.php(183): App/Http/Middleware/EnsureFinanceControlAccess->handle(Object(Illuminate/Http/Request), Object(Closure))
#18 C:/aji/themeforest-uMqxCtcU-qovex-laravel-admin-dashboard-template/Qovex_Laravel_v3.0.0/Admin/app/Http/Middleware/EnsureRoutePermission.php(65): Illuminate/Pipeline/Pipeline->Illuminate/Pipeline/{closure}(Object(Illuminate/Http/Request))
#19 C:/aji/themeforest-uMqxCtcU-qovex-laravel-admin-dashboard-template/Qovex_Laravel_v3.0.0/Admin/vendor/laravel/framework/src/Illuminate/Pipeline/Pipeline.php(183): App/Http/Middleware/EnsureRoutePermission->handle(Object(Illuminate/Http/Request), Object(Closure))
#20 C:/aji/themeforest-uMqxCtcU-qovex-laravel-admin-dashboard-template/Qovex_Laravel_v3.0.0/Admin/app/Http/Middleware/EnsureNotLocked.php(17): Illuminate/Pipeline/Pipeline->Illuminate/Pipeline/{closure}(Object(Illuminate/Http/Request))
#21 C:/aji/themeforest-uMqxCtcU-qovex-laravel-admin-dashboard-template/Qovex_Laravel_v3.0.0/Admin/vendor/laravel/framework/src/Illuminate/Pipeline/Pipeline.php(183): App/Http/Middleware/EnsureNotLocked->handle(Object(Illuminate/Http/Request), Object(Closure))
#22 C:/aji/themeforest-uMqxCtcU-qovex-laravel-admin-dashboard-template/Qovex_Laravel_v3.0.0/Admin/app/Http/Middleware/AdminMiddleware.php(52): Illuminate/Pipeline/Pipeline->Illuminate/Pipeline/{closure}(Object(Illuminate/Http/Request))
#23 C:/aji/themeforest-uMqxCtcU-qovex-laravel-admin-dashboard-template/Qovex_Laravel_v3.0.0/Admin/vendor/laravel/framework/src/Illuminate/Pipeline/Pipeline.php(183): App/Http/Middleware/AdminMiddleware->handle(Object(Illuminate/Http/Request), Object(Closure))
#24 C:/aji/themeforest-uMqxCtcU-qovex-laravel-admin-dashboard-template/Qovex_Laravel_v3.0.0/Admin/vendor/laravel/framework/src/Illuminate/Routing/Middleware/SubstituteBindings.php(50): Illuminate/Pipeline/Pipeline->Illuminate/Pipeline/{closure}(Object(Illuminate/Http/Request))
#25 C:/aji/themeforest-uMqxCtcU-qovex-laravel-admin-dashboard-template/Qovex_Laravel_v3.0.0/Admin/vendor/laravel/framework/src/Illuminate/Pipeline/Pipeline.php(183): Illuminate/Routing/Middleware/SubstituteBindings->handle(Object(Illuminate/Http/Request), Object(Closure))
#26 C:/aji/themeforest-uMqxCtcU-qovex-laravel-admin-dashboard-template/Qovex_Laravel_v3.0.0/Admin/vendor/laravel/framework/src/Illuminate/Auth/Middleware/Authenticate.php(57): Illuminate/Pipeline/Pipeline->Illuminate/Pipeline/{closure}(Object(Illuminate/Http/Request))
#27 C:/aji/themeforest-uMqxCtcU-qovex-laravel-admin-dashboard-template/Qovex_Laravel_v3.0.0/Admin/vendor/laravel/framework/src/Illuminate/Pipeline/Pipeline.php(183): Illuminate/Auth/Middleware/Authenticate->handle(Object(Illuminate/Http/Request), Object(Closure))
#28 C:/aji/themeforest-uMqxCtcU-qovex-laravel-admin-dashboard-template/Qovex_Laravel_v3.0.0/Admin/vendor/laravel/framework/src/Illuminate/Foundation/Http/Middleware/VerifyCsrfToken.php(78): Illuminate/Pipeline/Pipeline->Illuminate/Pipeline/{closure}(Object(Illuminate/Http/Request))
#29 C:/aji/themeforest-uMqxCtcU-qovex-laravel-admin-dashboard-template/Qovex_Laravel_v3.0.0/Admin/vendor/laravel/framework/src/Illuminate/Pipeline/Pipeline.php(183): Illuminate/Foundation/Http/Middleware/VerifyCsrfToken->handle(Object(Illuminate/Http/Request), Object(Closure))
#30 C:/aji/themeforest-uMqxCtcU-qovex-laravel-admin-dashboard-template/Qovex_Laravel_v3.0.0/Admin/vendor/laravel/framework/src/Illuminate/View/Middleware/ShareErrorsFromSession.php(49): Illuminate/Pipeline/Pipeline->Illuminate/Pipeline/{closure}(Object(Illuminate/Http/Request))
#31 C:/aji/themeforest-uMqxCtcU-qovex-laravel-admin-dashboard-template/Qovex_Laravel_v3.0.0/Admin/vendor/laravel/framework/src/Illuminate/Pipeline/Pipeline.php(183): Illuminate/View/Middleware/ShareErrorsFromSession->handle(Object(Illuminate/Http/Request), Object(Closure))
#32 C:/aji/themeforest-uMqxCtcU-qovex-laravel-admin-dashboard-template/Qovex_Laravel_v3.0.0/Admin/vendor/laravel/framework/src/Illuminate/Session/Middleware/StartSession.php(121): Illuminate/Pipeline/Pipeline->Illuminate/Pipeline/{closure}(Object(Illuminate/Http/Request))
#33 C:/aji/themeforest-uMqxCtcU-qovex-laravel-admin-dashboard-template/Qovex_Laravel_v3.0.0/Admin/vendor/laravel/framework/src/Illuminate/Session/Middleware/StartSession.php(64): Illuminate/Session/Middleware/StartSession->handleStatefulRequest(Object(Illuminate/Http/Request), Object(Illuminate/Session/Store), Object(Closure))
#34 C:/aji/themeforest-uMqxCtcU-qovex-laravel-admin-dashboard-template/Qovex_Laravel_v3.0.0/Admin/vendor/laravel/framework/src/Illuminate/Pipeline/Pipeline.php(183): Illuminate/Session/Middleware/StartSession->handle(Object(Illuminate/Http/Request), Object(Closure))
#35 C:/aji/themeforest-uMqxCtcU-qovex-laravel-admin-dashboard-template/Qovex_Laravel_v3.0.0/Admin/vendor/laravel/framework/src/Illuminate/Cookie/Middleware/AddQueuedCookiesToResponse.php(37): Illuminate/Pipeline/Pipeline->Illuminate/Pipeline/{closure}(Object(Illuminate/Http/Request))
#36 C:/aji/themeforest-uMqxCtcU-qovex-laravel-admin-dashboard-template/Qovex_Laravel_v3.0.0/Admin/vendor/laravel/framework/src/Illuminate/Pipeline/Pipeline.php(183): Illuminate/Cookie/Middleware/AddQueuedCookiesToResponse->handle(Object(Illuminate/Http/Request), Object(Closure))
#37 C:/aji/themeforest-uMqxCtcU-qovex-laravel-admin-dashboard-template/Qovex_Laravel_v3.0.0/Admin/vendor/laravel/framework/src/Illuminate/Cookie/Middleware/EncryptCookies.php(67): Illuminate/Pipeline/Pipeline->Illuminate/Pipeline/{closure}(Object(Illuminate/Http/Request))
#38 C:/aji/themeforest-uMqxCtcU-qovex-laravel-admin-dashboard-template/Qovex_Laravel_v3.0.0/Admin/vendor/laravel/framework/src/Illuminate/Pipeline/Pipeline.php(183): Illuminate/Cookie/Middleware/EncryptCookies->handle(Object(Illuminate/Http/Request), Object(Closure))
#39 C:/aji/themeforest-uMqxCtcU-qovex-laravel-admin-dashboard-template/Qovex_Laravel_v3.0.0/Admin/vendor/laravel/framework/src/Illuminate/Pipeline/Pipeline.php(119): Illuminate/Pipeline/Pipeline->Illuminate/Pipeline/{closure}(Object(Illuminate/Http/Request))
#40 C:/aji/themeforest-uMqxCtcU-qovex-laravel-admin-dashboard-template/Qovex_Laravel_v3.0.0/Admin/vendor/laravel/framework/src/Illuminate/Routing/Router.php(805): Illuminate/Pipeline/Pipeline->then(Object(Closure))
#41 C:/aji/themeforest-uMqxCtcU-qovex-laravel-admin-dashboard-template/Qovex_Laravel_v3.0.0/Admin/vendor/laravel/framework/src/Illuminate/Routing/Router.php(784): Illuminate/Routing/Router->runRouteWithinStack(Object(Illuminate/Routing/Route), Object(Illuminate/Http/Request))
#42 C:/aji/themeforest-uMqxCtcU-qovex-laravel-admin-dashboard-template/Qovex_Laravel_v3.0.0/Admin/vendor/laravel/framework/src/Illuminate/Routing/Router.php(748): Illuminate/Routing/Router->runRoute(Object(Illuminate/Http/Request), Object(Illuminate/Routing/Route))
#43 C:/aji/themeforest-uMqxCtcU-qovex-laravel-admin-dashboard-template/Qovex_Laravel_v3.0.0/Admin/vendor/laravel/framework/src/Illuminate/Routing/Router.php(737): Illuminate/Routing/Router->dispatchToRoute(Object(Illuminate/Http/Request))
#44 C:/aji/themeforest-uMqxCtcU-qovex-laravel-admin-dashboard-template/Qovex_Laravel_v3.0.0/Admin/vendor/laravel/framework/src/Illuminate/Foundation/Http/Kernel.php(200): Illuminate/Routing/Router->dispatch(Object(Illuminate/Http/Request))
#45 C:/aji/themeforest-uMqxCtcU-qovex-laravel-admin-dashboard-template/Qovex_Laravel_v3.0.0/Admin/vendor/laravel/framework/src/Illuminate/Pipeline/Pipeline.php(144): Illuminate/Foundation/Http/Kernel->Illuminate/Foundation/Http/{closure}(Object(Illuminate/Http/Request))
#46 C:/aji/themeforest-uMqxCtcU-qovex-laravel-admin-dashboard-template/Qovex_Laravel_v3.0.0/Admin/vendor/laravel/framework/src/Illuminate/Foundation/Http/Middleware/TransformsRequest.php(21): Illuminate/Pipeline/Pipeline->Illuminate/Pipeline/{closure}(Object(Illuminate/Http/Request))
#47 C:/aji/themeforest-uMqxCtcU-qovex-laravel-admin-dashboard-template/Qovex_Laravel_v3.0.0/Admin/vendor/laravel/framework/src/Illuminate/Foundation/Http/Middleware/ConvertEmptyStringsToNull.php(31): Illuminate/Foundation/Http/Middleware/TransformsRequest->handle(Object(Illuminate/Http/Request), Object(Closure))
#48 C:/aji/themeforest-uMqxCtcU-qovex-laravel-admin-dashboard-template/Qovex_Laravel_v3.0.0/Admin/vendor/laravel/framework/src/Illuminate/Pipeline/Pipeline.php(183): Illuminate/Foundation/Http/Middleware/ConvertEmptyStringsToNull->handle(Object(Illuminate/Http/Request), Object(Closure))
#49 C:/aji/themeforest-uMqxCtcU-qovex-laravel-admin-dashboard-template/Qovex_Laravel_v3.0.0/Admin/vendor/laravel/framework/src/Illuminate/Foundation/Http/Middleware/TransformsRequest.php(21): Illuminate/Pipeline/Pipeline->Illuminate/Pipeline/{closure}(Object(Illuminate/Http/Request))
#50 C:/aji/themeforest-uMqxCtcU-qovex-laravel-admin-dashboard-template/Qovex_Laravel_v3.0.0/Admin/vendor/laravel/framework/src/Illuminate/Foundation/Http/Middleware/TrimStrings.php(40): Illuminate/Foundation/Http/Middleware/TransformsRequest->handle(Object(Illuminate/Http/Request), Object(Closure))
#51 C:/aji/themeforest-uMqxCtcU-qovex-laravel-admin-dashboard-template/Qovex_Laravel_v3.0.0/Admin/vendor/laravel/framework/src/Illuminate/Pipeline/Pipeline.php(183): Illuminate/Foundation/Http/Middleware/TrimStrings->handle(Object(Illuminate/Http/Request), Object(Closure))
#52 C:/aji/themeforest-uMqxCtcU-qovex-laravel-admin-dashboard-template/Qovex_Laravel_v3.0.0/Admin/vendor/laravel/framework/src/Illuminate/Foundation/Http/Middleware/ValidatePostSize.php(27): Illuminate/Pipeline/Pipeline->Illuminate/Pipeline/{closure}(Object(Illuminate/Http/Request))
#53 C:/aji/themeforest-uMqxCtcU-qovex-laravel-admin-dashboard-template/Qovex_Laravel_v3.0.0/Admin/vendor/laravel/framework/src/Illuminate/Pipeline/Pipeline.php(183): Illuminate/Foundation/Http/Middleware/ValidatePostSize->handle(Object(Illuminate/Http/Request), Object(Closure))
#54 C:/aji/themeforest-uMqxCtcU-qovex-laravel-admin-dashboard-template/Qovex_Laravel_v3.0.0/Admin/vendor/laravel/framework/src/Illuminate/Foundation/Http/Middleware/PreventRequestsDuringMaintenance.php(99): Illuminate/Pipeline/Pipeline->Illuminate/Pipeline/{closure}(Object(Illuminate/Http/Request))
#55 C:/aji/themeforest-uMqxCtcU-qovex-laravel-admin-dashboard-template/Qovex_Laravel_v3.0.0/Admin/vendor/laravel/framework/src/Illuminate/Pipeline/Pipeline.php(183): Illuminate/Foundation/Http/Middleware/PreventRequestsDuringMaintenance->handle(Object(Illuminate/Http/Request), Object(Closure))
#56 C:/aji/themeforest-uMqxCtcU-qovex-laravel-admin-dashboard-template/Qovex_Laravel_v3.0.0/Admin/vendor/laravel/framework/src/Illuminate/Http/Middleware/HandleCors.php(49): Illuminate/Pipeline/Pipeline->Illuminate/Pipeline/{closure}(Object(Illuminate/Http/Request))
#57 C:/aji/themeforest-uMqxCtcU-qovex-laravel-admin-dashboard-template/Qovex_Laravel_v3.0.0/Admin/vendor/laravel/framework/src/Illuminate/Pipeline/Pipeline.php(183): Illuminate/Http/Middleware/HandleCors->handle(Object(Illuminate/Http/Request), Object(Closure))
#58 C:/aji/themeforest-uMqxCtcU-qovex-laravel-admin-dashboard-template/Qovex_Laravel_v3.0.0/Admin/vendor/laravel/framework/src/Illuminate/Http/Middleware/TrustProxies.php(39): Illuminate/Pipeline/Pipeline->Illuminate/Pipeline/{closure}(Object(Illuminate/Http/Request))
#59 C:/aji/themeforest-uMqxCtcU-qovex-laravel-admin-dashboard-template/Qovex_Laravel_v3.0.0/Admin/vendor/laravel/framework/src/Illuminate/Pipeline/Pipeline.php(183): Illuminate/Http/Middleware/TrustProxies->handle(Object(Illuminate/Http/Request), Object(Closure))
#60 C:/aji/themeforest-uMqxCtcU-qovex-laravel-admin-dashboard-template/Qovex_Laravel_v3.0.0/Admin/vendor/laravel/framework/src/Illuminate/Pipeline/Pipeline.php(119): Illuminate/Pipeline/Pipeline->Illuminate/Pipeline/{closure}(Object(Illuminate/Http/Request))
#61 C:/aji/themeforest-uMqxCtcU-qovex-laravel-admin-dashboard-template/Qovex_Laravel_v3.0.0/Admin/vendor/laravel/framework/src/Illuminate/Foundation/Http/Kernel.php(175): Illuminate/Pipeline/Pipeline->then(Object(Closure))
#62 C:/aji/themeforest-uMqxCtcU-qovex-laravel-admin-dashboard-template/Qovex_Laravel_v3.0.0/Admin/vendor/laravel/framework/src/Illuminate/Foundation/Http/Kernel.php(144): Illuminate/Foundation/Http/Kernel->sendRequestThroughRouter(Object(Illuminate/Http/Request))
#63 C:/aji/themeforest-uMqxCtcU-qovex-laravel-admin-dashboard-template/Qovex_Laravel_v3.0.0/Admin/vendor/laravel/framework/src/Illuminate/Foundation/Testing/Concerns/MakesHttpRequests.php(585): Illuminate/Foundation/Http/Kernel->handle(Object(Illuminate/Http/Request))
#64 C:/aji/themeforest-uMqxCtcU-qovex-laravel-admin-dashboard-template/Qovex_Laravel_v3.0.0/Admin/vendor/laravel/framework/src/Illuminate/Foundation/Testing/Concerns/MakesHttpRequests.php(346): Illuminate/Foundation/Testing/TestCase->call('GET', 'http://127.0.0....', Array, Array, Array, Array)
#65 C:/aji/themeforest-uMqxCtcU-qovex-laravel-admin-dashboard-template/Qovex_Laravel_v3.0.0/Admin/tests/Feature/FinanceControlModuleTest.php(486): Illuminate/Foundation/Testing/TestCase->get('http://127.0.0....')
#66 C:/aji/themeforest-uMqxCtcU-qovex-laravel-admin-dashboard-template/Qovex_Laravel_v3.0.0/Admin/vendor/phpunit/phpunit/src/Framework/TestCase.php(1548): Tests/Feature/FinanceControlModuleTest->test_module_never_mutates_reservations_or_payments()
#67 C:/aji/themeforest-uMqxCtcU-qovex-laravel-admin-dashboard-template/Qovex_Laravel_v3.0.0/Admin/vendor/phpunit/phpunit/src/Framework/TestCase.php(686): PHPUnit/Framework/TestCase->runTest()
#68 C:/aji/themeforest-uMqxCtcU-qovex-laravel-admin-dashboard-template/Qovex_Laravel_v3.0.0/Admin/vendor/phpunit/phpunit/src/Framework/TestRunner.php(106): PHPUnit/Framework/TestCase->runBare()
#69 C:/aji/themeforest-uMqxCtcU-qovex-laravel-admin-dashboard-template/Qovex_Laravel_v3.0.0/Admin/vendor/phpunit/phpunit/src/Framework/TestCase.php(516): PHPUnit/Framework/TestRunner->run(Object(Tests/Feature/FinanceControlModuleTest))
#70 C:/aji/themeforest-uMqxCtcU-qovex-laravel-admin-dashboard-template/Qovex_Laravel_v3.0.0/Admin/vendor/phpunit/phpunit/src/Framework/TestSuite.php(374): PHPUnit/Framework/TestCase->run()
#71 C:/aji/themeforest-uMqxCtcU-qovex-laravel-admin-dashboard-template/Qovex_Laravel_v3.0.0/Admin/vendor/phpunit/phpunit/src/Framework/TestSuite.php(374): PHPUnit/Framework/TestSuite->run()
#72 C:/aji/themeforest-uMqxCtcU-qovex-laravel-admin-dashboard-template/Qovex_Laravel_v3.0.0/Admin/vendor/phpunit/phpunit/src/Framework/TestSuite.php(374): PHPUnit/Framework/TestSuite->run()
#73 C:/aji/themeforest-uMqxCtcU-qovex-laravel-admin-dashboard-template/Qovex_Laravel_v3.0.0/Admin/vendor/phpunit/phpunit/src/TextUI/TestRunner.php(64): PHPUnit/Framework/TestSuite->run()
#74 C:/aji/themeforest-uMqxCtcU-qovex-laravel-admin-dashboard-template/Qovex_Laravel_v3.0.0/Admin/vendor/phpunit/phpunit/src/TextUI/Application.php(204): PHPUnit/TextUI/TestRunner->run(Object(PHPUnit/TextUI/Configuration/Configuration), Object(PHPUnit/Runner/ResultCache/DefaultResultCache), Object(PHPUnit/Framework/TestSuite))
#75 C:/aji/themeforest-uMqxCtcU-qovex-laravel-admin-dashboard-template/Qovex_Laravel_v3.0.0/Admin/vendor/phpunit/phpunit/phpunit(104): PHPUnit/TextUI/Application->run(Array)
#76 C:/aji/themeforest-uMqxCtcU-qovex-laravel-admin-dashboard-template/Qovex_Laravel_v3.0.0/Admin/vendor/bin/phpunit(122): include('C://aji//themefor...')
#77 {main}

[previous exception] [object] (PDOException(code: HY000): SQLSTATE[HY000]: General error: 1 ambiguous column name: status at C:/aji/themeforest-uMqxCtcU-qovex-laravel-admin-dashboard-template/Qovex_Laravel_v3.0.0/Admin/vendor/laravel/framework/src/Illuminate/Database/Connection.php:423)
[stacktrace]
#0 C:/aji/themeforest-uMqxCtcU-qovex-laravel-admin-dashboard-template/Qovex_Laravel_v3.0.0/Admin/vendor/laravel/framework/src/Illuminate/Database/Connection.php(423): PDO->prepare('select \"departu...')
#1 C:/aji/themeforest-uMqxCtcU-qovex-laravel-admin-dashboard-template/Qovex_Laravel_v3.0.0/Admin/vendor/laravel/framework/src/Illuminate/Database/Connection.php(816): Illuminate/Database/Connection->Illuminate/Database/{closure}('select \"departu...', Array)
#2 C:/aji/themeforest-uMqxCtcU-qovex-laravel-admin-dashboard-template/Qovex_Laravel_v3.0.0/Admin/vendor/laravel/framework/src/Illuminate/Database/Connection.php(783): Illuminate/Database/Connection->runQueryCallback('select \"departu...', Array, Object(Closure))
#3 C:/aji/themeforest-uMqxCtcU-qovex-laravel-admin-dashboard-template/Qovex_Laravel_v3.0.0/Admin/vendor/laravel/framework/src/Illuminate/Database/Connection.php(414): Illuminate/Database/Connection->run('select \"departu...', Array, Object(Closure))
#4 C:/aji/themeforest-uMqxCtcU-qovex-laravel-admin-dashboard-template/Qovex_Laravel_v3.0.0/Admin/vendor/laravel/framework/src/Illuminate/Database/Query/Builder.php(2913): Illuminate/Database/Connection->select('select \"departu...', Array, true)
#5 C:/aji/themeforest-uMqxCtcU-qovex-laravel-admin-dashboard-template/Qovex_Laravel_v3.0.0/Admin/vendor/laravel/framework/src/Illuminate/Database/Query/Builder.php(2902): Illuminate/Database/Query/Builder->runSelect()
#6 C:/aji/themeforest-uMqxCtcU-qovex-laravel-admin-dashboard-template/Qovex_Laravel_v3.0.0/Admin/vendor/laravel/framework/src/Illuminate/Database/Query/Builder.php(3456): Illuminate/Database/Query/Builder->Illuminate/Database/Query/{closure}()
#7 C:/aji/themeforest-uMqxCtcU-qovex-laravel-admin-dashboard-template/Qovex_Laravel_v3.0.0/Admin/vendor/laravel/framework/src/Illuminate/Database/Query/Builder.php(2901): Illuminate/Database/Query/Builder->onceWithColumns(Array, Object(Closure))
#8 C:/aji/themeforest-uMqxCtcU-qovex-laravel-admin-dashboard-template/Qovex_Laravel_v3.0.0/Admin/vendor/laravel/framework/src/Illuminate/Database/Eloquent/Builder.php(739): Illuminate/Database/Query/Builder->get(Array)
#9 C:/aji/themeforest-uMqxCtcU-qovex-laravel-admin-dashboard-template/Qovex_Laravel_v3.0.0/Admin/vendor/laravel/framework/src/Illuminate/Database/Eloquent/Builder.php(723): Illuminate/Database/Eloquent/Builder->getModels(Array)
#10 C:/aji/themeforest-uMqxCtcU-qovex-laravel-admin-dashboard-template/Qovex_Laravel_v3.0.0/Admin/app/Http/Controllers/Admin/Finance/Control/TreasuryController.php(96): Illuminate/Database/Eloquent/Builder->get(Array)
#11 C:/aji/themeforest-uMqxCtcU-qovex-laravel-admin-dashboard-template/Qovex_Laravel_v3.0.0/Admin/app/Http/Controllers/Admin/Finance/Control/TreasuryController.php(43): App/Http/Controllers/Admin/Finance/Control/TreasuryController->movements(Array)
#12 C:/aji/themeforest-uMqxCtcU-qovex-laravel-admin-dashboard-template/Qovex_Laravel_v3.0.0/Admin/vendor/laravel/framework/src/Illuminate/Routing/Controller.php(54): App/Http/Controllers/Admin/Finance/Control/TreasuryController->index(Object(Illuminate/Http/Request))
#13 C:/aji/themeforest-uMqxCtcU-qovex-laravel-admin-dashboard-template/Qovex_Laravel_v3.0.0/Admin/vendor/laravel/framework/src/Illuminate/Routing/ControllerDispatcher.php(43): Illuminate/Routing/Controller->callAction('index', Array)
#14 C:/aji/themeforest-uMqxCtcU-qovex-laravel-admin-dashboard-template/Qovex_Laravel_v3.0.0/Admin/vendor/laravel/framework/src/Illuminate/Routing/Route.php(259): Illuminate/Routing/ControllerDispatcher->dispatch(Object(Illuminate/Routing/Route), Object(App/Http/Controllers/Admin/Finance/Control/TreasuryController), 'index')
#15 C:/aji/themeforest-uMqxCtcU-qovex-laravel-admin-dashboard-template/Qovex_Laravel_v3.0.0/Admin/vendor/laravel/framework/src/Illuminate/Routing/Route.php(205): Illuminate/Routing/Route->runController()
#16 C:/aji/themeforest-uMqxCtcU-qovex-laravel-admin-dashboard-template/Qovex_Laravel_v3.0.0/Admin/vendor/laravel/framework/src/Illuminate/Routing/Router.php(806): Illuminate/Routing/Route->run()
#17 C:/aji/themeforest-uMqxCtcU-qovex-laravel-admin-dashboard-template/Qovex_Laravel_v3.0.0/Admin/vendor/laravel/framework/src/Illuminate/Pipeline/Pipeline.php(144): Illuminate/Routing/Router->Illuminate/Routing/{closure}(Object(Illuminate/Http/Request))
#18 C:/aji/themeforest-uMqxCtcU-qovex-laravel-admin-dashboard-template/Qovex_Laravel_v3.0.0/Admin/app/Http/Middleware/EnsureFinanceControlAccess.php(34): Illuminate/Pipeline/Pipeline->Illuminate/Pipeline/{closure}(Object(Illuminate/Http/Request))
#19 C:/aji/themeforest-uMqxCtcU-qovex-laravel-admin-dashboard-template/Qovex_Laravel_v3.0.0/Admin/vendor/laravel/framework/src/Illuminate/Pipeline/Pipeline.php(183): App/Http/Middleware/EnsureFinanceControlAccess->handle(Object(Illuminate/Http/Request), Object(Closure))
#20 C:/aji/themeforest-uMqxCtcU-qovex-laravel-admin-dashboard-template/Qovex_Laravel_v3.0.0/Admin/app/Http/Middleware/EnsureRoutePermission.php(65): Illuminate/Pipeline/Pipeline->Illuminate/Pipeline/{closure}(Object(Illuminate/Http/Request))
#21 C:/aji/themeforest-uMqxCtcU-qovex-laravel-admin-dashboard-template/Qovex_Laravel_v3.0.0/Admin/vendor/laravel/framework/src/Illuminate/Pipeline/Pipeline.php(183): App/Http/Middleware/EnsureRoutePermission->handle(Object(Illuminate/Http/Request), Object(Closure))
#22 C:/aji/themeforest-uMqxCtcU-qovex-laravel-admin-dashboard-template/Qovex_Laravel_v3.0.0/Admin/app/Http/Middleware/EnsureNotLocked.php(17): Illuminate/Pipeline/Pipeline->Illuminate/Pipeline/{closure}(Object(Illuminate/Http/Request))
#23 C:/aji/themeforest-uMqxCtcU-qovex-laravel-admin-dashboard-template/Qovex_Laravel_v3.0.0/Admin/vendor/laravel/framework/src/Illuminate/Pipeline/Pipeline.php(183): App/Http/Middleware/EnsureNotLocked->handle(Object(Illuminate/Http/Request), Object(Closure))
#24 C:/aji/themeforest-uMqxCtcU-qovex-laravel-admin-dashboard-template/Qovex_Laravel_v3.0.0/Admin/app/Http/Middleware/AdminMiddleware.php(52): Illuminate/Pipeline/Pipeline->Illuminate/Pipeline/{closure}(Object(Illuminate/Http/Request))
#25 C:/aji/themeforest-uMqxCtcU-qovex-laravel-admin-dashboard-template/Qovex_Laravel_v3.0.0/Admin/vendor/laravel/framework/src/Illuminate/Pipeline/Pipeline.php(183): App/Http/Middleware/AdminMiddleware->handle(Object(Illuminate/Http/Request), Object(Closure))
#26 C:/aji/themeforest-uMqxCtcU-qovex-laravel-admin-dashboard-template/Qovex_Laravel_v3.0.0/Admin/vendor/laravel/framework/src/Illuminate/Routing/Middleware/SubstituteBindings.php(50): Illuminate/Pipeline/Pipeline->Illuminate/Pipeline/{closure}(Object(Illuminate/Http/Request))
#27 C:/aji/themeforest-uMqxCtcU-qovex-laravel-admin-dashboard-template/Qovex_Laravel_v3.0.0/Admin/vendor/laravel/framework/src/Illuminate/Pipeline/Pipeline.php(183): Illuminate/Routing/Middleware/SubstituteBindings->handle(Object(Illuminate/Http/Request), Object(Closure))
#28 C:/aji/themeforest-uMqxCtcU-qovex-laravel-admin-dashboard-template/Qovex_Laravel_v3.0.0/Admin/vendor/laravel/framework/src/Illuminate/Auth/Middleware/Authenticate.php(57): Illuminate/Pipeline/Pipeline->Illuminate/Pipeline/{closure}(Object(Illuminate/Http/Request))
#29 C:/aji/themeforest-uMqxCtcU-qovex-laravel-admin-dashboard-template/Qovex_Laravel_v3.0.0/Admin/vendor/laravel/framework/src/Illuminate/Pipeline/Pipeline.php(183): Illuminate/Auth/Middleware/Authenticate->handle(Object(Illuminate/Http/Request), Object(Closure))
#30 C:/aji/themeforest-uMqxCtcU-qovex-laravel-admin-dashboard-template/Qovex_Laravel_v3.0.0/Admin/vendor/laravel/framework/src/Illuminate/Foundation/Http/Middleware/VerifyCsrfToken.php(78): Illuminate/Pipeline/Pipeline->Illuminate/Pipeline/{closure}(Object(Illuminate/Http/Request))
#31 C:/aji/themeforest-uMqxCtcU-qovex-laravel-admin-dashboard-template/Qovex_Laravel_v3.0.0/Admin/vendor/laravel/framework/src/Illuminate/Pipeline/Pipeline.php(183): Illuminate/Foundation/Http/Middleware/VerifyCsrfToken->handle(Object(Illuminate/Http/Request), Object(Closure))
#32 C:/aji/themeforest-uMqxCtcU-qovex-laravel-admin-dashboard-template/Qovex_Laravel_v3.0.0/Admin/vendor/laravel/framework/src/Illuminate/View/Middleware/ShareErrorsFromSession.php(49): Illuminate/Pipeline/Pipeline->Illuminate/Pipeline/{closure}(Object(Illuminate/Http/Request))
#33 C:/aji/themeforest-uMqxCtcU-qovex-laravel-admin-dashboard-template/Qovex_Laravel_v3.0.0/Admin/vendor/laravel/framework/src/Illuminate/Pipeline/Pipeline.php(183): Illuminate/View/Middleware/ShareErrorsFromSession->handle(Object(Illuminate/Http/Request), Object(Closure))
#34 C:/aji/themeforest-uMqxCtcU-qovex-laravel-admin-dashboard-template/Qovex_Laravel_v3.0.0/Admin/vendor/laravel/framework/src/Illuminate/Session/Middleware/StartSession.php(121): Illuminate/Pipeline/Pipeline->Illuminate/Pipeline/{closure}(Object(Illuminate/Http/Request))
#35 C:/aji/themeforest-uMqxCtcU-qovex-laravel-admin-dashboard-template/Qovex_Laravel_v3.0.0/Admin/vendor/laravel/framework/src/Illuminate/Session/Middleware/StartSession.php(64): Illuminate/Session/Middleware/StartSession->handleStatefulRequest(Object(Illuminate/Http/Request), Object(Illuminate/Session/Store), Object(Closure))
#36 C:/aji/themeforest-uMqxCtcU-qovex-laravel-admin-dashboard-template/Qovex_Laravel_v3.0.0/Admin/vendor/laravel/framework/src/Illuminate/Pipeline/Pipeline.php(183): Illuminate/Session/Middleware/StartSession->handle(Object(Illuminate/Http/Request), Object(Closure))
#37 C:/aji/themeforest-uMqxCtcU-qovex-laravel-admin-dashboard-template/Qovex_Laravel_v3.0.0/Admin/vendor/laravel/framework/src/Illuminate/Cookie/Middleware/AddQueuedCookiesToResponse.php(37): Illuminate/Pipeline/Pipeline->Illuminate/Pipeline/{closure}(Object(Illuminate/Http/Request))
#38 C:/aji/themeforest-uMqxCtcU-qovex-laravel-admin-dashboard-template/Qovex_Laravel_v3.0.0/Admin/vendor/laravel/framework/src/Illuminate/Pipeline/Pipeline.php(183): Illuminate/Cookie/Middleware/AddQueuedCookiesToResponse->handle(Object(Illuminate/Http/Request), Object(Closure))
#39 C:/aji/themeforest-uMqxCtcU-qovex-laravel-admin-dashboard-template/Qovex_Laravel_v3.0.0/Admin/vendor/laravel/framework/src/Illuminate/Cookie/Middleware/EncryptCookies.php(67): Illuminate/Pipeline/Pipeline->Illuminate/Pipeline/{closure}(Object(Illuminate/Http/Request))
#40 C:/aji/themeforest-uMqxCtcU-qovex-laravel-admin-dashboard-template/Qovex_Laravel_v3.0.0/Admin/vendor/laravel/framework/src/Illuminate/Pipeline/Pipeline.php(183): Illuminate/Cookie/Middleware/EncryptCookies->handle(Object(Illuminate/Http/Request), Object(Closure))
#41 C:/aji/themeforest-uMqxCtcU-qovex-laravel-admin-dashboard-template/Qovex_Laravel_v3.0.0/Admin/vendor/laravel/framework/src/Illuminate/Pipeline/Pipeline.php(119): Illuminate/Pipeline/Pipeline->Illuminate/Pipeline/{closure}(Object(Illuminate/Http/Request))
#42 C:/aji/themeforest-uMqxCtcU-qovex-laravel-admin-dashboard-template/Qovex_Laravel_v3.0.0/Admin/vendor/laravel/framework/src/Illuminate/Routing/Router.php(805): Illuminate/Pipeline/Pipeline->then(Object(Closure))
#43 C:/aji/themeforest-uMqxCtcU-qovex-laravel-admin-dashboard-template/Qovex_Laravel_v3.0.0/Admin/vendor/laravel/framework/src/Illuminate/Routing/Router.php(784): Illuminate/Routing/Router->runRouteWithinStack(Object(Illuminate/Routing/Route), Object(Illuminate/Http/Request))
#44 C:/aji/themeforest-uMqxCtcU-qovex-laravel-admin-dashboard-template/Qovex_Laravel_v3.0.0/Admin/vendor/laravel/framework/src/Illuminate/Routing/Router.php(748): Illuminate/Routing/Router->runRoute(Object(Illuminate/Http/Request), Object(Illuminate/Routing/Route))
#45 C:/aji/themeforest-uMqxCtcU-qovex-laravel-admin-dashboard-template/Qovex_Laravel_v3.0.0/Admin/vendor/laravel/framework/src/Illuminate/Routing/Router.php(737): Illuminate/Routing/Router->dispatchToRoute(Object(Illuminate/Http/Request))
#46 C:/aji/themeforest-uMqxCtcU-qovex-laravel-admin-dashboard-template/Qovex_Laravel_v3.0.0/Admin/vendor/laravel/framework/src/Illuminate/Foundation/Http/Kernel.php(200): Illuminate/Routing/Router->dispatch(Object(Illuminate/Http/Request))
#47 C:/aji/themeforest-uMqxCtcU-qovex-laravel-admin-dashboard-template/Qovex_Laravel_v3.0.0/Admin/vendor/laravel/framework/src/Illuminate/Pipeline/Pipeline.php(144): Illuminate/Foundation/Http/Kernel->Illuminate/Foundation/Http/{closure}(Object(Illuminate/Http/Request))
#48 C:/aji/themeforest-uMqxCtcU-qovex-laravel-admin-dashboard-template/Qovex_Laravel_v3.0.0/Admin/vendor/laravel/framework/src/Illuminate/Foundation/Http/Middleware/TransformsRequest.php(21): Illuminate/Pipeline/Pipeline->Illuminate/Pipeline/{closure}(Object(Illuminate/Http/Request))
#49 C:/aji/themeforest-uMqxCtcU-qovex-laravel-admin-dashboard-template/Qovex_Laravel_v3.0.0/Admin/vendor/laravel/framework/src/Illuminate/Foundation/Http/Middleware/ConvertEmptyStringsToNull.php(31): Illuminate/Foundation/Http/Middleware/TransformsRequest->handle(Object(Illuminate/Http/Request), Object(Closure))
#50 C:/aji/themeforest-uMqxCtcU-qovex-laravel-admin-dashboard-template/Qovex_Laravel_v3.0.0/Admin/vendor/laravel/framework/src/Illuminate/Pipeline/Pipeline.php(183): Illuminate/Foundation/Http/Middleware/ConvertEmptyStringsToNull->handle(Object(Illuminate/Http/Request), Object(Closure))
#51 C:/aji/themeforest-uMqxCtcU-qovex-laravel-admin-dashboard-template/Qovex_Laravel_v3.0.0/Admin/vendor/laravel/framework/src/Illuminate/Foundation/Http/Middleware/TransformsRequest.php(21): Illuminate/Pipeline/Pipeline->Illuminate/Pipeline/{closure}(Object(Illuminate/Http/Request))
#52 C:/aji/themeforest-uMqxCtcU-qovex-laravel-admin-dashboard-template/Qovex_Laravel_v3.0.0/Admin/vendor/laravel/framework/src/Illuminate/Foundation/Http/Middleware/TrimStrings.php(40): Illuminate/Foundation/Http/Middleware/TransformsRequest->handle(Object(Illuminate/Http/Request), Object(Closure))
#53 C:/aji/themeforest-uMqxCtcU-qovex-laravel-admin-dashboard-template/Qovex_Laravel_v3.0.0/Admin/vendor/laravel/framework/src/Illuminate/Pipeline/Pipeline.php(183): Illuminate/Foundation/Http/Middleware/TrimStrings->handle(Object(Illuminate/Http/Request), Object(Closure))
#54 C:/aji/themeforest-uMqxCtcU-qovex-laravel-admin-dashboard-template/Qovex_Laravel_v3.0.0/Admin/vendor/laravel/framework/src/Illuminate/Foundation/Http/Middleware/ValidatePostSize.php(27): Illuminate/Pipeline/Pipeline->Illuminate/Pipeline/{closure}(Object(Illuminate/Http/Request))
#55 C:/aji/themeforest-uMqxCtcU-qovex-laravel-admin-dashboard-template/Qovex_Laravel_v3.0.0/Admin/vendor/laravel/framework/src/Illuminate/Pipeline/Pipeline.php(183): Illuminate/Foundation/Http/Middleware/ValidatePostSize->handle(Object(Illuminate/Http/Request), Object(Closure))
#56 C:/aji/themeforest-uMqxCtcU-qovex-laravel-admin-dashboard-template/Qovex_Laravel_v3.0.0/Admin/vendor/laravel/framework/src/Illuminate/Foundation/Http/Middleware/PreventRequestsDuringMaintenance.php(99): Illuminate/Pipeline/Pipeline->Illuminate/Pipeline/{closure}(Object(Illuminate/Http/Request))
#57 C:/aji/themeforest-uMqxCtcU-qovex-laravel-admin-dashboard-template/Qovex_Laravel_v3.0.0/Admin/vendor/laravel/framework/src/Illuminate/Pipeline/Pipeline.php(183): Illuminate/Foundation/Http/Middleware/PreventRequestsDuringMaintenance->handle(Object(Illuminate/Http/Request), Object(Closure))
#58 C:/aji/themeforest-uMqxCtcU-qovex-laravel-admin-dashboard-template/Qovex_Laravel_v3.0.0/Admin/vendor/laravel/framework/src/Illuminate/Http/Middleware/HandleCors.php(49): Illuminate/Pipeline/Pipeline->Illuminate/Pipeline/{closure}(Object(Illuminate/Http/Request))
#59 C:/aji/themeforest-uMqxCtcU-qovex-laravel-admin-dashboard-template/Qovex_Laravel_v3.0.0/Admin/vendor/laravel/framework/src/Illuminate/Pipeline/Pipeline.php(183): Illuminate/Http/Middleware/HandleCors->handle(Object(Illuminate/Http/Request), Object(Closure))
#60 C:/aji/themeforest-uMqxCtcU-qovex-laravel-admin-dashboard-template/Qovex_Laravel_v3.0.0/Admin/vendor/laravel/framework/src/Illuminate/Http/Middleware/TrustProxies.php(39): Illuminate/Pipeline/Pipeline->Illuminate/Pipeline/{closure}(Object(Illuminate/Http/Request))
#61 C:/aji/themeforest-uMqxCtcU-qovex-laravel-admin-dashboard-template/Qovex_Laravel_v3.0.0/Admin/vendor/laravel/framework/src/Illuminate/Pipeline/Pipeline.php(183): Illuminate/Http/Middleware/TrustProxies->handle(Object(Illuminate/Http/Request), Object(Closure))
#62 C:/aji/themeforest-uMqxCtcU-qovex-laravel-admin-dashboard-template/Qovex_Laravel_v3.0.0/Admin/vendor/laravel/framework/src/Illuminate/Pipeline/Pipeline.php(119): Illuminate/Pipeline/Pipeline->Illuminate/Pipeline/{closure}(Object(Illuminate/Http/Request))
#63 C:/aji/themeforest-uMqxCtcU-qovex-laravel-admin-dashboard-template/Qovex_Laravel_v3.0.0/Admin/vendor/laravel/framework/src/Illuminate/Foundation/Http/Kernel.php(175): Illuminate/Pipeline/Pipeline->then(Object(Closure))
#64 C:/aji/themeforest-uMqxCtcU-qovex-laravel-admin-dashboard-template/Qovex_Laravel_v3.0.0/Admin/vendor/laravel/framework/src/Illuminate/Foundation/Http/Kernel.php(144): Illuminate/Foundation/Http/Kernel->sendRequestThroughRouter(Object(Illuminate/Http/Request))
#65 C:/aji/themeforest-uMqxCtcU-qovex-laravel-admin-dashboard-template/Qovex_Laravel_v3.0.0/Admin/vendor/laravel/framework/src/Illuminate/Foundation/Testing/Concerns/MakesHttpRequests.php(585): Illuminate/Foundation/Http/Kernel->handle(Object(Illuminate/Http/Request))
#66 C:/aji/themeforest-uMqxCtcU-qovex-laravel-admin-dashboard-template/Qovex_Laravel_v3.0.0/Admin/vendor/laravel/framework/src/Illuminate/Foundation/Testing/Concerns/MakesHttpRequests.php(346): Illuminate/Foundation/Testing/TestCase->call('GET', 'http://127.0.0....', Array, Array, Array, Array)
#67 C:/aji/themeforest-uMqxCtcU-qovex-laravel-admin-dashboard-template/Qovex_Laravel_v3.0.0/Admin/tests/Feature/FinanceControlModuleTest.php(486): Illuminate/Foundation/Testing/TestCase->get('http://127.0.0....')
#68 C:/aji/themeforest-uMqxCtcU-qovex-laravel-admin-dashboard-template/Qovex_Laravel_v3.0.0/Admin/vendor/phpunit/phpunit/src/Framework/TestCase.php(1548): Tests/Feature/FinanceControlModuleTest->test_module_never_mutates_reservations_or_payments()
#69 C:/aji/themeforest-uMqxCtcU-qovex-laravel-admin-dashboard-template/Qovex_Laravel_v3.0.0/Admin/vendor/phpunit/phpunit/src/Framework/TestCase.php(686): PHPUnit/Framework/TestCase->runTest()
#70 C:/aji/themeforest-uMqxCtcU-qovex-laravel-admin-dashboard-template/Qovex_Laravel_v3.0.0/Admin/vendor/phpunit/phpunit/src/Framework/TestRunner.php(106): PHPUnit/Framework/TestCase->runBare()
#71 C:/aji/themeforest-uMqxCtcU-qovex-laravel-admin-dashboard-template/Qovex_Laravel_v3.0.0/Admin/vendor/phpunit/phpunit/src/Framework/TestCase.php(516): PHPUnit/Framework/TestRunner->run(Object(Tests/Feature/FinanceControlModuleTest))
#72 C:/aji/themeforest-uMqxCtcU-qovex-laravel-admin-dashboard-template/Qovex_Laravel_v3.0.0/Admin/vendor/phpunit/phpunit/src/Framework/TestSuite.php(374): PHPUnit/Framework/TestCase->run()
#73 C:/aji/themeforest-uMqxCtcU-qovex-laravel-admin-dashboard-template/Qovex_Laravel_v3.0.0/Admin/vendor/phpunit/phpunit/src/Framework/TestSuite.php(374): PHPUnit/Framework/TestSuite->run()
#74 C:/aji/themeforest-uMqxCtcU-qovex-laravel-admin-dashboard-template/Qovex_Laravel_v3.0.0/Admin/vendor/phpunit/phpunit/src/Framework/TestSuite.php(374): PHPUnit/Framework/TestSuite->run()
#75 C:/aji/themeforest-uMqxCtcU-qovex-laravel-admin-dashboard-template/Qovex_Laravel_v3.0.0/Admin/vendor/phpunit/phpunit/src/TextUI/TestRunner.php(64): PHPUnit/Framework/TestSuite->run()
#76 C:/aji/themeforest-uMqxCtcU-qovex-laravel-admin-dashboard-template/Qovex_Laravel_v3.0.0/Admin/vendor/phpunit/phpunit/src/TextUI/Application.php(204): PHPUnit/TextUI/TestRunner->run(Object(PHPUnit/TextUI/Configuration/Configuration), Object(PHPUnit/Runner/ResultCache/DefaultResultCache), Object(PHPUnit/Framework/TestSuite))
#77 C:/aji/themeforest-uMqxCtcU-qovex-laravel-admin-dashboard-template/Qovex_Laravel_v3.0.0/Admin/vendor/phpunit/phpunit/phpunit(104): PHPUnit/TextUI/Application->run(Array)
#78 C:/aji/themeforest-uMqxCtcU-qovex-laravel-admin-dashboard-template/Qovex_Laravel_v3.0.0/Admin/vendor/bin/phpunit(122): include('C://aji//themefor...')
#79 {main}
"} 
[2026-09-09 12:34:06] testing.ERROR: Failed to create WP tour from Laravel {"voyage_id":1,"error":"SQLSTATE[HY000]: General error: 1 no such table: cFdgeZ_posts (Connection: wp, SQL: insert into \"cFdgeZ_posts\" (\"to_ping\", \"pinged\", \"post_password\", \"post_content_filtered\", \"guid\", \"post_parent\", \"menu_order\", \"post_mime_type\", \"comment_count\", \"post_date\", \"post_date_gmt\", \"post_modified\", \"post_modified_gmt\", \"post_status\", \"comment_status\", \"ping_status\", \"post_type\", \"post_title\", \"post_name\", \"post_content\", \"post_excerpt\") values (, , , , , 0, 0, , 0, 2026-09-09 12:34:06, 2026-09-09 12:34:06, 2026-09-09 12:34:06, 2026-09-09 12:34:06, draft, closed, closed, st_tours, Circuit Sud, circuit-sud, , ))"} 
[2026-09-09 12:34:06] testing.ERROR: Auto-sync failed on create {"voyage_id":1,"error":"SQLSTATE[HY000]: General error: 1 no such table: cFdgeZ_posts (Connection: wp, SQL: insert into \"cFdgeZ_posts\" (\"to_ping\", \"pinged\", \"post_password\", \"post_content_filtered\", \"guid\", \"post_parent\", \"menu_order\", \"post_mime_type\", \"comment_count\", \"post_date\", \"post_date_gmt\", \"post_modified\", \"post_modified_gmt\", \"post_status\", \"comment_status\", \"ping_status\", \"post_type\", \"post_title\", \"post_name\", \"post_content\", \"post_excerpt\") values (, , , , , 0, 0, , 0, 2026-09-09 12:34:06, 2026-09-09 12:34:06, 2026-09-09 12:34:06, 2026-09-09 12:34:06, draft, closed, closed, st_tours, Circuit Sud, circuit-sud, , ))"} 
[2026-09-09 12:34:09] testing.ERROR: Failed to create WP tour from Laravel {"voyage_id":1,"error":"SQLSTATE[HY000]: General error: 1 no such table: cFdgeZ_posts (Connection: wp, SQL: insert into \"cFdgeZ_posts\" (\"to_ping\", \"pinged\", \"post_password\", \"post_content_filtered\", \"guid\", \"post_parent\", \"menu_order\", \"post_mime_type\", \"comment_count\", \"post_date\", \"post_date_gmt\", \"post_modified\", \"post_modified_gmt\", \"post_status\", \"comment_status\", \"ping_status\", \"post_type\", \"post_title\", \"post_name\", \"post_content\", \"post_excerpt\") values (, , , , , 0, 0, , 0, 2026-09-09 12:34:09, 2026-09-09 12:34:09, 2026-09-09 12:34:09, 2026-09-09 12:34:09, draft, closed, closed, st_tours, Circuit vide, circuit-vide, , ))"} 
[2026-09-09 12:34:09] testing.ERROR: Auto-sync failed on create {"voyage_id":1,"error":"SQLSTATE[HY000]: General error: 1 no such table: cFdgeZ_posts (Connection: wp, SQL: insert into \"cFdgeZ_posts\" (\"to_ping\", \"pinged\", \"post_password\", \"post_content_filtered\", \"guid\", \"post_parent\", \"menu_order\", \"post_mime_type\", \"comment_count\", \"post_date\", \"post_date_gmt\", \"post_modified\", \"post_modified_gmt\", \"post_status\", \"comment_status\", \"ping_status\", \"post_type\", \"post_title\", \"post_name\", \"post_content\", \"post_excerpt\") values (, , , , , 0, 0, , 0, 2026-09-09 12:34:09, 2026-09-09 12:34:09, 2026-09-09 12:34:09, 2026-09-09 12:34:09, draft, closed, closed, st_tours, Circuit vide, circuit-vide, , ))"} 
[2026-09-09 12:34:37] testing.ERROR: Failed to create WP tour from Laravel {"voyage_id":1,"error":"SQLSTATE[HY000]: General error: 1 no such table: cFdgeZ_posts (Connection: wp, SQL: insert into \"cFdgeZ_posts\" (\"to_ping\", \"pinged\", \"post_password\", \"post_content_filtered\", \"guid\", \"post_parent\", \"menu_order\", \"post_mime_type\", \"comment_count\", \"post_date\", \"post_date_gmt\", \"post_modified\", \"post_modified_gmt\", \"post_status\", \"comment_status\", \"ping_status\", \"post_type\", \"post_title\", \"post_name\", \"post_content\", \"post_excerpt\") values (, , , , , 0, 0, , 0, 2026-09-09 12:34:37, 2026-09-09 12:34:37, 2026-09-09 12:34:37, 2026-09-09 12:34:37, draft, closed, closed, st_tours, Circuit Sud, circuit-sud, , ))"} 
[2026-09-09 12:34:37] testing.ERROR: Auto-sync failed on create {"voyage_id":1,"error":"SQLSTATE[HY000]: General error: 1 no such table: cFdgeZ_posts (Connection: wp, SQL: insert into \"cFdgeZ_posts\" (\"to_ping\", \"pinged\", \"post_password\", \"post_content_filtered\", \"guid\", \"post_parent\", \"menu_order\", \"post_mime_type\", \"comment_count\", \"post_date\", \"post_date_gmt\", \"post_modified\", \"post_modified_gmt\", \"post_status\", \"comment_status\", \"ping_status\", \"post_type\", \"post_title\", \"post_name\", \"post_content\", \"post_excerpt\") values (, , , , , 0, 0, , 0, 2026-09-09 12:34:37, 2026-09-09 12:34:37, 2026-09-09 12:34:37, 2026-09-09 12:34:37, draft, closed, closed, st_tours, Circuit Sud, circuit-sud, , ))"} 
[2026-09-09 12:36:06] testing.ERROR: Failed to create WP tour from Laravel {"voyage_id":1,"error":"SQLSTATE[HY000]: General error: 1 no such table: cFdgeZ_posts (Connection: wp, SQL: insert into \"cFdgeZ_posts\" (\"to_ping\", \"pinged\", \"post_password\", \"post_content_filtered\", \"guid\", \"post_parent\", \"menu_order\", \"post_mime_type\", \"comment_count\", \"post_date\", \"post_date_gmt\", \"post_modified\", \"post_modified_gmt\", \"post_status\", \"comment_status\", \"ping_status\", \"post_type\", \"post_title\", \"post_name\", \"post_content\", \"post_excerpt\") values (, , , , , 0, 0, , 0, 2026-09-09 12:36:06, 2026-09-09 12:36:06, 2026-09-09 12:36:06, 2026-09-09 12:36:06, draft, closed, closed, st_tours, Circuit Sud, circuit-sud, , ))"} 
[2026-09-09 12:36:06] testing.ERROR: Auto-sync failed on create {"voyage_id":1,"error":"SQLSTATE[HY000]: General error: 1 no such table: cFdgeZ_posts (Connection: wp, SQL: insert into \"cFdgeZ_posts\" (\"to_ping\", \"pinged\", \"post_password\", \"post_content_filtered\", \"guid\", \"post_parent\", \"menu_order\", \"post_mime_type\", \"comment_count\", \"post_date\", \"post_date_gmt\", \"post_modified\", \"post_modified_gmt\", \"post_status\", \"comment_status\", \"ping_status\", \"post_type\", \"post_title\", \"post_name\", \"post_content\", \"post_excerpt\") values (, , , , , 0, 0, , 0, 2026-09-09 12:36:06, 2026-09-09 12:36:06, 2026-09-09 12:36:06, 2026-09-09 12:36:06, draft, closed, closed, st_tours, Circuit Sud, circuit-sud, , ))"} 
[2026-09-09 12:36:27] testing.ERROR: Failed to create WP tour from Laravel {"voyage_id":1,"error":"SQLSTATE[HY000]: General error: 1 no such table: cFdgeZ_posts (Connection: wp, SQL: insert into \"cFdgeZ_posts\" (\"to_ping\", \"pinged\", \"post_password\", \"post_content_filtered\", \"guid\", \"post_parent\", \"menu_order\", \"post_mime_type\", \"comment_count\", \"post_date\", \"post_date_gmt\", \"post_modified\", \"post_modified_gmt\", \"post_status\", \"comment_status\", \"ping_status\", \"post_type\", \"post_title\", \"post_name\", \"post_content\", \"post_excerpt\") values (, , , , , 0, 0, , 0, 2026-09-09 12:36:27, 2026-09-09 12:36:27, 2026-09-09 12:36:27, 2026-09-09 12:36:27, draft, closed, closed, st_tours, Circuit Sud, circuit-sud, , ))"} 
[2026-09-09 12:36:27] testing.ERROR: Auto-sync failed on create {"voyage_id":1,"error":"SQLSTATE[HY000]: General error: 1 no such table: cFdgeZ_posts (Connection: wp, SQL: insert into \"cFdgeZ_posts\" (\"to_ping\", \"pinged\", \"post_password\", \"post_content_filtered\", \"guid\", \"post_parent\", \"menu_order\", \"post_mime_type\", \"comment_count\", \"post_date\", \"post_date_gmt\", \"post_modified\", \"post_modified_gmt\", \"post_status\", \"comment_status\", \"ping_status\", \"post_type\", \"post_title\", \"post_name\", \"post_content\", \"post_excerpt\") values (, , , , , 0, 0, , 0, 2026-09-09 12:36:27, 2026-09-09 12:36:27, 2026-09-09 12:36:27, 2026-09-09 12:36:27, draft, closed, closed, st_tours, Circuit Sud, circuit-sud, , ))"} 
[2026-09-09 12:36:40] testing.ERROR: Failed to create WP tour from Laravel {"voyage_id":1,"error":"SQLSTATE[HY000]: General error: 1 no such table: cFdgeZ_posts (Connection: wp, SQL: insert into \"cFdgeZ_posts\" (\"to_ping\", \"pinged\", \"post_password\", \"post_content_filtered\", \"guid\", \"post_parent\", \"menu_order\", \"post_mime_type\", \"comment_count\", \"post_date\", \"post_date_gmt\", \"post_modified\", \"post_modified_gmt\", \"post_status\", \"comment_status\", \"ping_status\", \"post_type\", \"post_title\", \"post_name\", \"post_content\", \"post_excerpt\") values (, , , , , 0, 0, , 0, 2026-09-09 12:36:40, 2026-09-09 12:36:40, 2026-09-09 12:36:40, 2026-09-09 12:36:40, draft, closed, closed, st_tours, Circuit Sud, circuit-sud, , ))"} 
[2026-09-09 12:36:40] testing.ERROR: Auto-sync failed on create {"voyage_id":1,"error":"SQLSTATE[HY000]: General error: 1 no such table: cFdgeZ_posts (Connection: wp, SQL: insert into \"cFdgeZ_posts\" (\"to_ping\", \"pinged\", \"post_password\", \"post_content_filtered\", \"guid\", \"post_parent\", \"menu_order\", \"post_mime_type\", \"comment_count\", \"post_date\", \"post_date_gmt\", \"post_modified\", \"post_modified_gmt\", \"post_status\", \"comment_status\", \"ping_status\", \"post_type\", \"post_title\", \"post_name\", \"post_content\", \"post_excerpt\") values (, , , , , 0, 0, , 0, 2026-09-09 12:36:40, 2026-09-09 12:36:40, 2026-09-09 12:36:40, 2026-09-09 12:36:40, draft, closed, closed, st_tours, Circuit Sud, circuit-sud, , ))"} 
[2026-09-09 12:36:43] testing.ERROR: Failed to create WP tour from Laravel {"voyage_id":1,"error":"SQLSTATE[HY000]: General error: 1 no such table: cFdgeZ_posts (Connection: wp, SQL: insert into \"cFdgeZ_posts\" (\"to_ping\", \"pinged\", \"post_password\", \"post_content_filtered\", \"guid\", \"post_parent\", \"menu_order\", \"post_mime_type\", \"comment_count\", \"post_date\", \"post_date_gmt\", \"post_modified\", \"post_modified_gmt\", \"post_status\", \"comment_status\", \"ping_status\", \"post_type\", \"post_title\", \"post_name\", \"post_content\", \"post_excerpt\") values (, , , , , 0, 0, , 0, 2026-09-09 12:36:43, 2026-09-09 12:36:43, 2026-09-09 12:36:43, 2026-09-09 12:36:43, draft, closed, closed, st_tours, Circuit Sud, circuit-sud, , ))"} 
[2026-09-09 12:36:43] testing.ERROR: Auto-sync failed on create {"voyage_id":1,"error":"SQLSTATE[HY000]: General error: 1 no such table: cFdgeZ_posts (Connection: wp, SQL: insert into \"cFdgeZ_posts\" (\"to_ping\", \"pinged\", \"post_password\", \"post_content_filtered\", \"guid\", \"post_parent\", \"menu_order\", \"post_mime_type\", \"comment_count\", \"post_date\", \"post_date_gmt\", \"post_modified\", \"post_modified_gmt\", \"post_status\", \"comment_status\", \"ping_status\", \"post_type\", \"post_title\", \"post_name\", \"post_content\", \"post_excerpt\") values (, , , , , 0, 0, , 0, 2026-09-09 12:36:43, 2026-09-09 12:36:43, 2026-09-09 12:36:43, 2026-09-09 12:36:43, draft, closed, closed, st_tours, Circuit Sud, circuit-sud, , ))"} 
[2026-09-09 12:36:46] testing.ERROR: Failed to create WP tour from Laravel {"voyage_id":1,"error":"SQLSTATE[HY000]: General error: 1 no such table: cFdgeZ_posts (Connection: wp, SQL: insert into \"cFdgeZ_posts\" (\"to_ping\", \"pinged\", \"post_password\", \"post_content_filtered\", \"guid\", \"post_parent\", \"menu_order\", \"post_mime_type\", \"comment_count\", \"post_date\", \"post_date_gmt\", \"post_modified\", \"post_modified_gmt\", \"post_status\", \"comment_status\", \"ping_status\", \"post_type\", \"post_title\", \"post_name\", \"post_content\", \"post_excerpt\") values (, , , , , 0, 0, , 0, 2026-09-09 12:36:46, 2026-09-09 12:36:46, 2026-09-09 12:36:46, 2026-09-09 12:36:46, draft, closed, closed, st_tours, Circuit Sud, circuit-sud, , ))"} 
[2026-09-09 12:36:46] testing.ERROR: Auto-sync failed on create {"voyage_id":1,"error":"SQLSTATE[HY000]: General error: 1 no such table: cFdgeZ_posts (Connection: wp, SQL: insert into \"cFdgeZ_posts\" (\"to_ping\", \"pinged\", \"post_password\", \"post_content_filtered\", \"guid\", \"post_parent\", \"menu_order\", \"post_mime_type\", \"comment_count\", \"post_date\", \"post_date_gmt\", \"post_modified\", \"post_modified_gmt\", \"post_status\", \"comment_status\", \"ping_status\", \"post_type\", \"post_title\", \"post_name\", \"post_content\", \"post_excerpt\") values (, , , , , 0, 0, , 0, 2026-09-09 12:36:46, 2026-09-09 12:36:46, 2026-09-09 12:36:46, 2026-09-09 12:36:46, draft, closed, closed, st_tours, Circuit Sud, circuit-sud, , ))"} 
[2026-09-09 12:36:51] testing.ERROR: Failed to create WP tour from Laravel {"voyage_id":1,"error":"SQLSTATE[HY000]: General error: 1 no such table: cFdgeZ_posts (Connection: wp, SQL: insert into \"cFdgeZ_posts\" (\"to_ping\", \"pinged\", \"post_password\", \"post_content_filtered\", \"guid\", \"post_parent\", \"menu_order\", \"post_mime_type\", \"comment_count\", \"post_date\", \"post_date_gmt\", \"post_modified\", \"post_modified_gmt\", \"post_status\", \"comment_status\", \"ping_status\", \"post_type\", \"post_title\", \"post_name\", \"post_content\", \"post_excerpt\") values (, , , , , 0, 0, , 0, 2026-09-09 12:36:51, 2026-09-09 12:36:51, 2026-09-09 12:36:51, 2026-09-09 12:36:51, draft, closed, closed, st_tours, Circuit Sud, circuit-sud, , ))"} 
[2026-09-09 12:36:51] testing.ERROR: Auto-sync failed on create {"voyage_id":1,"error":"SQLSTATE[HY000]: General error: 1 no such table: cFdgeZ_posts (Connection: wp, SQL: insert into \"cFdgeZ_posts\" (\"to_ping\", \"pinged\", \"post_password\", \"post_content_filtered\", \"guid\", \"post_parent\", \"menu_order\", \"post_mime_type\", \"comment_count\", \"post_date\", \"post_date_gmt\", \"post_modified\", \"post_modified_gmt\", \"post_status\", \"comment_status\", \"ping_status\", \"post_type\", \"post_title\", \"post_name\", \"post_content\", \"post_excerpt\") values (, , , , , 0, 0, , 0, 2026-09-09 12:36:51, 2026-09-09 12:36:51, 2026-09-09 12:36:51, 2026-09-09 12:36:51, draft, closed, closed, st_tours, Circuit Sud, circuit-sud, , ))"} 
[2026-09-09 12:36:54] testing.ERROR: Failed to create WP tour from Laravel {"voyage_id":1,"error":"SQLSTATE[HY000]: General error: 1 no such table: cFdgeZ_posts (Connection: wp, SQL: insert into \"cFdgeZ_posts\" (\"to_ping\", \"pinged\", \"post_password\", \"post_content_filtered\", \"guid\", \"post_parent\", \"menu_order\", \"post_mime_type\", \"comment_count\", \"post_date\", \"post_date_gmt\", \"post_modified\", \"post_modified_gmt\", \"post_status\", \"comment_status\", \"ping_status\", \"post_type\", \"post_title\", \"post_name\", \"post_content\", \"post_excerpt\") values (, , , , , 0, 0, , 0, 2026-09-09 12:36:54, 2026-09-09 12:36:54, 2026-09-09 12:36:54, 2026-09-09 12:36:54, draft, closed, closed, st_tours, Circuit Sud, circuit-sud, , ))"} 
[2026-09-09 12:36:54] testing.ERROR: Auto-sync failed on create {"voyage_id":1,"error":"SQLSTATE[HY000]: General error: 1 no such table: cFdgeZ_posts (Connection: wp, SQL: insert into \"cFdgeZ_posts\" (\"to_ping\", \"pinged\", \"post_password\", \"post_content_filtered\", \"guid\", \"post_parent\", \"menu_order\", \"post_mime_type\", \"comment_count\", \"post_date\", \"post_date_gmt\", \"post_modified\", \"post_modified_gmt\", \"post_status\", \"comment_status\", \"ping_status\", \"post_type\", \"post_title\", \"post_name\", \"post_content\", \"post_excerpt\") values (, , , , , 0, 0, , 0, 2026-09-09 12:36:54, 2026-09-09 12:36:54, 2026-09-09 12:36:54, 2026-09-09 12:36:54, draft, closed, closed, st_tours, Circuit Sud, circuit-sud, , ))"} 
[2026-09-09 12:36:57] testing.ERROR: Failed to create WP tour from Laravel {"voyage_id":1,"error":"SQLSTATE[HY000]: General error: 1 no such table: cFdgeZ_posts (Connection: wp, SQL: insert into \"cFdgeZ_posts\" (\"to_ping\", \"pinged\", \"post_password\", \"post_content_filtered\", \"guid\", \"post_parent\", \"menu_order\", \"post_mime_type\", \"comment_count\", \"post_date\", \"post_date_gmt\", \"post_modified\", \"post_modified_gmt\", \"post_status\", \"comment_status\", \"ping_status\", \"post_type\", \"post_title\", \"post_name\", \"post_content\", \"post_excerpt\") values (, , , , , 0, 0, , 0, 2026-09-09 12:36:57, 2026-09-09 12:36:57, 2026-09-09 12:36:57, 2026-09-09 12:36:57, draft, closed, closed, st_tours, Circuit Sud, circuit-sud, , ))"} 
[2026-09-09 12:36:57] testing.ERROR: Auto-sync failed on create {"voyage_id":1,"error":"SQLSTATE[HY000]: General error: 1 no such table: cFdgeZ_posts (Connection: wp, SQL: insert into \"cFdgeZ_posts\" (\"to_ping\", \"pinged\", \"post_password\", \"post_content_filtered\", \"guid\", \"post_parent\", \"menu_order\", \"post_mime_type\", \"comment_count\", \"post_date\", \"post_date_gmt\", \"post_modified\", \"post_modified_gmt\", \"post_status\", \"comment_status\", \"ping_status\", \"post_type\", \"post_title\", \"post_name\", \"post_content\", \"post_excerpt\") values (, , , , , 0, 0, , 0, 2026-09-09 12:36:57, 2026-09-09 12:36:57, 2026-09-09 12:36:57, 2026-09-09 12:36:57, draft, closed, closed, st_tours, Circuit Sud, circuit-sud, , ))"} 
[2026-09-09 12:36:59] testing.ERROR: Failed to create WP tour from Laravel {"voyage_id":1,"error":"SQLSTATE[HY000]: General error: 1 no such table: cFdgeZ_posts (Connection: wp, SQL: insert into \"cFdgeZ_posts\" (\"to_ping\", \"pinged\", \"post_password\", \"post_content_filtered\", \"guid\", \"post_parent\", \"menu_order\", \"post_mime_type\", \"comment_count\", \"post_date\", \"post_date_gmt\", \"post_modified\", \"post_modified_gmt\", \"post_status\", \"comment_status\", \"ping_status\", \"post_type\", \"post_title\", \"post_name\", \"post_content\", \"post_excerpt\") values (, , , , , 0, 0, , 0, 2026-09-09 12:36:59, 2026-09-09 12:36:59, 2026-09-09 12:36:59, 2026-09-09 12:36:59, draft, closed, closed, st_tours, Circuit Sud, circuit-sud, , ))"} 
[2026-09-09 12:36:59] testing.ERROR: Auto-sync failed on create {"voyage_id":1,"error":"SQLSTATE[HY000]: General error: 1 no such table: cFdgeZ_posts (Connection: wp, SQL: insert into \"cFdgeZ_posts\" (\"to_ping\", \"pinged\", \"post_password\", \"post_content_filtered\", \"guid\", \"post_parent\", \"menu_order\", \"post_mime_type\", \"comment_count\", \"post_date\", \"post_date_gmt\", \"post_modified\", \"post_modified_gmt\", \"post_status\", \"comment_status\", \"ping_status\", \"post_type\", \"post_title\", \"post_name\", \"post_content\", \"post_excerpt\") values (, , , , , 0, 0, , 0, 2026-09-09 12:36:59, 2026-09-09 12:36:59, 2026-09-09 12:36:59, 2026-09-09 12:36:59, draft, closed, closed, st_tours, Circuit Sud, circuit-sud, , ))"} 
[2026-09-09 12:37:02] testing.ERROR: Failed to create WP tour from Laravel {"voyage_id":1,"error":"SQLSTATE[HY000]: General error: 1 no such table: cFdgeZ_posts (Connection: wp, SQL: insert into \"cFdgeZ_posts\" (\"to_ping\", \"pinged\", \"post_password\", \"post_content_filtered\", \"guid\", \"post_parent\", \"menu_order\", \"post_mime_type\", \"comment_count\", \"post_date\", \"post_date_gmt\", \"post_modified\", \"post_modified_gmt\", \"post_status\", \"comment_status\", \"ping_status\", \"post_type\", \"post_title\", \"post_name\", \"post_content\", \"post_excerpt\") values (, , , , , 0, 0, , 0, 2026-09-09 12:37:02, 2026-09-09 12:37:02, 2026-09-09 12:37:02, 2026-09-09 12:37:02, draft, closed, closed, st_tours, Circuit Sud, circuit-sud, , ))"} 
[2026-09-09 12:37:02] testing.ERROR: Auto-sync failed on create {"voyage_id":1,"error":"SQLSTATE[HY000]: General error: 1 no such table: cFdgeZ_posts (Connection: wp, SQL: insert into \"cFdgeZ_posts\" (\"to_ping\", \"pinged\", \"post_password\", \"post_content_filtered\", \"guid\", \"post_parent\", \"menu_order\", \"post_mime_type\", \"comment_count\", \"post_date\", \"post_date_gmt\", \"post_modified\", \"post_modified_gmt\", \"post_status\", \"comment_status\", \"ping_status\", \"post_type\", \"post_title\", \"post_name\", \"post_content\", \"post_excerpt\") values (, , , , , 0, 0, , 0, 2026-09-09 12:37:02, 2026-09-09 12:37:02, 2026-09-09 12:37:02, 2026-09-09 12:37:02, draft, closed, closed, st_tours, Circuit Sud, circuit-sud, , ))"} 
[2026-09-09 12:37:04] testing.ERROR: Failed to create WP tour from Laravel {"voyage_id":1,"error":"SQLSTATE[HY000]: General error: 1 no such table: cFdgeZ_posts (Connection: wp, SQL: insert into \"cFdgeZ_posts\" (\"to_ping\", \"pinged\", \"post_password\", \"post_content_filtered\", \"guid\", \"post_parent\", \"menu_order\", \"post_mime_type\", \"comment_count\", \"post_date\", \"post_date_gmt\", \"post_modified\", \"post_modified_gmt\", \"post_status\", \"comment_status\", \"ping_status\", \"post_type\", \"post_title\", \"post_name\", \"post_content\", \"post_excerpt\") values (, , , , , 0, 0, , 0, 2026-09-09 12:37:04, 2026-09-09 12:37:04, 2026-09-09 12:37:04, 2026-09-09 12:37:04, draft, closed, closed, st_tours, Circuit Sud, circuit-sud, , ))"} 
[2026-09-09 12:37:04] testing.ERROR: Auto-sync failed on create {"voyage_id":1,"error":"SQLSTATE[HY000]: General error: 1 no such table: cFdgeZ_posts (Connection: wp, SQL: insert into \"cFdgeZ_posts\" (\"to_ping\", \"pinged\", \"post_password\", \"post_content_filtered\", \"guid\", \"post_parent\", \"menu_order\", \"post_mime_type\", \"comment_count\", \"post_date\", \"post_date_gmt\", \"post_modified\", \"post_modified_gmt\", \"post_status\", \"comment_status\", \"ping_status\", \"post_type\", \"post_title\", \"post_name\", \"post_content\", \"post_excerpt\") values (, , , , , 0, 0, , 0, 2026-09-09 12:37:04, 2026-09-09 12:37:04, 2026-09-09 12:37:04, 2026-09-09 12:37:04, draft, closed, closed, st_tours, Circuit Sud, circuit-sud, , ))"} 
[2026-09-09 12:37:10] testing.ERROR: Failed to create WP tour from Laravel {"voyage_id":1,"error":"SQLSTATE[HY000]: General error: 1 no such table: cFdgeZ_posts (Connection: wp, SQL: insert into \"cFdgeZ_posts\" (\"to_ping\", \"pinged\", \"post_password\", \"post_content_filtered\", \"guid\", \"post_parent\", \"menu_order\", \"post_mime_type\", \"comment_count\", \"post_date\", \"post_date_gmt\", \"post_modified\", \"post_modified_gmt\", \"post_status\", \"comment_status\", \"ping_status\", \"post_type\", \"post_title\", \"post_name\", \"post_content\", \"post_excerpt\") values (, , , , , 0, 0, , 0, 2026-09-09 12:37:10, 2026-09-09 12:37:10, 2026-09-09 12:37:10, 2026-09-09 12:37:10, draft, closed, closed, st_tours, Circuit Sud, circuit-sud, , ))"} 
[2026-09-09 12:37:10] testing.ERROR: Auto-sync failed on create {"voyage_id":1,"error":"SQLSTATE[HY000]: General error: 1 no such table: cFdgeZ_posts (Connection: wp, SQL: insert into \"cFdgeZ_posts\" (\"to_ping\", \"pinged\", \"post_password\", \"post_content_filtered\", \"guid\", \"post_parent\", \"menu_order\", \"post_mime_type\", \"comment_count\", \"post_date\", \"post_date_gmt\", \"post_modified\", \"post_modified_gmt\", \"post_status\", \"comment_status\", \"ping_status\", \"post_type\", \"post_title\", \"post_name\", \"post_content\", \"post_excerpt\") values (, , , , , 0, 0, , 0, 2026-09-09 12:37:10, 2026-09-09 12:37:10, 2026-09-09 12:37:10, 2026-09-09 12:37:10, draft, closed, closed, st_tours, Circuit Sud, circuit-sud, , ))"} 
[2026-09-09 12:37:13] testing.ERROR: Failed to create WP tour from Laravel {"voyage_id":1,"error":"SQLSTATE[HY000]: General error: 1 no such table: cFdgeZ_posts (Connection: wp, SQL: insert into \"cFdgeZ_posts\" (\"to_ping\", \"pinged\", \"post_password\", \"post_content_filtered\", \"guid\", \"post_parent\", \"menu_order\", \"post_mime_type\", \"comment_count\", \"post_date\", \"post_date_gmt\", \"post_modified\", \"post_modified_gmt\", \"post_status\", \"comment_status\", \"ping_status\", \"post_type\", \"post_title\", \"post_name\", \"post_content\", \"post_excerpt\") values (, , , , , 0, 0, , 0, 2026-09-09 12:37:13, 2026-09-09 12:37:13, 2026-09-09 12:37:13, 2026-09-09 12:37:13, draft, closed, closed, st_tours, Circuit Sud, circuit-sud, , ))"} 
[2026-09-09 12:37:13] testing.ERROR: Auto-sync failed on create {"voyage_id":1,"error":"SQLSTATE[HY000]: General error: 1 no such table: cFdgeZ_posts (Connection: wp, SQL: insert into \"cFdgeZ_posts\" (\"to_ping\", \"pinged\", \"post_password\", \"post_content_filtered\", \"guid\", \"post_parent\", \"menu_order\", \"post_mime_type\", \"comment_count\", \"post_date\", \"post_date_gmt\", \"post_modified\", \"post_modified_gmt\", \"post_status\", \"comment_status\", \"ping_status\", \"post_type\", \"post_title\", \"post_name\", \"post_content\", \"post_excerpt\") values (, , , , , 0, 0, , 0, 2026-09-09 12:37:13, 2026-09-09 12:37:13, 2026-09-09 12:37:13, 2026-09-09 12:37:13, draft, closed, closed, st_tours, Circuit Sud, circuit-sud, , ))"} 
[2026-09-09 12:37:15] testing.ERROR: Failed to create WP tour from Laravel {"voyage_id":1,"error":"SQLSTATE[HY000]: General error: 1 no such table: cFdgeZ_posts (Connection: wp, SQL: insert into \"cFdgeZ_posts\" (\"to_ping\", \"pinged\", \"post_password\", \"post_content_filtered\", \"guid\", \"post_parent\", \"menu_order\", \"post_mime_type\", \"comment_count\", \"post_date\", \"post_date_gmt\", \"post_modified\", \"post_modified_gmt\", \"post_status\", \"comment_status\", \"ping_status\", \"post_type\", \"post_title\", \"post_name\", \"post_content\", \"post_excerpt\") values (, , , , , 0, 0, , 0, 2026-09-09 12:37:15, 2026-09-09 12:37:15, 2026-09-09 12:37:15, 2026-09-09 12:37:15, draft, closed, closed, st_tours, Circuit vide, circuit-vide, , ))"} 
[2026-09-09 12:37:15] testing.ERROR: Auto-sync failed on create {"voyage_id":1,"error":"SQLSTATE[HY000]: General error: 1 no such table: cFdgeZ_posts (Connection: wp, SQL: insert into \"cFdgeZ_posts\" (\"to_ping\", \"pinged\", \"post_password\", \"post_content_filtered\", \"guid\", \"post_parent\", \"menu_order\", \"post_mime_type\", \"comment_count\", \"post_date\", \"post_date_gmt\", \"post_modified\", \"post_modified_gmt\", \"post_status\", \"comment_status\", \"ping_status\", \"post_type\", \"post_title\", \"post_name\", \"post_content\", \"post_excerpt\") values (, , , , , 0, 0, , 0, 2026-09-09 12:37:15, 2026-09-09 12:37:15, 2026-09-09 12:37:15, 2026-09-09 12:37:15, draft, closed, closed, st_tours, Circuit vide, circuit-vide, , ))"} 
[2026-09-09 12:40:49] testing.ERROR: Failed to create WP tour from Laravel {"voyage_id":1,"error":"SQLSTATE[HY000]: General error: 1 no such table: cFdgeZ_posts (Connection: wp, SQL: insert into \"cFdgeZ_posts\" (\"to_ping\", \"pinged\", \"post_password\", \"post_content_filtered\", \"guid\", \"post_parent\", \"menu_order\", \"post_mime_type\", \"comment_count\", \"post_date\", \"post_date_gmt\", \"post_modified\", \"post_modified_gmt\", \"post_status\", \"comment_status\", \"ping_status\", \"post_type\", \"post_title\", \"post_name\", \"post_content\", \"post_excerpt\") values (, , , , , 0, 0, , 0, 2026-09-09 12:40:49, 2026-09-09 12:40:49, 2026-09-09 12:40:49, 2026-09-09 12:40:49, draft, closed, closed, st_tours, Circuit Sud, circuit-sud, , ))"} 
[2026-09-09 12:40:49] testing.ERROR: Auto-sync failed on create {"voyage_id":1,"error":"SQLSTATE[HY000]: General error: 1 no such table: cFdgeZ_posts (Connection: wp, SQL: insert into \"cFdgeZ_posts\" (\"to_ping\", \"pinged\", \"post_password\", \"post_content_filtered\", \"guid\", \"post_parent\", \"menu_order\", \"post_mime_type\", \"comment_count\", \"post_date\", \"post_date_gmt\", \"post_modified\", \"post_modified_gmt\", \"post_status\", \"comment_status\", \"ping_status\", \"post_type\", \"post_title\", \"post_name\", \"post_content\", \"post_excerpt\") values (, , , , , 0, 0, , 0, 2026-09-09 12:40:49, 2026-09-09 12:40:49, 2026-09-09 12:40:49, 2026-09-09 12:40:49, draft, closed, closed, st_tours, Circuit Sud, circuit-sud, , ))"} 
[2026-09-09 12:40:53] testing.ERROR: Failed to create WP tour from Laravel {"voyage_id":1,"error":"SQLSTATE[HY000]: General error: 1 no such table: cFdgeZ_posts (Connection: wp, SQL: insert into \"cFdgeZ_posts\" (\"to_ping\", \"pinged\", \"post_password\", \"post_content_filtered\", \"guid\", \"post_parent\", \"menu_order\", \"post_mime_type\", \"comment_count\", \"post_date\", \"post_date_gmt\", \"post_modified\", \"post_modified_gmt\", \"post_status\", \"comment_status\", \"ping_status\", \"post_type\", \"post_title\", \"post_name\", \"post_content\", \"post_excerpt\") values (, , , , , 0, 0, , 0, 2026-09-09 12:40:53, 2026-09-09 12:40:53, 2026-09-09 12:40:53, 2026-09-09 12:40:53, draft, closed, closed, st_tours, Circuit Sud, circuit-sud, , ))"} 
[2026-09-09 12:40:53] testing.ERROR: Auto-sync failed on create {"voyage_id":1,"error":"SQLSTATE[HY000]: General error: 1 no such table: cFdgeZ_posts (Connection: wp, SQL: insert into \"cFdgeZ_posts\" (\"to_ping\", \"pinged\", \"post_password\", \"post_content_filtered\", \"guid\", \"post_parent\", \"menu_order\", \"post_mime_type\", \"comment_count\", \"post_date\", \"post_date_gmt\", \"post_modified\", \"post_modified_gmt\", \"post_status\", \"comment_status\", \"ping_status\", \"post_type\", \"post_title\", \"post_name\", \"post_content\", \"post_excerpt\") values (, , , , , 0, 0, , 0, 2026-09-09 12:40:53, 2026-09-09 12:40:53, 2026-09-09 12:40:53, 2026-09-09 12:40:53, draft, closed, closed, st_tours, Circuit Sud, circuit-sud, , ))"} 
[2026-09-09 12:40:55] testing.ERROR: Failed to create WP tour from Laravel {"voyage_id":1,"error":"SQLSTATE[HY000]: General error: 1 no such table: cFdgeZ_posts (Connection: wp, SQL: insert into \"cFdgeZ_posts\" (\"to_ping\", \"pinged\", \"post_password\", \"post_content_filtered\", \"guid\", \"post_parent\", \"menu_order\", \"post_mime_type\", \"comment_count\", \"post_date\", \"post_date_gmt\", \"post_modified\", \"post_modified_gmt\", \"post_status\", \"comment_status\", \"ping_status\", \"post_type\", \"post_title\", \"post_name\", \"post_content\", \"post_excerpt\") values (, , , , , 0, 0, , 0, 2026-09-09 12:40:55, 2026-09-09 12:40:55, 2026-09-09 12:40:55, 2026-09-09 12:40:55, draft, closed, closed, st_tours, Circuit Sud, circuit-sud, , ))"} 
[2026-09-09 12:40:55] testing.ERROR: Auto-sync failed on create {"voyage_id":1,"error":"SQLSTATE[HY000]: General error: 1 no such table: cFdgeZ_posts (Connection: wp, SQL: insert into \"cFdgeZ_posts\" (\"to_ping\", \"pinged\", \"post_password\", \"post_content_filtered\", \"guid\", \"post_parent\", \"menu_order\", \"post_mime_type\", \"comment_count\", \"post_date\", \"post_date_gmt\", \"post_modified\", \"post_modified_gmt\", \"post_status\", \"comment_status\", \"ping_status\", \"post_type\", \"post_title\", \"post_name\", \"post_content\", \"post_excerpt\") values (, , , , , 0, 0, , 0, 2026-09-09 12:40:55, 2026-09-09 12:40:55, 2026-09-09 12:40:55, 2026-09-09 12:40:55, draft, closed, closed, st_tours, Circuit Sud, circuit-sud, , ))"} 
[2026-09-09 12:41:00] testing.ERROR: Failed to create WP tour from Laravel {"voyage_id":1,"error":"SQLSTATE[HY000]: General error: 1 no such table: cFdgeZ_posts (Connection: wp, SQL: insert into \"cFdgeZ_posts\" (\"to_ping\", \"pinged\", \"post_password\", \"post_content_filtered\", \"guid\", \"post_parent\", \"menu_order\", \"post_mime_type\", \"comment_count\", \"post_date\", \"post_date_gmt\", \"post_modified\", \"post_modified_gmt\", \"post_status\", \"comment_status\", \"ping_status\", \"post_type\", \"post_title\", \"post_name\", \"post_content\", \"post_excerpt\") values (, , , , , 0, 0, , 0, 2026-09-09 12:41:00, 2026-09-09 12:41:00, 2026-09-09 12:41:00, 2026-09-09 12:41:00, draft, closed, closed, st_tours, Circuit Sud, circuit-sud, , ))"} 
[2026-09-09 12:41:00] testing.ERROR: Auto-sync failed on create {"voyage_id":1,"error":"SQLSTATE[HY000]: General error: 1 no such table: cFdgeZ_posts (Connection: wp, SQL: insert into \"cFdgeZ_posts\" (\"to_ping\", \"pinged\", \"post_password\", \"post_content_filtered\", \"guid\", \"post_parent\", \"menu_order\", \"post_mime_type\", \"comment_count\", \"post_date\", \"post_date_gmt\", \"post_modified\", \"post_modified_gmt\", \"post_status\", \"comment_status\", \"ping_status\", \"post_type\", \"post_title\", \"post_name\", \"post_content\", \"post_excerpt\") values (, , , , , 0, 0, , 0, 2026-09-09 12:41:00, 2026-09-09 12:41:00, 2026-09-09 12:41:00, 2026-09-09 12:41:00, draft, closed, closed, st_tours, Circuit Sud, circuit-sud, , ))"} 
[2026-09-09 12:41:03] testing.ERROR: Failed to create WP tour from Laravel {"voyage_id":1,"error":"SQLSTATE[HY000]: General error: 1 no such table: cFdgeZ_posts (Connection: wp, SQL: insert into \"cFdgeZ_posts\" (\"to_ping\", \"pinged\", \"post_password\", \"post_content_filtered\", \"guid\", \"post_parent\", \"menu_order\", \"post_mime_type\", \"comment_count\", \"post_date\", \"post_date_gmt\", \"post_modified\", \"post_modified_gmt\", \"post_status\", \"comment_status\", \"ping_status\", \"post_type\", \"post_title\", \"post_name\", \"post_content\", \"post_excerpt\") values (, , , , , 0, 0, , 0, 2026-09-09 12:41:03, 2026-09-09 12:41:03, 2026-09-09 12:41:03, 2026-09-09 12:41:03, draft, closed, closed, st_tours, Circuit Sud, circuit-sud, , ))"} 
[2026-09-09 12:41:03] testing.ERROR: Auto-sync failed on create {"voyage_id":1,"error":"SQLSTATE[HY000]: General error: 1 no such table: cFdgeZ_posts (Connection: wp, SQL: insert into \"cFdgeZ_posts\" (\"to_ping\", \"pinged\", \"post_password\", \"post_content_filtered\", \"guid\", \"post_parent\", \"menu_order\", \"post_mime_type\", \"comment_count\", \"post_date\", \"post_date_gmt\", \"post_modified\", \"post_modified_gmt\", \"post_status\", \"comment_status\", \"ping_status\", \"post_type\", \"post_title\", \"post_name\", \"post_content\", \"post_excerpt\") values (, , , , , 0, 0, , 0, 2026-09-09 12:41:03, 2026-09-09 12:41:03, 2026-09-09 12:41:03, 2026-09-09 12:41:03, draft, closed, closed, st_tours, Circuit Sud, circuit-sud, , ))"} 
[2026-09-09 12:41:05] testing.ERROR: Failed to create WP tour from Laravel {"voyage_id":1,"error":"SQLSTATE[HY000]: General error: 1 no such table: cFdgeZ_posts (Connection: wp, SQL: insert into \"cFdgeZ_posts\" (\"to_ping\", \"pinged\", \"post_password\", \"post_content_filtered\", \"guid\", \"post_parent\", \"menu_order\", \"post_mime_type\", \"comment_count\", \"post_date\", \"post_date_gmt\", \"post_modified\", \"post_modified_gmt\", \"post_status\", \"comment_status\", \"ping_status\", \"post_type\", \"post_title\", \"post_name\", \"post_content\", \"post_excerpt\") values (, , , , , 0, 0, , 0, 2026-09-09 12:41:05, 2026-09-09 12:41:05, 2026-09-09 12:41:05, 2026-09-09 12:41:05, draft, closed, closed, st_tours, Circuit Sud, circuit-sud, , ))"} 
[2026-09-09 12:41:05] testing.ERROR: Auto-sync failed on create {"voyage_id":1,"error":"SQLSTATE[HY000]: General error: 1 no such table: cFdgeZ_posts (Connection: wp, SQL: insert into \"cFdgeZ_posts\" (\"to_ping\", \"pinged\", \"post_password\", \"post_content_filtered\", \"guid\", \"post_parent\", \"menu_order\", \"post_mime_type\", \"comment_count\", \"post_date\", \"post_date_gmt\", \"post_modified\", \"post_modified_gmt\", \"post_status\", \"comment_status\", \"ping_status\", \"post_type\", \"post_title\", \"post_name\", \"post_content\", \"post_excerpt\") values (, , , , , 0, 0, , 0, 2026-09-09 12:41:05, 2026-09-09 12:41:05, 2026-09-09 12:41:05, 2026-09-09 12:41:05, draft, closed, closed, st_tours, Circuit Sud, circuit-sud, , ))"} 
[2026-09-09 12:41:08] testing.ERROR: Failed to create WP tour from Laravel {"voyage_id":1,"error":"SQLSTATE[HY000]: General error: 1 no such table: cFdgeZ_posts (Connection: wp, SQL: insert into \"cFdgeZ_posts\" (\"to_ping\", \"pinged\", \"post_password\", \"post_content_filtered\", \"guid\", \"post_parent\", \"menu_order\", \"post_mime_type\", \"comment_count\", \"post_date\", \"post_date_gmt\", \"post_modified\", \"post_modified_gmt\", \"post_status\", \"comment_status\", \"ping_status\", \"post_type\", \"post_title\", \"post_name\", \"post_content\", \"post_excerpt\") values (, , , , , 0, 0, , 0, 2026-09-09 12:41:08, 2026-09-09 12:41:08, 2026-09-09 12:41:08, 2026-09-09 12:41:08, draft, closed, closed, st_tours, Circuit Sud, circuit-sud, , ))"} 
[2026-09-09 12:41:08] testing.ERROR: Auto-sync failed on create {"voyage_id":1,"error":"SQLSTATE[HY000]: General error: 1 no such table: cFdgeZ_posts (Connection: wp, SQL: insert into \"cFdgeZ_posts\" (\"to_ping\", \"pinged\", \"post_password\", \"post_content_filtered\", \"guid\", \"post_parent\", \"menu_order\", \"post_mime_type\", \"comment_count\", \"post_date\", \"post_date_gmt\", \"post_modified\", \"post_modified_gmt\", \"post_status\", \"comment_status\", \"ping_status\", \"post_type\", \"post_title\", \"post_name\", \"post_content\", \"post_excerpt\") values (, , , , , 0, 0, , 0, 2026-09-09 12:41:08, 2026-09-09 12:41:08, 2026-09-09 12:41:08, 2026-09-09 12:41:08, draft, closed, closed, st_tours, Circuit Sud, circuit-sud, , ))"} 
[2026-09-09 12:41:10] testing.ERROR: Failed to create WP tour from Laravel {"voyage_id":1,"error":"SQLSTATE[HY000]: General error: 1 no such table: cFdgeZ_posts (Connection: wp, SQL: insert into \"cFdgeZ_posts\" (\"to_ping\", \"pinged\", \"post_password\", \"post_content_filtered\", \"guid\", \"post_parent\", \"menu_order\", \"post_mime_type\", \"comment_count\", \"post_date\", \"post_date_gmt\", \"post_modified\", \"post_modified_gmt\", \"post_status\", \"comment_status\", \"ping_status\", \"post_type\", \"post_title\", \"post_name\", \"post_content\", \"post_excerpt\") values (, , , , , 0, 0, , 0, 2026-09-09 12:41:10, 2026-09-09 12:41:10, 2026-09-09 12:41:10, 2026-09-09 12:41:10, draft, closed, closed, st_tours, Circuit Sud, circuit-sud, , ))"} 
[2026-09-09 12:41:10] testing.ERROR: Auto-sync failed on create {"voyage_id":1,"error":"SQLSTATE[HY000]: General error: 1 no such table: cFdgeZ_posts (Connection: wp, SQL: insert into \"cFdgeZ_posts\" (\"to_ping\", \"pinged\", \"post_password\", \"post_content_filtered\", \"guid\", \"post_parent\", \"menu_order\", \"post_mime_type\", \"comment_count\", \"post_date\", \"post_date_gmt\", \"post_modified\", \"post_modified_gmt\", \"post_status\", \"comment_status\", \"ping_status\", \"post_type\", \"post_title\", \"post_name\", \"post_content\", \"post_excerpt\") values (, , , , , 0, 0, , 0, 2026-09-09 12:41:10, 2026-09-09 12:41:10, 2026-09-09 12:41:10, 2026-09-09 12:41:10, draft, closed, closed, st_tours, Circuit Sud, circuit-sud, , ))"} 
[2026-09-09 12:41:13] testing.ERROR: Failed to create WP tour from Laravel {"voyage_id":1,"error":"SQLSTATE[HY000]: General error: 1 no such table: cFdgeZ_posts (Connection: wp, SQL: insert into \"cFdgeZ_posts\" (\"to_ping\", \"pinged\", \"post_password\", \"post_content_filtered\", \"guid\", \"post_parent\", \"menu_order\", \"post_mime_type\", \"comment_count\", \"post_date\", \"post_date_gmt\", \"post_modified\", \"post_modified_gmt\", \"post_status\", \"comment_status\", \"ping_status\", \"post_type\", \"post_title\", \"post_name\", \"post_content\", \"post_excerpt\") values (, , , , , 0, 0, , 0, 2026-09-09 12:41:13, 2026-09-09 12:41:13, 2026-09-09 12:41:13, 2026-09-09 12:41:13, draft, closed, closed, st_tours, Circuit Sud, circuit-sud, , ))"} 
[2026-09-09 12:41:13] testing.ERROR: Auto-sync failed on create {"voyage_id":1,"error":"SQLSTATE[HY000]: General error: 1 no such table: cFdgeZ_posts (Connection: wp, SQL: insert into \"cFdgeZ_posts\" (\"to_ping\", \"pinged\", \"post_password\", \"post_content_filtered\", \"guid\", \"post_parent\", \"menu_order\", \"post_mime_type\", \"comment_count\", \"post_date\", \"post_date_gmt\", \"post_modified\", \"post_modified_gmt\", \"post_status\", \"comment_status\", \"ping_status\", \"post_type\", \"post_title\", \"post_name\", \"post_content\", \"post_excerpt\") values (, , , , , 0, 0, , 0, 2026-09-09 12:41:13, 2026-09-09 12:41:13, 2026-09-09 12:41:13, 2026-09-09 12:41:13, draft, closed, closed, st_tours, Circuit Sud, circuit-sud, , ))"} 
[2026-09-09 12:41:18] testing.ERROR: Failed to create WP tour from Laravel {"voyage_id":1,"error":"SQLSTATE[HY000]: General error: 1 no such table: cFdgeZ_posts (Connection: wp, SQL: insert into \"cFdgeZ_posts\" (\"to_ping\", \"pinged\", \"post_password\", \"post_content_filtered\", \"guid\", \"post_parent\", \"menu_order\", \"post_mime_type\", \"comment_count\", \"post_date\", \"post_date_gmt\", \"post_modified\", \"post_modified_gmt\", \"post_status\", \"comment_status\", \"ping_status\", \"post_type\", \"post_title\", \"post_name\", \"post_content\", \"post_excerpt\") values (, , , , , 0, 0, , 0, 2026-09-09 12:41:18, 2026-09-09 12:41:18, 2026-09-09 12:41:18, 2026-09-09 12:41:18, draft, closed, closed, st_tours, Circuit Sud, circuit-sud, , ))"} 
[2026-09-09 12:41:18] testing.ERROR: Auto-sync failed on create {"voyage_id":1,"error":"SQLSTATE[HY000]: General error: 1 no such table: cFdgeZ_posts (Connection: wp, SQL: insert into \"cFdgeZ_posts\" (\"to_ping\", \"pinged\", \"post_password\", \"post_content_filtered\", \"guid\", \"post_parent\", \"menu_order\", \"post_mime_type\", \"comment_count\", \"post_date\", \"post_date_gmt\", \"post_modified\", \"post_modified_gmt\", \"post_status\", \"comment_status\", \"ping_status\", \"post_type\", \"post_title\", \"post_name\", \"post_content\", \"post_excerpt\") values (, , , , , 0, 0, , 0, 2026-09-09 12:41:18, 2026-09-09 12:41:18, 2026-09-09 12:41:18, 2026-09-09 12:41:18, draft, closed, closed, st_tours, Circuit Sud, circuit-sud, , ))"} 
[2026-09-09 12:41:21] testing.ERROR: Failed to create WP tour from Laravel {"voyage_id":1,"error":"SQLSTATE[HY000]: General error: 1 no such table: cFdgeZ_posts (Connection: wp, SQL: insert into \"cFdgeZ_posts\" (\"to_ping\", \"pinged\", \"post_password\", \"post_content_filtered\", \"guid\", \"post_parent\", \"menu_order\", \"post_mime_type\", \"comment_count\", \"post_date\", \"post_date_gmt\", \"post_modified\", \"post_modified_gmt\", \"post_status\", \"comment_status\", \"ping_status\", \"post_type\", \"post_title\", \"post_name\", \"post_content\", \"post_excerpt\") values (, , , , , 0, 0, , 0, 2026-09-09 12:41:21, 2026-09-09 12:41:21, 2026-09-09 12:41:21, 2026-09-09 12:41:21, draft, closed, closed, st_tours, Circuit Sud, circuit-sud, , ))"} 
[2026-09-09 12:41:21] testing.ERROR: Auto-sync failed on create {"voyage_id":1,"error":"SQLSTATE[HY000]: General error: 1 no such table: cFdgeZ_posts (Connection: wp, SQL: insert into \"cFdgeZ_posts\" (\"to_ping\", \"pinged\", \"post_password\", \"post_content_filtered\", \"guid\", \"post_parent\", \"menu_order\", \"post_mime_type\", \"comment_count\", \"post_date\", \"post_date_gmt\", \"post_modified\", \"post_modified_gmt\", \"post_status\", \"comment_status\", \"ping_status\", \"post_type\", \"post_title\", \"post_name\", \"post_content\", \"post_excerpt\") values (, , , , , 0, 0, , 0, 2026-09-09 12:41:21, 2026-09-09 12:41:21, 2026-09-09 12:41:21, 2026-09-09 12:41:21, draft, closed, closed, st_tours, Circuit Sud, circuit-sud, , ))"} 
[2026-09-09 12:41:24] testing.ERROR: Failed to create WP tour from Laravel {"voyage_id":1,"error":"SQLSTATE[HY000]: General error: 1 no such table: cFdgeZ_posts (Connection: wp, SQL: insert into \"cFdgeZ_posts\" (\"to_ping\", \"pinged\", \"post_password\", \"post_content_filtered\", \"guid\", \"post_parent\", \"menu_order\", \"post_mime_type\", \"comment_count\", \"post_date\", \"post_date_gmt\", \"post_modified\", \"post_modified_gmt\", \"post_status\", \"comment_status\", \"ping_status\", \"post_type\", \"post_title\", \"post_name\", \"post_content\", \"post_excerpt\") values (, , , , , 0, 0, , 0, 2026-09-09 12:41:24, 2026-09-09 12:41:24, 2026-09-09 12:41:24, 2026-09-09 12:41:24, draft, closed, closed, st_tours, Circuit vide, circuit-vide, , ))"} 
[2026-09-09 12:41:24] testing.ERROR: Auto-sync failed on create {"voyage_id":1,"error":"SQLSTATE[HY000]: General error: 1 no such table: cFdgeZ_posts (Connection: wp, SQL: insert into \"cFdgeZ_posts\" (\"to_ping\", \"pinged\", \"post_password\", \"post_content_filtered\", \"guid\", \"post_parent\", \"menu_order\", \"post_mime_type\", \"comment_count\", \"post_date\", \"post_date_gmt\", \"post_modified\", \"post_modified_gmt\", \"post_status\", \"comment_status\", \"ping_status\", \"post_type\", \"post_title\", \"post_name\", \"post_content\", \"post_excerpt\") values (, , , , , 0, 0, , 0, 2026-09-09 12:41:24, 2026-09-09 12:41:24, 2026-09-09 12:41:24, 2026-09-09 12:41:24, draft, closed, closed, st_tours, Circuit vide, circuit-vide, , ))"} 
[2026-09-09 12:42:35] testing.ERROR: Failed to create WP tour from Laravel {"voyage_id":1,"error":"SQLSTATE[HY000]: General error: 1 no such table: cFdgeZ_posts (Connection: wp, SQL: insert into \"cFdgeZ_posts\" (\"to_ping\", \"pinged\", \"post_password\", \"post_content_filtered\", \"guid\", \"post_parent\", \"menu_order\", \"post_mime_type\", \"comment_count\", \"post_date\", \"post_date_gmt\", \"post_modified\", \"post_modified_gmt\", \"post_status\", \"comment_status\", \"ping_status\", \"post_type\", \"post_title\", \"post_name\", \"post_content\", \"post_excerpt\") values (, , , , , 0, 0, , 0, 2026-09-09 12:42:35, 2026-09-09 12:42:35, 2026-09-09 12:42:35, 2026-09-09 12:42:35, draft, closed, closed, st_tours, Circuit Sud, circuit-sud, , ))"} 
[2026-09-09 12:42:35] testing.ERROR: Auto-sync failed on create {"voyage_id":1,"error":"SQLSTATE[HY000]: General error: 1 no such table: cFdgeZ_posts (Connection: wp, SQL: insert into \"cFdgeZ_posts\" (\"to_ping\", \"pinged\", \"post_password\", \"post_content_filtered\", \"guid\", \"post_parent\", \"menu_order\", \"post_mime_type\", \"comment_count\", \"post_date\", \"post_date_gmt\", \"post_modified\", \"post_modified_gmt\", \"post_status\", \"comment_status\", \"ping_status\", \"post_type\", \"post_title\", \"post_name\", \"post_content\", \"post_excerpt\") values (, , , , , 0, 0, , 0, 2026-09-09 12:42:35, 2026-09-09 12:42:35, 2026-09-09 12:42:35, 2026-09-09 12:42:35, draft, closed, closed, st_tours, Circuit Sud, circuit-sud, , ))"} 
[2026-09-09 12:42:38] testing.ERROR: Failed to create WP tour from Laravel {"voyage_id":1,"error":"SQLSTATE[HY000]: General error: 1 no such table: cFdgeZ_posts (Connection: wp, SQL: insert into \"cFdgeZ_posts\" (\"to_ping\", \"pinged\", \"post_password\", \"post_content_filtered\", \"guid\", \"post_parent\", \"menu_order\", \"post_mime_type\", \"comment_count\", \"post_date\", \"post_date_gmt\", \"post_modified\", \"post_modified_gmt\", \"post_status\", \"comment_status\", \"ping_status\", \"post_type\", \"post_title\", \"post_name\", \"post_content\", \"post_excerpt\") values (, , , , , 0, 0, , 0, 2026-09-09 12:42:38, 2026-09-09 12:42:38, 2026-09-09 12:42:38, 2026-09-09 12:42:38, draft, closed, closed, st_tours, Circuit Sud, circuit-sud, , ))"} 
[2026-09-09 12:42:38] testing.ERROR: Auto-sync failed on create {"voyage_id":1,"error":"SQLSTATE[HY000]: General error: 1 no such table: cFdgeZ_posts (Connection: wp, SQL: insert into \"cFdgeZ_posts\" (\"to_ping\", \"pinged\", \"post_password\", \"post_content_filtered\", \"guid\", \"post_parent\", \"menu_order\", \"post_mime_type\", \"comment_count\", \"post_date\", \"post_date_gmt\", \"post_modified\", \"post_modified_gmt\", \"post_status\", \"comment_status\", \"ping_status\", \"post_type\", \"post_title\", \"post_name\", \"post_content\", \"post_excerpt\") values (, , , , , 0, 0, , 0, 2026-09-09 12:42:38, 2026-09-09 12:42:38, 2026-09-09 12:42:38, 2026-09-09 12:42:38, draft, closed, closed, st_tours, Circuit Sud, circuit-sud, , ))"} 
[2026-09-09 12:42:40] testing.ERROR: Failed to create WP tour from Laravel {"voyage_id":1,"error":"SQLSTATE[HY000]: General error: 1 no such table: cFdgeZ_posts (Connection: wp, SQL: insert into \"cFdgeZ_posts\" (\"to_ping\", \"pinged\", \"post_password\", \"post_content_filtered\", \"guid\", \"post_parent\", \"menu_order\", \"post_mime_type\", \"comment_count\", \"post_date\", \"post_date_gmt\", \"post_modified\", \"post_modified_gmt\", \"post_status\", \"comment_status\", \"ping_status\", \"post_type\", \"post_title\", \"post_name\", \"post_content\", \"post_excerpt\") values (, , , , , 0, 0, , 0, 2026-09-09 12:42:40, 2026-09-09 12:42:40, 2026-09-09 12:42:40, 2026-09-09 12:42:40, draft, closed, closed, st_tours, Circuit Sud, circuit-sud, , ))"} 
[2026-09-09 12:42:40] testing.ERROR: Auto-sync failed on create {"voyage_id":1,"error":"SQLSTATE[HY000]: General error: 1 no such table: cFdgeZ_posts (Connection: wp, SQL: insert into \"cFdgeZ_posts\" (\"to_ping\", \"pinged\", \"post_password\", \"post_content_filtered\", \"guid\", \"post_parent\", \"menu_order\", \"post_mime_type\", \"comment_count\", \"post_date\", \"post_date_gmt\", \"post_modified\", \"post_modified_gmt\", \"post_status\", \"comment_status\", \"ping_status\", \"post_type\", \"post_title\", \"post_name\", \"post_content\", \"post_excerpt\") values (, , , , , 0, 0, , 0, 2026-09-09 12:42:40, 2026-09-09 12:42:40, 2026-09-09 12:42:40, 2026-09-09 12:42:40, draft, closed, closed, st_tours, Circuit Sud, circuit-sud, , ))"} 
[2026-09-09 12:42:46] testing.ERROR: Failed to create WP tour from Laravel {"voyage_id":1,"error":"SQLSTATE[HY000]: General error: 1 no such table: cFdgeZ_posts (Connection: wp, SQL: insert into \"cFdgeZ_posts\" (\"to_ping\", \"pinged\", \"post_password\", \"post_content_filtered\", \"guid\", \"post_parent\", \"menu_order\", \"post_mime_type\", \"comment_count\", \"post_date\", \"post_date_gmt\", \"post_modified\", \"post_modified_gmt\", \"post_status\", \"comment_status\", \"ping_status\", \"post_type\", \"post_title\", \"post_name\", \"post_content\", \"post_excerpt\") values (, , , , , 0, 0, , 0, 2026-09-09 12:42:46, 2026-09-09 12:42:46, 2026-09-09 12:42:46, 2026-09-09 12:42:46, draft, closed, closed, st_tours, Circuit Sud, circuit-sud, , ))"} 
[2026-09-09 12:42:46] testing.ERROR: Auto-sync failed on create {"voyage_id":1,"error":"SQLSTATE[HY000]: General error: 1 no such table: cFdgeZ_posts (Connection: wp, SQL: insert into \"cFdgeZ_posts\" (\"to_ping\", \"pinged\", \"post_password\", \"post_content_filtered\", \"guid\", \"post_parent\", \"menu_order\", \"post_mime_type\", \"comment_count\", \"post_date\", \"post_date_gmt\", \"post_modified\", \"post_modified_gmt\", \"post_status\", \"comment_status\", \"ping_status\", \"post_type\", \"post_title\", \"post_name\", \"post_content\", \"post_excerpt\") values (, , , , , 0, 0, , 0, 2026-09-09 12:42:46, 2026-09-09 12:42:46, 2026-09-09 12:42:46, 2026-09-09 12:42:46, draft, closed, closed, st_tours, Circuit Sud, circuit-sud, , ))"} 
[2026-09-09 12:42:49] testing.ERROR: Failed to create WP tour from Laravel {"voyage_id":1,"error":"SQLSTATE[HY000]: General error: 1 no such table: cFdgeZ_posts (Connection: wp, SQL: insert into \"cFdgeZ_posts\" (\"to_ping\", \"pinged\", \"post_password\", \"post_content_filtered\", \"guid\", \"post_parent\", \"menu_order\", \"post_mime_type\", \"comment_count\", \"post_date\", \"post_date_gmt\", \"post_modified\", \"post_modified_gmt\", \"post_status\", \"comment_status\", \"ping_status\", \"post_type\", \"post_title\", \"post_name\", \"post_content\", \"post_excerpt\") values (, , , , , 0, 0, , 0, 2026-09-09 12:42:49, 2026-09-09 12:42:49, 2026-09-09 12:42:49, 2026-09-09 12:42:49, draft, closed, closed, st_tours, Circuit Sud, circuit-sud, , ))"} 
[2026-09-09 12:42:49] testing.ERROR: Auto-sync failed on create {"voyage_id":1,"error":"SQLSTATE[HY000]: General error: 1 no such table: cFdgeZ_posts (Connection: wp, SQL: insert into \"cFdgeZ_posts\" (\"to_ping\", \"pinged\", \"post_password\", \"post_content_filtered\", \"guid\", \"post_parent\", \"menu_order\", \"post_mime_type\", \"comment_count\", \"post_date\", \"post_date_gmt\", \"post_modified\", \"post_modified_gmt\", \"post_status\", \"comment_status\", \"ping_status\", \"post_type\", \"post_title\", \"post_name\", \"post_content\", \"post_excerpt\") values (, , , , , 0, 0, , 0, 2026-09-09 12:42:49, 2026-09-09 12:42:49, 2026-09-09 12:42:49, 2026-09-09 12:42:49, draft, closed, closed, st_tours, Circuit Sud, circuit-sud, , ))"} 
[2026-09-09 12:42:52] testing.ERROR: Failed to create WP tour from Laravel {"voyage_id":1,"error":"SQLSTATE[HY000]: General error: 1 no such table: cFdgeZ_posts (Connection: wp, SQL: insert into \"cFdgeZ_posts\" (\"to_ping\", \"pinged\", \"post_password\", \"post_content_filtered\", \"guid\", \"post_parent\", \"menu_order\", \"post_mime_type\", \"comment_count\", \"post_date\", \"post_date_gmt\", \"post_modified\", \"post_modified_gmt\", \"post_status\", \"comment_status\", \"ping_status\", \"post_type\", \"post_title\", \"post_name\", \"post_content\", \"post_excerpt\") values (, , , , , 0, 0, , 0, 2026-09-09 12:42:52, 2026-09-09 12:42:52, 2026-09-09 12:42:52, 2026-09-09 12:42:52, draft, closed, closed, st_tours, Circuit Sud, circuit-sud, , ))"} 
[2026-09-09 12:42:52] testing.ERROR: Auto-sync failed on create {"voyage_id":1,"error":"SQLSTATE[HY000]: General error: 1 no such table: cFdgeZ_posts (Connection: wp, SQL: insert into \"cFdgeZ_posts\" (\"to_ping\", \"pinged\", \"post_password\", \"post_content_filtered\", \"guid\", \"post_parent\", \"menu_order\", \"post_mime_type\", \"comment_count\", \"post_date\", \"post_date_gmt\", \"post_modified\", \"post_modified_gmt\", \"post_status\", \"comment_status\", \"ping_status\", \"post_type\", \"post_title\", \"post_name\", \"post_content\", \"post_excerpt\") values (, , , , , 0, 0, , 0, 2026-09-09 12:42:52, 2026-09-09 12:42:52, 2026-09-09 12:42:52, 2026-09-09 12:42:52, draft, closed, closed, st_tours, Circuit Sud, circuit-sud, , ))"} 
[2026-09-09 12:42:55] testing.ERROR: Failed to create WP tour from Laravel {"voyage_id":1,"error":"SQLSTATE[HY000]: General error: 1 no such table: cFdgeZ_posts (Connection: wp, SQL: insert into \"cFdgeZ_posts\" (\"to_ping\", \"pinged\", \"post_password\", \"post_content_filtered\", \"guid\", \"post_parent\", \"menu_order\", \"post_mime_type\", \"comment_count\", \"post_date\", \"post_date_gmt\", \"post_modified\", \"post_modified_gmt\", \"post_status\", \"comment_status\", \"ping_status\", \"post_type\", \"post_title\", \"post_name\", \"post_content\", \"post_excerpt\") values (, , , , , 0, 0, , 0, 2026-09-09 12:42:55, 2026-09-09 12:42:55, 2026-09-09 12:42:55, 2026-09-09 12:42:55, draft, closed, closed, st_tours, Circuit Sud, circuit-sud, , ))"} 
[2026-09-09 12:42:55] testing.ERROR: Auto-sync failed on create {"voyage_id":1,"error":"SQLSTATE[HY000]: General error: 1 no such table: cFdgeZ_posts (Connection: wp, SQL: insert into \"cFdgeZ_posts\" (\"to_ping\", \"pinged\", \"post_password\", \"post_content_filtered\", \"guid\", \"post_parent\", \"menu_order\", \"post_mime_type\", \"comment_count\", \"post_date\", \"post_date_gmt\", \"post_modified\", \"post_modified_gmt\", \"post_status\", \"comment_status\", \"ping_status\", \"post_type\", \"post_title\", \"post_name\", \"post_content\", \"post_excerpt\") values (, , , , , 0, 0, , 0, 2026-09-09 12:42:55, 2026-09-09 12:42:55, 2026-09-09 12:42:55, 2026-09-09 12:42:55, draft, closed, closed, st_tours, Circuit Sud, circuit-sud, , ))"} 
[2026-09-09 12:42:58] testing.ERROR: Failed to create WP tour from Laravel {"voyage_id":1,"error":"SQLSTATE[HY000]: General error: 1 no such table: cFdgeZ_posts (Connection: wp, SQL: insert into \"cFdgeZ_posts\" (\"to_ping\", \"pinged\", \"post_password\", \"post_content_filtered\", \"guid\", \"post_parent\", \"menu_order\", \"post_mime_type\", \"comment_count\", \"post_date\", \"post_date_gmt\", \"post_modified\", \"post_modified_gmt\", \"post_status\", \"comment_status\", \"ping_status\", \"post_type\", \"post_title\", \"post_name\", \"post_content\", \"post_excerpt\") values (, , , , , 0, 0, , 0, 2026-09-09 12:42:58, 2026-09-09 12:42:58, 2026-09-09 12:42:58, 2026-09-09 12:42:58, draft, closed, closed, st_tours, Circuit Sud, circuit-sud, , ))"} 
[2026-09-09 12:42:58] testing.ERROR: Auto-sync failed on create {"voyage_id":1,"error":"SQLSTATE[HY000]: General error: 1 no such table: cFdgeZ_posts (Connection: wp, SQL: insert into \"cFdgeZ_posts\" (\"to_ping\", \"pinged\", \"post_password\", \"post_content_filtered\", \"guid\", \"post_parent\", \"menu_order\", \"post_mime_type\", \"comment_count\", \"post_date\", \"post_date_gmt\", \"post_modified\", \"post_modified_gmt\", \"post_status\", \"comment_status\", \"ping_status\", \"post_type\", \"post_title\", \"post_name\", \"post_content\", \"post_excerpt\") values (, , , , , 0, 0, , 0, 2026-09-09 12:42:58, 2026-09-09 12:42:58, 2026-09-09 12:42:58, 2026-09-09 12:42:58, draft, closed, closed, st_tours, Circuit Sud, circuit-sud, , ))"} 
[2026-09-09 12:43:00] testing.ERROR: Failed to create WP tour from Laravel {"voyage_id":1,"error":"SQLSTATE[HY000]: General error: 1 no such table: cFdgeZ_posts (Connection: wp, SQL: insert into \"cFdgeZ_posts\" (\"to_ping\", \"pinged\", \"post_password\", \"post_content_filtered\", \"guid\", \"post_parent\", \"menu_order\", \"post_mime_type\", \"comment_count\", \"post_date\", \"post_date_gmt\", \"post_modified\", \"post_modified_gmt\", \"post_status\", \"comment_status\", \"ping_status\", \"post_type\", \"post_title\", \"post_name\", \"post_content\", \"post_excerpt\") values (, , , , , 0, 0, , 0, 2026-09-09 12:43:00, 2026-09-09 12:43:00, 2026-09-09 12:43:00, 2026-09-09 12:43:00, draft, closed, closed, st_tours, Circuit Sud, circuit-sud, , ))"} 
[2026-09-09 12:43:00] testing.ERROR: Auto-sync failed on create {"voyage_id":1,"error":"SQLSTATE[HY000]: General error: 1 no such table: cFdgeZ_posts (Connection: wp, SQL: insert into \"cFdgeZ_posts\" (\"to_ping\", \"pinged\", \"post_password\", \"post_content_filtered\", \"guid\", \"post_parent\", \"menu_order\", \"post_mime_type\", \"comment_count\", \"post_date\", \"post_date_gmt\", \"post_modified\", \"post_modified_gmt\", \"post_status\", \"comment_status\", \"ping_status\", \"post_type\", \"post_title\", \"post_name\", \"post_content\", \"post_excerpt\") values (, , , , , 0, 0, , 0, 2026-09-09 12:43:00, 2026-09-09 12:43:00, 2026-09-09 12:43:00, 2026-09-09 12:43:00, draft, closed, closed, st_tours, Circuit Sud, circuit-sud, , ))"} 
[2026-09-09 12:43:07] testing.ERROR: Failed to create WP tour from Laravel {"voyage_id":1,"error":"SQLSTATE[HY000]: General error: 1 no such table: cFdgeZ_posts (Connection: wp, SQL: insert into \"cFdgeZ_posts\" (\"to_ping\", \"pinged\", \"post_password\", \"post_content_filtered\", \"guid\", \"post_parent\", \"menu_order\", \"post_mime_type\", \"comment_count\", \"post_date\", \"post_date_gmt\", \"post_modified\", \"post_modified_gmt\", \"post_status\", \"comment_status\", \"ping_status\", \"post_type\", \"post_title\", \"post_name\", \"post_content\", \"post_excerpt\") values (, , , , , 0, 0, , 0, 2026-09-09 12:43:07, 2026-09-09 12:43:07, 2026-09-09 12:43:07, 2026-09-09 12:43:07, draft, closed, closed, st_tours, Circuit Sud, circuit-sud, , ))"} 
[2026-09-09 12:43:07] testing.ERROR: Auto-sync failed on create {"voyage_id":1,"error":"SQLSTATE[HY000]: General error: 1 no such table: cFdgeZ_posts (Connection: wp, SQL: insert into \"cFdgeZ_posts\" (\"to_ping\", \"pinged\", \"post_password\", \"post_content_filtered\", \"guid\", \"post_parent\", \"menu_order\", \"post_mime_type\", \"comment_count\", \"post_date\", \"post_date_gmt\", \"post_modified\", \"post_modified_gmt\", \"post_status\", \"comment_status\", \"ping_status\", \"post_type\", \"post_title\", \"post_name\", \"post_content\", \"post_excerpt\") values (, , , , , 0, 0, , 0, 2026-09-09 12:43:07, 2026-09-09 12:43:07, 2026-09-09 12:43:07, 2026-09-09 12:43:07, draft, closed, closed, st_tours, Circuit Sud, circuit-sud, , ))"} 
[2026-09-09 12:43:10] testing.ERROR: Failed to create WP tour from Laravel {"voyage_id":1,"error":"SQLSTATE[HY000]: General error: 1 no such table: cFdgeZ_posts (Connection: wp, SQL: insert into \"cFdgeZ_posts\" (\"to_ping\", \"pinged\", \"post_password\", \"post_content_filtered\", \"guid\", \"post_parent\", \"menu_order\", \"post_mime_type\", \"comment_count\", \"post_date\", \"post_date_gmt\", \"post_modified\", \"post_modified_gmt\", \"post_status\", \"comment_status\", \"ping_status\", \"post_type\", \"post_title\", \"post_name\", \"post_content\", \"post_excerpt\") values (, , , , , 0, 0, , 0, 2026-09-09 12:43:10, 2026-09-09 12:43:10, 2026-09-09 12:43:10, 2026-09-09 12:43:10, draft, closed, closed, st_tours, Circuit Sud, circuit-sud, , ))"} 
[2026-09-09 12:43:10] testing.ERROR: Auto-sync failed on create {"voyage_id":1,"error":"SQLSTATE[HY000]: General error: 1 no such table: cFdgeZ_posts (Connection: wp, SQL: insert into \"cFdgeZ_posts\" (\"to_ping\", \"pinged\", \"post_password\", \"post_content_filtered\", \"guid\", \"post_parent\", \"menu_order\", \"post_mime_type\", \"comment_count\", \"post_date\", \"post_date_gmt\", \"post_modified\", \"post_modified_gmt\", \"post_status\", \"comment_status\", \"ping_status\", \"post_type\", \"post_title\", \"post_name\", \"post_content\", \"post_excerpt\") values (, , , , , 0, 0, , 0, 2026-09-09 12:43:10, 2026-09-09 12:43:10, 2026-09-09 12:43:10, 2026-09-09 12:43:10, draft, closed, closed, st_tours, Circuit Sud, circuit-sud, , ))"} 
[2026-09-09 12:43:14] testing.ERROR: Failed to create WP tour from Laravel {"voyage_id":1,"error":"SQLSTATE[HY000]: General error: 1 no such table: cFdgeZ_posts (Connection: wp, SQL: insert into \"cFdgeZ_posts\" (\"to_ping\", \"pinged\", \"post_password\", \"post_content_filtered\", \"guid\", \"post_parent\", \"menu_order\", \"post_mime_type\", \"comment_count\", \"post_date\", \"post_date_gmt\", \"post_modified\", \"post_modified_gmt\", \"post_status\", \"comment_status\", \"ping_status\", \"post_type\", \"post_title\", \"post_name\", \"post_content\", \"post_excerpt\") values (, , , , , 0, 0, , 0, 2026-09-09 12:43:14, 2026-09-09 12:43:14, 2026-09-09 12:43:14, 2026-09-09 12:43:14, draft, closed, closed, st_tours, Circuit vide, circuit-vide, , ))"} 
[2026-09-09 12:43:14] testing.ERROR: Auto-sync failed on create {"voyage_id":1,"error":"SQLSTATE[HY000]: General error: 1 no such table: cFdgeZ_posts (Connection: wp, SQL: insert into \"cFdgeZ_posts\" (\"to_ping\", \"pinged\", \"post_password\", \"post_content_filtered\", \"guid\", \"post_parent\", \"menu_order\", \"post_mime_type\", \"comment_count\", \"post_date\", \"post_date_gmt\", \"post_modified\", \"post_modified_gmt\", \"post_status\", \"comment_status\", \"ping_status\", \"post_type\", \"post_title\", \"post_name\", \"post_content\", \"post_excerpt\") values (, , , , , 0, 0, , 0, 2026-09-09 12:43:14, 2026-09-09 12:43:14, 2026-09-09 12:43:14, 2026-09-09 12:43:14, draft, closed, closed, st_tours, Circuit vide, circuit-vide, , ))"} 
[2026-09-09 12:43:16] testing.ERROR: Failed to create WP tour from Laravel {"voyage_id":1,"error":"SQLSTATE[HY000]: General error: 1 no such table: cFdgeZ_posts (Connection: wp, SQL: insert into \"cFdgeZ_posts\" (\"to_ping\", \"pinged\", \"post_password\", \"post_content_filtered\", \"guid\", \"post_parent\", \"menu_order\", \"post_mime_type\", \"comment_count\", \"post_date\", \"post_date_gmt\", \"post_modified\", \"post_modified_gmt\", \"post_status\", \"comment_status\", \"ping_status\", \"post_type\", \"post_title\", \"post_name\", \"post_content\", \"post_excerpt\") values (, , , , , 0, 0, , 0, 2026-09-09 12:43:16, 2026-09-09 12:43:16, 2026-09-09 12:43:16, 2026-09-09 12:43:16, draft, closed, closed, st_tours, Circuit test, circuit-test, , ))"} 
[2026-09-09 12:43:16] testing.ERROR: Auto-sync failed on create {"voyage_id":1,"error":"SQLSTATE[HY000]: General error: 1 no such table: cFdgeZ_posts (Connection: wp, SQL: insert into \"cFdgeZ_posts\" (\"to_ping\", \"pinged\", \"post_password\", \"post_content_filtered\", \"guid\", \"post_parent\", \"menu_order\", \"post_mime_type\", \"comment_count\", \"post_date\", \"post_date_gmt\", \"post_modified\", \"post_modified_gmt\", \"post_status\", \"comment_status\", \"ping_status\", \"post_type\", \"post_title\", \"post_name\", \"post_content\", \"post_excerpt\") values (, , , , , 0, 0, , 0, 2026-09-09 12:43:16, 2026-09-09 12:43:16, 2026-09-09 12:43:16, 2026-09-09 12:43:16, draft, closed, closed, st_tours, Circuit test, circuit-test, , ))"} 
[2026-09-09 12:43:37] testing.ERROR: Failed to create WP tour from Laravel {"voyage_id":1,"error":"SQLSTATE[HY000]: General error: 1 no such table: cFdgeZ_posts (Connection: wp, SQL: insert into \"cFdgeZ_posts\" (\"to_ping\", \"pinged\", \"post_password\", \"post_content_filtered\", \"guid\", \"post_parent\", \"menu_order\", \"post_mime_type\", \"comment_count\", \"post_date\", \"post_date_gmt\", \"post_modified\", \"post_modified_gmt\", \"post_status\", \"comment_status\", \"ping_status\", \"post_type\", \"post_title\", \"post_name\", \"post_content\", \"post_excerpt\") values (, , , , , 0, 0, , 0, 2026-09-09 12:43:37, 2026-09-09 12:43:37, 2026-09-09 12:43:37, 2026-09-09 12:43:37, draft, closed, closed, st_tours, Circuit Sud, circuit-sud, , ))"} 
[2026-09-09 12:43:37] testing.ERROR: Auto-sync failed on create {"voyage_id":1,"error":"SQLSTATE[HY000]: General error: 1 no such table: cFdgeZ_posts (Connection: wp, SQL: insert into \"cFdgeZ_posts\" (\"to_ping\", \"pinged\", \"post_password\", \"post_content_filtered\", \"guid\", \"post_parent\", \"menu_order\", \"post_mime_type\", \"comment_count\", \"post_date\", \"post_date_gmt\", \"post_modified\", \"post_modified_gmt\", \"post_status\", \"comment_status\", \"ping_status\", \"post_type\", \"post_title\", \"post_name\", \"post_content\", \"post_excerpt\") values (, , , , , 0, 0, , 0, 2026-09-09 12:43:37, 2026-09-09 12:43:37, 2026-09-09 12:43:37, 2026-09-09 12:43:37, draft, closed, closed, st_tours, Circuit Sud, circuit-sud, , ))"} 
[2026-09-09 12:43:41] testing.ERROR: Failed to create WP tour from Laravel {"voyage_id":1,"error":"SQLSTATE[HY000]: General error: 1 no such table: cFdgeZ_posts (Connection: wp, SQL: insert into \"cFdgeZ_posts\" (\"to_ping\", \"pinged\", \"post_password\", \"post_content_filtered\", \"guid\", \"post_parent\", \"menu_order\", \"post_mime_type\", \"comment_count\", \"post_date\", \"post_date_gmt\", \"post_modified\", \"post_modified_gmt\", \"post_status\", \"comment_status\", \"ping_status\", \"post_type\", \"post_title\", \"post_name\", \"post_content\", \"post_excerpt\") values (, , , , , 0, 0, , 0, 2026-09-09 12:43:41, 2026-09-09 12:43:41, 2026-09-09 12:43:41, 2026-09-09 12:43:41, draft, closed, closed, st_tours, Circuit Sud, circuit-sud, , ))"} 
[2026-09-09 12:43:41] testing.ERROR: Auto-sync failed on create {"voyage_id":1,"error":"SQLSTATE[HY000]: General error: 1 no such table: cFdgeZ_posts (Connection: wp, SQL: insert into \"cFdgeZ_posts\" (\"to_ping\", \"pinged\", \"post_password\", \"post_content_filtered\", \"guid\", \"post_parent\", \"menu_order\", \"post_mime_type\", \"comment_count\", \"post_date\", \"post_date_gmt\", \"post_modified\", \"post_modified_gmt\", \"post_status\", \"comment_status\", \"ping_status\", \"post_type\", \"post_title\", \"post_name\", \"post_content\", \"post_excerpt\") values (, , , , , 0, 0, , 0, 2026-09-09 12:43:41, 2026-09-09 12:43:41, 2026-09-09 12:43:41, 2026-09-09 12:43:41, draft, closed, closed, st_tours, Circuit Sud, circuit-sud, , ))"} 
[2026-09-09 12:43:43] testing.ERROR: Failed to create WP tour from Laravel {"voyage_id":1,"error":"SQLSTATE[HY000]: General error: 1 no such table: cFdgeZ_posts (Connection: wp, SQL: insert into \"cFdgeZ_posts\" (\"to_ping\", \"pinged\", \"post_password\", \"post_content_filtered\", \"guid\", \"post_parent\", \"menu_order\", \"post_mime_type\", \"comment_count\", \"post_date\", \"post_date_gmt\", \"post_modified\", \"post_modified_gmt\", \"post_status\", \"comment_status\", \"ping_status\", \"post_type\", \"post_title\", \"post_name\", \"post_content\", \"post_excerpt\") values (, , , , , 0, 0, , 0, 2026-09-09 12:43:43, 2026-09-09 12:43:43, 2026-09-09 12:43:43, 2026-09-09 12:43:43, draft, closed, closed, st_tours, Circuit Sud, circuit-sud, , ))"} 
[2026-09-09 12:43:43] testing.ERROR: Auto-sync failed on create {"voyage_id":1,"error":"SQLSTATE[HY000]: General error: 1 no such table: cFdgeZ_posts (Connection: wp, SQL: insert into \"cFdgeZ_posts\" (\"to_ping\", \"pinged\", \"post_password\", \"post_content_filtered\", \"guid\", \"post_parent\", \"menu_order\", \"post_mime_type\", \"comment_count\", \"post_date\", \"post_date_gmt\", \"post_modified\", \"post_modified_gmt\", \"post_status\", \"comment_status\", \"ping_status\", \"post_type\", \"post_title\", \"post_name\", \"post_content\", \"post_excerpt\") values (, , , , , 0, 0, , 0, 2026-09-09 12:43:43, 2026-09-09 12:43:43, 2026-09-09 12:43:43, 2026-09-09 12:43:43, draft, closed, closed, st_tours, Circuit Sud, circuit-sud, , ))"} 
[2026-09-09 12:43:49] testing.ERROR: Failed to create WP tour from Laravel {"voyage_id":1,"error":"SQLSTATE[HY000]: General error: 1 no such table: cFdgeZ_posts (Connection: wp, SQL: insert into \"cFdgeZ_posts\" (\"to_ping\", \"pinged\", \"post_password\", \"post_content_filtered\", \"guid\", \"post_parent\", \"menu_order\", \"post_mime_type\", \"comment_count\", \"post_date\", \"post_date_gmt\", \"post_modified\", \"post_modified_gmt\", \"post_status\", \"comment_status\", \"ping_status\", \"post_type\", \"post_title\", \"post_name\", \"post_content\", \"post_excerpt\") values (, , , , , 0, 0, , 0, 2026-09-09 12:43:49, 2026-09-09 12:43:49, 2026-09-09 12:43:49, 2026-09-09 12:43:49, draft, closed, closed, st_tours, Circuit Sud, circuit-sud, , ))"} 
[2026-09-09 12:43:49] testing.ERROR: Auto-sync failed on create {"voyage_id":1,"error":"SQLSTATE[HY000]: General error: 1 no such table: cFdgeZ_posts (Connection: wp, SQL: insert into \"cFdgeZ_posts\" (\"to_ping\", \"pinged\", \"post_password\", \"post_content_filtered\", \"guid\", \"post_parent\", \"menu_order\", \"post_mime_type\", \"comment_count\", \"post_date\", \"post_date_gmt\", \"post_modified\", \"post_modified_gmt\", \"post_status\", \"comment_status\", \"ping_status\", \"post_type\", \"post_title\", \"post_name\", \"post_content\", \"post_excerpt\") values (, , , , , 0, 0, , 0, 2026-09-09 12:43:49, 2026-09-09 12:43:49, 2026-09-09 12:43:49, 2026-09-09 12:43:49, draft, closed, closed, st_tours, Circuit Sud, circuit-sud, , ))"} 
[2026-09-09 12:43:51] testing.ERROR: Failed to create WP tour from Laravel {"voyage_id":1,"error":"SQLSTATE[HY000]: General error: 1 no such table: cFdgeZ_posts (Connection: wp, SQL: insert into \"cFdgeZ_posts\" (\"to_ping\", \"pinged\", \"post_password\", \"post_content_filtered\", \"guid\", \"post_parent\", \"menu_order\", \"post_mime_type\", \"comment_count\", \"post_date\", \"post_date_gmt\", \"post_modified\", \"post_modified_gmt\", \"post_status\", \"comment_status\", \"ping_status\", \"post_type\", \"post_title\", \"post_name\", \"post_content\", \"post_excerpt\") values (, , , , , 0, 0, , 0, 2026-09-09 12:43:51, 2026-09-09 12:43:51, 2026-09-09 12:43:51, 2026-09-09 12:43:51, draft, closed, closed, st_tours, Circuit Sud, circuit-sud, , ))"} 
[2026-09-09 12:43:51] testing.ERROR: Auto-sync failed on create {"voyage_id":1,"error":"SQLSTATE[HY000]: General error: 1 no such table: cFdgeZ_posts (Connection: wp, SQL: insert into \"cFdgeZ_posts\" (\"to_ping\", \"pinged\", \"post_password\", \"post_content_filtered\", \"guid\", \"post_parent\", \"menu_order\", \"post_mime_type\", \"comment_count\", \"post_date\", \"post_date_gmt\", \"post_modified\", \"post_modified_gmt\", \"post_status\", \"comment_status\", \"ping_status\", \"post_type\", \"post_title\", \"post_name\", \"post_content\", \"post_excerpt\") values (, , , , , 0, 0, , 0, 2026-09-09 12:43:51, 2026-09-09 12:43:51, 2026-09-09 12:43:51, 2026-09-09 12:43:51, draft, closed, closed, st_tours, Circuit Sud, circuit-sud, , ))"} 
[2026-09-09 12:43:54] testing.ERROR: Failed to create WP tour from Laravel {"voyage_id":1,"error":"SQLSTATE[HY000]: General error: 1 no such table: cFdgeZ_posts (Connection: wp, SQL: insert into \"cFdgeZ_posts\" (\"to_ping\", \"pinged\", \"post_password\", \"post_content_filtered\", \"guid\", \"post_parent\", \"menu_order\", \"post_mime_type\", \"comment_count\", \"post_date\", \"post_date_gmt\", \"post_modified\", \"post_modified_gmt\", \"post_status\", \"comment_status\", \"ping_status\", \"post_type\", \"post_title\", \"post_name\", \"post_content\", \"post_excerpt\") values (, , , , , 0, 0, , 0, 2026-09-09 12:43:54, 2026-09-09 12:43:54, 2026-09-09 12:43:54, 2026-09-09 12:43:54, draft, closed, closed, st_tours, Circuit Sud, circuit-sud, , ))"} 
[2026-09-09 12:43:54] testing.ERROR: Auto-sync failed on create {"voyage_id":1,"error":"SQLSTATE[HY000]: General error: 1 no such table: cFdgeZ_posts (Connection: wp, SQL: insert into \"cFdgeZ_posts\" (\"to_ping\", \"pinged\", \"post_password\", \"post_content_filtered\", \"guid\", \"post_parent\", \"menu_order\", \"post_mime_type\", \"comment_count\", \"post_date\", \"post_date_gmt\", \"post_modified\", \"post_modified_gmt\", \"post_status\", \"comment_status\", \"ping_status\", \"post_type\", \"post_title\", \"post_name\", \"post_content\", \"post_excerpt\") values (, , , , , 0, 0, , 0, 2026-09-09 12:43:54, 2026-09-09 12:43:54, 2026-09-09 12:43:54, 2026-09-09 12:43:54, draft, closed, closed, st_tours, Circuit Sud, circuit-sud, , ))"} 
[2026-09-09 12:43:57] testing.ERROR: Failed to create WP tour from Laravel {"voyage_id":1,"error":"SQLSTATE[HY000]: General error: 1 no such table: cFdgeZ_posts (Connection: wp, SQL: insert into \"cFdgeZ_posts\" (\"to_ping\", \"pinged\", \"post_password\", \"post_content_filtered\", \"guid\", \"post_parent\", \"menu_order\", \"post_mime_type\", \"comment_count\", \"post_date\", \"post_date_gmt\", \"post_modified\", \"post_modified_gmt\", \"post_status\", \"comment_status\", \"ping_status\", \"post_type\", \"post_title\", \"post_name\", \"post_content\", \"post_excerpt\") values (, , , , , 0, 0, , 0, 2026-09-09 12:43:57, 2026-09-09 12:43:57, 2026-09-09 12:43:57, 2026-09-09 12:43:57, draft, closed, closed, st_tours, Circuit Sud, circuit-sud, , ))"} 
[2026-09-09 12:43:57] testing.ERROR: Auto-sync failed on create {"voyage_id":1,"error":"SQLSTATE[HY000]: General error: 1 no such table: cFdgeZ_posts (Connection: wp, SQL: insert into \"cFdgeZ_posts\" (\"to_ping\", \"pinged\", \"post_password\", \"post_content_filtered\", \"guid\", \"post_parent\", \"menu_order\", \"post_mime_type\", \"comment_count\", \"post_date\", \"post_date_gmt\", \"post_modified\", \"post_modified_gmt\", \"post_status\", \"comment_status\", \"ping_status\", \"post_type\", \"post_title\", \"post_name\", \"post_content\", \"post_excerpt\") values (, , , , , 0, 0, , 0, 2026-09-09 12:43:57, 2026-09-09 12:43:57, 2026-09-09 12:43:57, 2026-09-09 12:43:57, draft, closed, closed, st_tours, Circuit Sud, circuit-sud, , ))"} 
[2026-09-09 12:43:59] testing.ERROR: Failed to create WP tour from Laravel {"voyage_id":1,"error":"SQLSTATE[HY000]: General error: 1 no such table: cFdgeZ_posts (Connection: wp, SQL: insert into \"cFdgeZ_posts\" (\"to_ping\", \"pinged\", \"post_password\", \"post_content_filtered\", \"guid\", \"post_parent\", \"menu_order\", \"post_mime_type\", \"comment_count\", \"post_date\", \"post_date_gmt\", \"post_modified\", \"post_modified_gmt\", \"post_status\", \"comment_status\", \"ping_status\", \"post_type\", \"post_title\", \"post_name\", \"post_content\", \"post_excerpt\") values (, , , , , 0, 0, , 0, 2026-09-09 12:43:59, 2026-09-09 12:43:59, 2026-09-09 12:43:59, 2026-09-09 12:43:59, draft, closed, closed, st_tours, Circuit Sud, circuit-sud, , ))"} 
[2026-09-09 12:43:59] testing.ERROR: Auto-sync failed on create {"voyage_id":1,"error":"SQLSTATE[HY000]: General error: 1 no such table: cFdgeZ_posts (Connection: wp, SQL: insert into \"cFdgeZ_posts\" (\"to_ping\", \"pinged\", \"post_password\", \"post_content_filtered\", \"guid\", \"post_parent\", \"menu_order\", \"post_mime_type\", \"comment_count\", \"post_date\", \"post_date_gmt\", \"post_modified\", \"post_modified_gmt\", \"post_status\", \"comment_status\", \"ping_status\", \"post_type\", \"post_title\", \"post_name\", \"post_content\", \"post_excerpt\") values (, , , , , 0, 0, , 0, 2026-09-09 12:43:59, 2026-09-09 12:43:59, 2026-09-09 12:43:59, 2026-09-09 12:43:59, draft, closed, closed, st_tours, Circuit Sud, circuit-sud, , ))"} 
[2026-09-09 12:44:02] testing.ERROR: Failed to create WP tour from Laravel {"voyage_id":1,"error":"SQLSTATE[HY000]: General error: 1 no such table: cFdgeZ_posts (Connection: wp, SQL: insert into \"cFdgeZ_posts\" (\"to_ping\", \"pinged\", \"post_password\", \"post_content_filtered\", \"guid\", \"post_parent\", \"menu_order\", \"post_mime_type\", \"comment_count\", \"post_date\", \"post_date_gmt\", \"post_modified\", \"post_modified_gmt\", \"post_status\", \"comment_status\", \"ping_status\", \"post_type\", \"post_title\", \"post_name\", \"post_content\", \"post_excerpt\") values (, , , , , 0, 0, , 0, 2026-09-09 12:44:02, 2026-09-09 12:44:02, 2026-09-09 12:44:02, 2026-09-09 12:44:02, draft, closed, closed, st_tours, Circuit Sud, circuit-sud, , ))"} 
[2026-09-09 12:44:02] testing.ERROR: Auto-sync failed on create {"voyage_id":1,"error":"SQLSTATE[HY000]: General error: 1 no such table: cFdgeZ_posts (Connection: wp, SQL: insert into \"cFdgeZ_posts\" (\"to_ping\", \"pinged\", \"post_password\", \"post_content_filtered\", \"guid\", \"post_parent\", \"menu_order\", \"post_mime_type\", \"comment_count\", \"post_date\", \"post_date_gmt\", \"post_modified\", \"post_modified_gmt\", \"post_status\", \"comment_status\", \"ping_status\", \"post_type\", \"post_title\", \"post_name\", \"post_content\", \"post_excerpt\") values (, , , , , 0, 0, , 0, 2026-09-09 12:44:02, 2026-09-09 12:44:02, 2026-09-09 12:44:02, 2026-09-09 12:44:02, draft, closed, closed, st_tours, Circuit Sud, circuit-sud, , ))"} 
[2026-09-09 12:44:07] testing.ERROR: Failed to create WP tour from Laravel {"voyage_id":1,"error":"SQLSTATE[HY000]: General error: 1 no such table: cFdgeZ_posts (Connection: wp, SQL: insert into \"cFdgeZ_posts\" (\"to_ping\", \"pinged\", \"post_password\", \"post_content_filtered\", \"guid\", \"post_parent\", \"menu_order\", \"post_mime_type\", \"comment_count\", \"post_date\", \"post_date_gmt\", \"post_modified\", \"post_modified_gmt\", \"post_status\", \"comment_status\", \"ping_status\", \"post_type\", \"post_title\", \"post_name\", \"post_content\", \"post_excerpt\") values (, , , , , 0, 0, , 0, 2026-09-09 12:44:07, 2026-09-09 12:44:07, 2026-09-09 12:44:07, 2026-09-09 12:44:07, draft, closed, closed, st_tours, Circuit Sud, circuit-sud, , ))"} 
[2026-09-09 12:44:07] testing.ERROR: Auto-sync failed on create {"voyage_id":1,"error":"SQLSTATE[HY000]: General error: 1 no such table: cFdgeZ_posts (Connection: wp, SQL: insert into \"cFdgeZ_posts\" (\"to_ping\", \"pinged\", \"post_password\", \"post_content_filtered\", \"guid\", \"post_parent\", \"menu_order\", \"post_mime_type\", \"comment_count\", \"post_date\", \"post_date_gmt\", \"post_modified\", \"post_modified_gmt\", \"post_status\", \"comment_status\", \"ping_status\", \"post_type\", \"post_title\", \"post_name\", \"post_content\", \"post_excerpt\") values (, , , , , 0, 0, , 0, 2026-09-09 12:44:07, 2026-09-09 12:44:07, 2026-09-09 12:44:07, 2026-09-09 12:44:07, draft, closed, closed, st_tours, Circuit Sud, circuit-sud, , ))"} 
[2026-09-09 12:44:10] testing.ERROR: Failed to create WP tour from Laravel {"voyage_id":1,"error":"SQLSTATE[HY000]: General error: 1 no such table: cFdgeZ_posts (Connection: wp, SQL: insert into \"cFdgeZ_posts\" (\"to_ping\", \"pinged\", \"post_password\", \"post_content_filtered\", \"guid\", \"post_parent\", \"menu_order\", \"post_mime_type\", \"comment_count\", \"post_date\", \"post_date_gmt\", \"post_modified\", \"post_modified_gmt\", \"post_status\", \"comment_status\", \"ping_status\", \"post_type\", \"post_title\", \"post_name\", \"post_content\", \"post_excerpt\") values (, , , , , 0, 0, , 0, 2026-09-09 12:44:10, 2026-09-09 12:44:10, 2026-09-09 12:44:10, 2026-09-09 12:44:10, draft, closed, closed, st_tours, Circuit Sud, circuit-sud, , ))"} 
[2026-09-09 12:44:10] testing.ERROR: Auto-sync failed on create {"voyage_id":1,"error":"SQLSTATE[HY000]: General error: 1 no such table: cFdgeZ_posts (Connection: wp, SQL: insert into \"cFdgeZ_posts\" (\"to_ping\", \"pinged\", \"post_password\", \"post_content_filtered\", \"guid\", \"post_parent\", \"menu_order\", \"post_mime_type\", \"comment_count\", \"post_date\", \"post_date_gmt\", \"post_modified\", \"post_modified_gmt\", \"post_status\", \"comment_status\", \"ping_status\", \"post_type\", \"post_title\", \"post_name\", \"post_content\", \"post_excerpt\") values (, , , , , 0, 0, , 0, 2026-09-09 12:44:10, 2026-09-09 12:44:10, 2026-09-09 12:44:10, 2026-09-09 12:44:10, draft, closed, closed, st_tours, Circuit Sud, circuit-sud, , ))"} 
[2026-09-09 12:44:13] testing.ERROR: Failed to create WP tour from Laravel {"voyage_id":1,"error":"SQLSTATE[HY000]: General error: 1 no such table: cFdgeZ_posts (Connection: wp, SQL: insert into \"cFdgeZ_posts\" (\"to_ping\", \"pinged\", \"post_password\", \"post_content_filtered\", \"guid\", \"post_parent\", \"menu_order\", \"post_mime_type\", \"comment_count\", \"post_date\", \"post_date_gmt\", \"post_modified\", \"post_modified_gmt\", \"post_status\", \"comment_status\", \"ping_status\", \"post_type\", \"post_title\", \"post_name\", \"post_content\", \"post_excerpt\") values (, , , , , 0, 0, , 0, 2026-09-09 12:44:13, 2026-09-09 12:44:13, 2026-09-09 12:44:13, 2026-09-09 12:44:13, draft, closed, closed, st_tours, Circuit vide, circuit-vide, , ))"} 
[2026-09-09 12:44:13] testing.ERROR: Auto-sync failed on create {"voyage_id":1,"error":"SQLSTATE[HY000]: General error: 1 no such table: cFdgeZ_posts (Connection: wp, SQL: insert into \"cFdgeZ_posts\" (\"to_ping\", \"pinged\", \"post_password\", \"post_content_filtered\", \"guid\", \"post_parent\", \"menu_order\", \"post_mime_type\", \"comment_count\", \"post_date\", \"post_date_gmt\", \"post_modified\", \"post_modified_gmt\", \"post_status\", \"comment_status\", \"ping_status\", \"post_type\", \"post_title\", \"post_name\", \"post_content\", \"post_excerpt\") values (, , , , , 0, 0, , 0, 2026-09-09 12:44:13, 2026-09-09 12:44:13, 2026-09-09 12:44:13, 2026-09-09 12:44:13, draft, closed, closed, st_tours, Circuit vide, circuit-vide, , ))"} 
[2026-09-09 13:30:22] testing.ERROR: Failed to create WP tour from Laravel {"voyage_id":1,"error":"SQLSTATE[HY000]: General error: 1 no such table: cFdgeZ_posts (Connection: wp, SQL: insert into \"cFdgeZ_posts\" (\"to_ping\", \"pinged\", \"post_password\", \"post_content_filtered\", \"guid\", \"post_parent\", \"menu_order\", \"post_mime_type\", \"comment_count\", \"post_date\", \"post_date_gmt\", \"post_modified\", \"post_modified_gmt\", \"post_status\", \"comment_status\", \"ping_status\", \"post_type\", \"post_title\", \"post_name\", \"post_content\", \"post_excerpt\") values (, , , , , 0, 0, , 0, 2026-09-09 13:30:22, 2026-09-09 13:30:22, 2026-09-09 13:30:22, 2026-09-09 13:30:22, draft, closed, closed, st_tours, Circuit Sud, circuit-sud, , ))"} 
[2026-09-09 13:30:22] testing.ERROR: Auto-sync failed on create {"voyage_id":1,"error":"SQLSTATE[HY000]: General error: 1 no such table: cFdgeZ_posts (Connection: wp, SQL: insert into \"cFdgeZ_posts\" (\"to_ping\", \"pinged\", \"post_password\", \"post_content_filtered\", \"guid\", \"post_parent\", \"menu_order\", \"post_mime_type\", \"comment_count\", \"post_date\", \"post_date_gmt\", \"post_modified\", \"post_modified_gmt\", \"post_status\", \"comment_status\", \"ping_status\", \"post_type\", \"post_title\", \"post_name\", \"post_content\", \"post_excerpt\") values (, , , , , 0, 0, , 0, 2026-09-09 13:30:22, 2026-09-09 13:30:22, 2026-09-09 13:30:22, 2026-09-09 13:30:22, draft, closed, closed, st_tours, Circuit Sud, circuit-sud, , ))"} 
[2026-09-09 13:30:29] testing.ERROR: Failed to create WP tour from Laravel {"voyage_id":1,"error":"SQLSTATE[HY000]: General error: 1 no such table: cFdgeZ_posts (Connection: wp, SQL: insert into \"cFdgeZ_posts\" (\"to_ping\", \"pinged\", \"post_password\", \"post_content_filtered\", \"guid\", \"post_parent\", \"menu_order\", \"post_mime_type\", \"comment_count\", \"post_date\", \"post_date_gmt\", \"post_modified\", \"post_modified_gmt\", \"post_status\", \"comment_status\", \"ping_status\", \"post_type\", \"post_title\", \"post_name\", \"post_content\", \"post_excerpt\") values (, , , , , 0, 0, , 0, 2026-09-09 13:30:29, 2026-09-09 13:30:29, 2026-09-09 13:30:29, 2026-09-09 13:30:29, draft, closed, closed, st_tours, Circuit Sud, circuit-sud, , ))"} 
[2026-09-09 13:30:29] testing.ERROR: Auto-sync failed on create {"voyage_id":1,"error":"SQLSTATE[HY000]: General error: 1 no such table: cFdgeZ_posts (Connection: wp, SQL: insert into \"cFdgeZ_posts\" (\"to_ping\", \"pinged\", \"post_password\", \"post_content_filtered\", \"guid\", \"post_parent\", \"menu_order\", \"post_mime_type\", \"comment_count\", \"post_date\", \"post_date_gmt\", \"post_modified\", \"post_modified_gmt\", \"post_status\", \"comment_status\", \"ping_status\", \"post_type\", \"post_title\", \"post_name\", \"post_content\", \"post_excerpt\") values (, , , , , 0, 0, , 0, 2026-09-09 13:30:29, 2026-09-09 13:30:29, 2026-09-09 13:30:29, 2026-09-09 13:30:29, draft, closed, closed, st_tours, Circuit Sud, circuit-sud, , ))"} 
[2026-09-09 13:30:37] testing.ERROR: Failed to create WP tour from Laravel {"voyage_id":1,"error":"SQLSTATE[HY000]: General error: 1 no such table: cFdgeZ_posts (Connection: wp, SQL: insert into \"cFdgeZ_posts\" (\"to_ping\", \"pinged\", \"post_password\", \"post_content_filtered\", \"guid\", \"post_parent\", \"menu_order\", \"post_mime_type\", \"comment_count\", \"post_date\", \"post_date_gmt\", \"post_modified\", \"post_modified_gmt\", \"post_status\", \"comment_status\", \"ping_status\", \"post_type\", \"post_title\", \"post_name\", \"post_content\", \"post_excerpt\") values (, , , , , 0, 0, , 0, 2026-09-09 13:30:37, 2026-09-09 13:30:37, 2026-09-09 13:30:37, 2026-09-09 13:30:37, draft, closed, closed, st_tours, Circuit Sud, circuit-sud, , ))"} 
[2026-09-09 13:30:37] testing.ERROR: Auto-sync failed on create {"voyage_id":1,"error":"SQLSTATE[HY000]: General error: 1 no such table: cFdgeZ_posts (Connection: wp, SQL: insert into \"cFdgeZ_posts\" (\"to_ping\", \"pinged\", \"post_password\", \"post_content_filtered\", \"guid\", \"post_parent\", \"menu_order\", \"post_mime_type\", \"comment_count\", \"post_date\", \"post_date_gmt\", \"post_modified\", \"post_modified_gmt\", \"post_status\", \"comment_status\", \"ping_status\", \"post_type\", \"post_title\", \"post_name\", \"post_content\", \"post_excerpt\") values (, , , , , 0, 0, , 0, 2026-09-09 13:30:37, 2026-09-09 13:30:37, 2026-09-09 13:30:37, 2026-09-09 13:30:37, draft, closed, closed, st_tours, Circuit Sud, circuit-sud, , ))"} 
[2026-09-09 13:30:43] testing.ERROR: Failed to create WP tour from Laravel {"voyage_id":1,"error":"SQLSTATE[HY000]: General error: 1 no such table: cFdgeZ_posts (Connection: wp, SQL: insert into \"cFdgeZ_posts\" (\"to_ping\", \"pinged\", \"post_password\", \"post_content_filtered\", \"guid\", \"post_parent\", \"menu_order\", \"post_mime_type\", \"comment_count\", \"post_date\", \"post_date_gmt\", \"post_modified\", \"post_modified_gmt\", \"post_status\", \"comment_status\", \"ping_status\", \"post_type\", \"post_title\", \"post_name\", \"post_content\", \"post_excerpt\") values (, , , , , 0, 0, , 0, 2026-09-09 13:30:43, 2026-09-09 13:30:43, 2026-09-09 13:30:43, 2026-09-09 13:30:43, draft, closed, closed, st_tours, Circuit Sud, circuit-sud, , ))"} 
[2026-09-09 13:30:43] testing.ERROR: Auto-sync failed on create {"voyage_id":1,"error":"SQLSTATE[HY000]: General error: 1 no such table: cFdgeZ_posts (Connection: wp, SQL: insert into \"cFdgeZ_posts\" (\"to_ping\", \"pinged\", \"post_password\", \"post_content_filtered\", \"guid\", \"post_parent\", \"menu_order\", \"post_mime_type\", \"comment_count\", \"post_date\", \"post_date_gmt\", \"post_modified\", \"post_modified_gmt\", \"post_status\", \"comment_status\", \"ping_status\", \"post_type\", \"post_title\", \"post_name\", \"post_content\", \"post_excerpt\") values (, , , , , 0, 0, , 0, 2026-09-09 13:30:43, 2026-09-09 13:30:43, 2026-09-09 13:30:43, 2026-09-09 13:30:43, draft, closed, closed, st_tours, Circuit Sud, circuit-sud, , ))"} 
[2026-09-09 13:30:54] testing.ERROR: Failed to create WP tour from Laravel {"voyage_id":1,"error":"SQLSTATE[HY000]: General error: 1 no such table: cFdgeZ_posts (Connection: wp, SQL: insert into \"cFdgeZ_posts\" (\"to_ping\", \"pinged\", \"post_password\", \"post_content_filtered\", \"guid\", \"post_parent\", \"menu_order\", \"post_mime_type\", \"comment_count\", \"post_date\", \"post_date_gmt\", \"post_modified\", \"post_modified_gmt\", \"post_status\", \"comment_status\", \"ping_status\", \"post_type\", \"post_title\", \"post_name\", \"post_content\", \"post_excerpt\") values (, , , , , 0, 0, , 0, 2026-09-09 13:30:54, 2026-09-09 13:30:54, 2026-09-09 13:30:54, 2026-09-09 13:30:54, draft, closed, closed, st_tours, Circuit Sud, circuit-sud, , ))"} 
[2026-09-09 13:30:54] testing.ERROR: Auto-sync failed on create {"voyage_id":1,"error":"SQLSTATE[HY000]: General error: 1 no such table: cFdgeZ_posts (Connection: wp, SQL: insert into \"cFdgeZ_posts\" (\"to_ping\", \"pinged\", \"post_password\", \"post_content_filtered\", \"guid\", \"post_parent\", \"menu_order\", \"post_mime_type\", \"comment_count\", \"post_date\", \"post_date_gmt\", \"post_modified\", \"post_modified_gmt\", \"post_status\", \"comment_status\", \"ping_status\", \"post_type\", \"post_title\", \"post_name\", \"post_content\", \"post_excerpt\") values (, , , , , 0, 0, , 0, 2026-09-09 13:30:54, 2026-09-09 13:30:54, 2026-09-09 13:30:54, 2026-09-09 13:30:54, draft, closed, closed, st_tours, Circuit Sud, circuit-sud, , ))"} 
[2026-09-09 13:31:04] testing.ERROR: Failed to create WP tour from Laravel {"voyage_id":1,"error":"SQLSTATE[HY000]: General error: 1 no such table: cFdgeZ_posts (Connection: wp, SQL: insert into \"cFdgeZ_posts\" (\"to_ping\", \"pinged\", \"post_password\", \"post_content_filtered\", \"guid\", \"post_parent\", \"menu_order\", \"post_mime_type\", \"comment_count\", \"post_date\", \"post_date_gmt\", \"post_modified\", \"post_modified_gmt\", \"post_status\", \"comment_status\", \"ping_status\", \"post_type\", \"post_title\", \"post_name\", \"post_content\", \"post_excerpt\") values (, , , , , 0, 0, , 0, 2026-09-09 13:31:04, 2026-09-09 13:31:04, 2026-09-09 13:31:04, 2026-09-09 13:31:04, draft, closed, closed, st_tours, Circuit Sud, circuit-sud, , ))"} 
[2026-09-09 13:31:04] testing.ERROR: Auto-sync failed on create {"voyage_id":1,"error":"SQLSTATE[HY000]: General error: 1 no such table: cFdgeZ_posts (Connection: wp, SQL: insert into \"cFdgeZ_posts\" (\"to_ping\", \"pinged\", \"post_password\", \"post_content_filtered\", \"guid\", \"post_parent\", \"menu_order\", \"post_mime_type\", \"comment_count\", \"post_date\", \"post_date_gmt\", \"post_modified\", \"post_modified_gmt\", \"post_status\", \"comment_status\", \"ping_status\", \"post_type\", \"post_title\", \"post_name\", \"post_content\", \"post_excerpt\") values (, , , , , 0, 0, , 0, 2026-09-09 13:31:04, 2026-09-09 13:31:04, 2026-09-09 13:31:04, 2026-09-09 13:31:04, draft, closed, closed, st_tours, Circuit Sud, circuit-sud, , ))"} 
[2026-09-09 13:31:09] testing.ERROR: Failed to create WP tour from Laravel {"voyage_id":1,"error":"SQLSTATE[HY000]: General error: 1 no such table: cFdgeZ_posts (Connection: wp, SQL: insert into \"cFdgeZ_posts\" (\"to_ping\", \"pinged\", \"post_password\", \"post_content_filtered\", \"guid\", \"post_parent\", \"menu_order\", \"post_mime_type\", \"comment_count\", \"post_date\", \"post_date_gmt\", \"post_modified\", \"post_modified_gmt\", \"post_status\", \"comment_status\", \"ping_status\", \"post_type\", \"post_title\", \"post_name\", \"post_content\", \"post_excerpt\") values (, , , , , 0, 0, , 0, 2026-09-09 13:31:09, 2026-09-09 13:31:09, 2026-09-09 13:31:09, 2026-09-09 13:31:09, draft, closed, closed, st_tours, Circuit Sud, circuit-sud, , ))"} 
[2026-09-09 13:31:09] testing.ERROR: Auto-sync failed on create {"voyage_id":1,"error":"SQLSTATE[HY000]: General error: 1 no such table: cFdgeZ_posts (Connection: wp, SQL: insert into \"cFdgeZ_posts\" (\"to_ping\", \"pinged\", \"post_password\", \"post_content_filtered\", \"guid\", \"post_parent\", \"menu_order\", \"post_mime_type\", \"comment_count\", \"post_date\", \"post_date_gmt\", \"post_modified\", \"post_modified_gmt\", \"post_status\", \"comment_status\", \"ping_status\", \"post_type\", \"post_title\", \"post_name\", \"post_content\", \"post_excerpt\") values (, , , , , 0, 0, , 0, 2026-09-09 13:31:09, 2026-09-09 13:31:09, 2026-09-09 13:31:09, 2026-09-09 13:31:09, draft, closed, closed, st_tours, Circuit Sud, circuit-sud, , ))"} 
[2026-09-09 13:31:14] testing.ERROR: Failed to create WP tour from Laravel {"voyage_id":1,"error":"SQLSTATE[HY000]: General error: 1 no such table: cFdgeZ_posts (Connection: wp, SQL: insert into \"cFdgeZ_posts\" (\"to_ping\", \"pinged\", \"post_password\", \"post_content_filtered\", \"guid\", \"post_parent\", \"menu_order\", \"post_mime_type\", \"comment_count\", \"post_date\", \"post_date_gmt\", \"post_modified\", \"post_modified_gmt\", \"post_status\", \"comment_status\", \"ping_status\", \"post_type\", \"post_title\", \"post_name\", \"post_content\", \"post_excerpt\") values (, , , , , 0, 0, , 0, 2026-09-09 13:31:14, 2026-09-09 13:31:14, 2026-09-09 13:31:14, 2026-09-09 13:31:14, draft, closed, closed, st_tours, Circuit Sud, circuit-sud, , ))"} 
[2026-09-09 13:31:14] testing.ERROR: Auto-sync failed on create {"voyage_id":1,"error":"SQLSTATE[HY000]: General error: 1 no such table: cFdgeZ_posts (Connection: wp, SQL: insert into \"cFdgeZ_posts\" (\"to_ping\", \"pinged\", \"post_password\", \"post_content_filtered\", \"guid\", \"post_parent\", \"menu_order\", \"post_mime_type\", \"comment_count\", \"post_date\", \"post_date_gmt\", \"post_modified\", \"post_modified_gmt\", \"post_status\", \"comment_status\", \"ping_status\", \"post_type\", \"post_title\", \"post_name\", \"post_content\", \"post_excerpt\") values (, , , , , 0, 0, , 0, 2026-09-09 13:31:14, 2026-09-09 13:31:14, 2026-09-09 13:31:14, 2026-09-09 13:31:14, draft, closed, closed, st_tours, Circuit Sud, circuit-sud, , ))"} 
[2026-09-09 13:31:19] testing.ERROR: Failed to create WP tour from Laravel {"voyage_id":1,"error":"SQLSTATE[HY000]: General error: 1 no such table: cFdgeZ_posts (Connection: wp, SQL: insert into \"cFdgeZ_posts\" (\"to_ping\", \"pinged\", \"post_password\", \"post_content_filtered\", \"guid\", \"post_parent\", \"menu_order\", \"post_mime_type\", \"comment_count\", \"post_date\", \"post_date_gmt\", \"post_modified\", \"post_modified_gmt\", \"post_status\", \"comment_status\", \"ping_status\", \"post_type\", \"post_title\", \"post_name\", \"post_content\", \"post_excerpt\") values (, , , , , 0, 0, , 0, 2026-09-09 13:31:19, 2026-09-09 13:31:19, 2026-09-09 13:31:19, 2026-09-09 13:31:19, draft, closed, closed, st_tours, Circuit Sud, circuit-sud, , ))"} 
[2026-09-09 13:31:19] testing.ERROR: Auto-sync failed on create {"voyage_id":1,"error":"SQLSTATE[HY000]: General error: 1 no such table: cFdgeZ_posts (Connection: wp, SQL: insert into \"cFdgeZ_posts\" (\"to_ping\", \"pinged\", \"post_password\", \"post_content_filtered\", \"guid\", \"post_parent\", \"menu_order\", \"post_mime_type\", \"comment_count\", \"post_date\", \"post_date_gmt\", \"post_modified\", \"post_modified_gmt\", \"post_status\", \"comment_status\", \"ping_status\", \"post_type\", \"post_title\", \"post_name\", \"post_content\", \"post_excerpt\") values (, , , , , 0, 0, , 0, 2026-09-09 13:31:19, 2026-09-09 13:31:19, 2026-09-09 13:31:19, 2026-09-09 13:31:19, draft, closed, closed, st_tours, Circuit Sud, circuit-sud, , ))"} 
[2026-09-09 13:31:24] testing.ERROR: Failed to create WP tour from Laravel {"voyage_id":1,"error":"SQLSTATE[HY000]: General error: 1 no such table: cFdgeZ_posts (Connection: wp, SQL: insert into \"cFdgeZ_posts\" (\"to_ping\", \"pinged\", \"post_password\", \"post_content_filtered\", \"guid\", \"post_parent\", \"menu_order\", \"post_mime_type\", \"comment_count\", \"post_date\", \"post_date_gmt\", \"post_modified\", \"post_modified_gmt\", \"post_status\", \"comment_status\", \"ping_status\", \"post_type\", \"post_title\", \"post_name\", \"post_content\", \"post_excerpt\") values (, , , , , 0, 0, , 0, 2026-09-09 13:31:24, 2026-09-09 13:31:24, 2026-09-09 13:31:24, 2026-09-09 13:31:24, draft, closed, closed, st_tours, Circuit Sud, circuit-sud, , ))"} 
[2026-09-09 13:31:24] testing.ERROR: Auto-sync failed on create {"voyage_id":1,"error":"SQLSTATE[HY000]: General error: 1 no such table: cFdgeZ_posts (Connection: wp, SQL: insert into \"cFdgeZ_posts\" (\"to_ping\", \"pinged\", \"post_password\", \"post_content_filtered\", \"guid\", \"post_parent\", \"menu_order\", \"post_mime_type\", \"comment_count\", \"post_date\", \"post_date_gmt\", \"post_modified\", \"post_modified_gmt\", \"post_status\", \"comment_status\", \"ping_status\", \"post_type\", \"post_title\", \"post_name\", \"post_content\", \"post_excerpt\") values (, , , , , 0, 0, , 0, 2026-09-09 13:31:24, 2026-09-09 13:31:24, 2026-09-09 13:31:24, 2026-09-09 13:31:24, draft, closed, closed, st_tours, Circuit Sud, circuit-sud, , ))"} 
[2026-09-09 13:31:29] testing.ERROR: Failed to create WP tour from Laravel {"voyage_id":1,"error":"SQLSTATE[HY000]: General error: 1 no such table: cFdgeZ_posts (Connection: wp, SQL: insert into \"cFdgeZ_posts\" (\"to_ping\", \"pinged\", \"post_password\", \"post_content_filtered\", \"guid\", \"post_parent\", \"menu_order\", \"post_mime_type\", \"comment_count\", \"post_date\", \"post_date_gmt\", \"post_modified\", \"post_modified_gmt\", \"post_status\", \"comment_status\", \"ping_status\", \"post_type\", \"post_title\", \"post_name\", \"post_content\", \"post_excerpt\") values (, , , , , 0, 0, , 0, 2026-09-09 13:31:29, 2026-09-09 13:31:29, 2026-09-09 13:31:29, 2026-09-09 13:31:29, draft, closed, closed, st_tours, Circuit Sud, circuit-sud, , ))"} 
[2026-09-09 13:31:29] testing.ERROR: Auto-sync failed on create {"voyage_id":1,"error":"SQLSTATE[HY000]: General error: 1 no such table: cFdgeZ_posts (Connection: wp, SQL: insert into \"cFdgeZ_posts\" (\"to_ping\", \"pinged\", \"post_password\", \"post_content_filtered\", \"guid\", \"post_parent\", \"menu_order\", \"post_mime_type\", \"comment_count\", \"post_date\", \"post_date_gmt\", \"post_modified\", \"post_modified_gmt\", \"post_status\", \"comment_status\", \"ping_status\", \"post_type\", \"post_title\", \"post_name\", \"post_content\", \"post_excerpt\") values (, , , , , 0, 0, , 0, 2026-09-09 13:31:29, 2026-09-09 13:31:29, 2026-09-09 13:31:29, 2026-09-09 13:31:29, draft, closed, closed, st_tours, Circuit Sud, circuit-sud, , ))"} 
[2026-09-09 13:31:39] testing.ERROR: Failed to create WP tour from Laravel {"voyage_id":1,"error":"SQLSTATE[HY000]: General error: 1 no such table: cFdgeZ_posts (Connection: wp, SQL: insert into \"cFdgeZ_posts\" (\"to_ping\", \"pinged\", \"post_password\", \"post_content_filtered\", \"guid\", \"post_parent\", \"menu_order\", \"post_mime_type\", \"comment_count\", \"post_date\", \"post_date_gmt\", \"post_modified\", \"post_modified_gmt\", \"post_status\", \"comment_status\", \"ping_status\", \"post_type\", \"post_title\", \"post_name\", \"post_content\", \"post_excerpt\") values (, , , , , 0, 0, , 0, 2026-09-09 13:31:39, 2026-09-09 13:31:39, 2026-09-09 13:31:39, 2026-09-09 13:31:39, draft, closed, closed, st_tours, Circuit Sud, circuit-sud, , ))"} 
[2026-09-09 13:31:39] testing.ERROR: Auto-sync failed on create {"voyage_id":1,"error":"SQLSTATE[HY000]: General error: 1 no such table: cFdgeZ_posts (Connection: wp, SQL: insert into \"cFdgeZ_posts\" (\"to_ping\", \"pinged\", \"post_password\", \"post_content_filtered\", \"guid\", \"post_parent\", \"menu_order\", \"post_mime_type\", \"comment_count\", \"post_date\", \"post_date_gmt\", \"post_modified\", \"post_modified_gmt\", \"post_status\", \"comment_status\", \"ping_status\", \"post_type\", \"post_title\", \"post_name\", \"post_content\", \"post_excerpt\") values (, , , , , 0, 0, , 0, 2026-09-09 13:31:39, 2026-09-09 13:31:39, 2026-09-09 13:31:39, 2026-09-09 13:31:39, draft, closed, closed, st_tours, Circuit Sud, circuit-sud, , ))"} 
[2026-09-09 13:31:44] testing.ERROR: Failed to create WP tour from Laravel {"voyage_id":1,"error":"SQLSTATE[HY000]: General error: 1 no such table: cFdgeZ_posts (Connection: wp, SQL: insert into \"cFdgeZ_posts\" (\"to_ping\", \"pinged\", \"post_password\", \"post_content_filtered\", \"guid\", \"post_parent\", \"menu_order\", \"post_mime_type\", \"comment_count\", \"post_date\", \"post_date_gmt\", \"post_modified\", \"post_modified_gmt\", \"post_status\", \"comment_status\", \"ping_status\", \"post_type\", \"post_title\", \"post_name\", \"post_content\", \"post_excerpt\") values (, , , , , 0, 0, , 0, 2026-09-09 13:31:44, 2026-09-09 13:31:44, 2026-09-09 13:31:44, 2026-09-09 13:31:44, draft, closed, closed, st_tours, Circuit Sud, circuit-sud, , ))"} 
[2026-09-09 13:31:44] testing.ERROR: Auto-sync failed on create {"voyage_id":1,"error":"SQLSTATE[HY000]: General error: 1 no such table: cFdgeZ_posts (Connection: wp, SQL: insert into \"cFdgeZ_posts\" (\"to_ping\", \"pinged\", \"post_password\", \"post_content_filtered\", \"guid\", \"post_parent\", \"menu_order\", \"post_mime_type\", \"comment_count\", \"post_date\", \"post_date_gmt\", \"post_modified\", \"post_modified_gmt\", \"post_status\", \"comment_status\", \"ping_status\", \"post_type\", \"post_title\", \"post_name\", \"post_content\", \"post_excerpt\") values (, , , , , 0, 0, , 0, 2026-09-09 13:31:44, 2026-09-09 13:31:44, 2026-09-09 13:31:44, 2026-09-09 13:31:44, draft, closed, closed, st_tours, Circuit Sud, circuit-sud, , ))"} 
[2026-09-09 13:31:50] testing.ERROR: Failed to create WP tour from Laravel {"voyage_id":1,"error":"SQLSTATE[HY000]: General error: 1 no such table: cFdgeZ_posts (Connection: wp, SQL: insert into \"cFdgeZ_posts\" (\"to_ping\", \"pinged\", \"post_password\", \"post_content_filtered\", \"guid\", \"post_parent\", \"menu_order\", \"post_mime_type\", \"comment_count\", \"post_date\", \"post_date_gmt\", \"post_modified\", \"post_modified_gmt\", \"post_status\", \"comment_status\", \"ping_status\", \"post_type\", \"post_title\", \"post_name\", \"post_content\", \"post_excerpt\") values (, , , , , 0, 0, , 0, 2026-09-09 13:31:50, 2026-09-09 13:31:50, 2026-09-09 13:31:50, 2026-09-09 13:31:50, draft, closed, closed, st_tours, Circuit vide, circuit-vide, , ))"} 
[2026-09-09 13:31:50] testing.ERROR: Auto-sync failed on create {"voyage_id":1,"error":"SQLSTATE[HY000]: General error: 1 no such table: cFdgeZ_posts (Connection: wp, SQL: insert into \"cFdgeZ_posts\" (\"to_ping\", \"pinged\", \"post_password\", \"post_content_filtered\", \"guid\", \"post_parent\", \"menu_order\", \"post_mime_type\", \"comment_count\", \"post_date\", \"post_date_gmt\", \"post_modified\", \"post_modified_gmt\", \"post_status\", \"comment_status\", \"ping_status\", \"post_type\", \"post_title\", \"post_name\", \"post_content\", \"post_excerpt\") values (, , , , , 0, 0, , 0, 2026-09-09 13:31:50, 2026-09-09 13:31:50, 2026-09-09 13:31:50, 2026-09-09 13:31:50, draft, closed, closed, st_tours, Circuit vide, circuit-vide, , ))"} 
[2026-09-09 13:32:11] testing.ERROR: Failed to create WP tour from Laravel {"voyage_id":1,"error":"SQLSTATE[HY000]: General error: 1 no such table: cFdgeZ_posts (Connection: wp, SQL: insert into \"cFdgeZ_posts\" (\"to_ping\", \"pinged\", \"post_password\", \"post_content_filtered\", \"guid\", \"post_parent\", \"menu_order\", \"post_mime_type\", \"comment_count\", \"post_date\", \"post_date_gmt\", \"post_modified\", \"post_modified_gmt\", \"post_status\", \"comment_status\", \"ping_status\", \"post_type\", \"post_title\", \"post_name\", \"post_content\", \"post_excerpt\") values (, , , , , 0, 0, , 0, 2026-09-09 13:32:11, 2026-09-09 13:32:11, 2026-09-09 13:32:11, 2026-09-09 13:32:11, draft, closed, closed, st_tours, Circuit Sud, circuit-sud, , ))"} 
[2026-09-09 13:32:11] testing.ERROR: Auto-sync failed on create {"voyage_id":1,"error":"SQLSTATE[HY000]: General error: 1 no such table: cFdgeZ_posts (Connection: wp, SQL: insert into \"cFdgeZ_posts\" (\"to_ping\", \"pinged\", \"post_password\", \"post_content_filtered\", \"guid\", \"post_parent\", \"menu_order\", \"post_mime_type\", \"comment_count\", \"post_date\", \"post_date_gmt\", \"post_modified\", \"post_modified_gmt\", \"post_status\", \"comment_status\", \"ping_status\", \"post_type\", \"post_title\", \"post_name\", \"post_content\", \"post_excerpt\") values (, , , , , 0, 0, , 0, 2026-09-09 13:32:11, 2026-09-09 13:32:11, 2026-09-09 13:32:11, 2026-09-09 13:32:11, draft, closed, closed, st_tours, Circuit Sud, circuit-sud, , ))"} 
[2026-09-09 13:32:18] testing.ERROR: Failed to create WP tour from Laravel {"voyage_id":1,"error":"SQLSTATE[HY000]: General error: 1 no such table: cFdgeZ_posts (Connection: wp, SQL: insert into \"cFdgeZ_posts\" (\"to_ping\", \"pinged\", \"post_password\", \"post_content_filtered\", \"guid\", \"post_parent\", \"menu_order\", \"post_mime_type\", \"comment_count\", \"post_date\", \"post_date_gmt\", \"post_modified\", \"post_modified_gmt\", \"post_status\", \"comment_status\", \"ping_status\", \"post_type\", \"post_title\", \"post_name\", \"post_content\", \"post_excerpt\") values (, , , , , 0, 0, , 0, 2026-09-09 13:32:18, 2026-09-09 13:32:18, 2026-09-09 13:32:18, 2026-09-09 13:32:18, draft, closed, closed, st_tours, Circuit Sud, circuit-sud, , ))"} 
[2026-09-09 13:32:18] testing.ERROR: Auto-sync failed on create {"voyage_id":1,"error":"SQLSTATE[HY000]: General error: 1 no such table: cFdgeZ_posts (Connection: wp, SQL: insert into \"cFdgeZ_posts\" (\"to_ping\", \"pinged\", \"post_password\", \"post_content_filtered\", \"guid\", \"post_parent\", \"menu_order\", \"post_mime_type\", \"comment_count\", \"post_date\", \"post_date_gmt\", \"post_modified\", \"post_modified_gmt\", \"post_status\", \"comment_status\", \"ping_status\", \"post_type\", \"post_title\", \"post_name\", \"post_content\", \"post_excerpt\") values (, , , , , 0, 0, , 0, 2026-09-09 13:32:18, 2026-09-09 13:32:18, 2026-09-09 13:32:18, 2026-09-09 13:32:18, draft, closed, closed, st_tours, Circuit Sud, circuit-sud, , ))"} 
[2026-09-09 13:32:24] testing.ERROR: Failed to create WP tour from Laravel {"voyage_id":1,"error":"SQLSTATE[HY000]: General error: 1 no such table: cFdgeZ_posts (Connection: wp, SQL: insert into \"cFdgeZ_posts\" (\"to_ping\", \"pinged\", \"post_password\", \"post_content_filtered\", \"guid\", \"post_parent\", \"menu_order\", \"post_mime_type\", \"comment_count\", \"post_date\", \"post_date_gmt\", \"post_modified\", \"post_modified_gmt\", \"post_status\", \"comment_status\", \"ping_status\", \"post_type\", \"post_title\", \"post_name\", \"post_content\", \"post_excerpt\") values (, , , , , 0, 0, , 0, 2026-09-09 13:32:24, 2026-09-09 13:32:24, 2026-09-09 13:32:24, 2026-09-09 13:32:24, draft, closed, closed, st_tours, Circuit Sud, circuit-sud, , ))"} 
[2026-09-09 13:32:24] testing.ERROR: Auto-sync failed on create {"voyage_id":1,"error":"SQLSTATE[HY000]: General error: 1 no such table: cFdgeZ_posts (Connection: wp, SQL: insert into \"cFdgeZ_posts\" (\"to_ping\", \"pinged\", \"post_password\", \"post_content_filtered\", \"guid\", \"post_parent\", \"menu_order\", \"post_mime_type\", \"comment_count\", \"post_date\", \"post_date_gmt\", \"post_modified\", \"post_modified_gmt\", \"post_status\", \"comment_status\", \"ping_status\", \"post_type\", \"post_title\", \"post_name\", \"post_content\", \"post_excerpt\") values (, , , , , 0, 0, , 0, 2026-09-09 13:32:24, 2026-09-09 13:32:24, 2026-09-09 13:32:24, 2026-09-09 13:32:24, draft, closed, closed, st_tours, Circuit Sud, circuit-sud, , ))"} 
[2026-09-09 13:32:29] testing.ERROR: Failed to create WP tour from Laravel {"voyage_id":1,"error":"SQLSTATE[HY000]: General error: 1 no such table: cFdgeZ_posts (Connection: wp, SQL: insert into \"cFdgeZ_posts\" (\"to_ping\", \"pinged\", \"post_password\", \"post_content_filtered\", \"guid\", \"post_parent\", \"menu_order\", \"post_mime_type\", \"comment_count\", \"post_date\", \"post_date_gmt\", \"post_modified\", \"post_modified_gmt\", \"post_status\", \"comment_status\", \"ping_status\", \"post_type\", \"post_title\", \"post_name\", \"post_content\", \"post_excerpt\") values (, , , , , 0, 0, , 0, 2026-09-09 13:32:29, 2026-09-09 13:32:29, 2026-09-09 13:32:29, 2026-09-09 13:32:29, draft, closed, closed, st_tours, Circuit Sud, circuit-sud, , ))"} 
[2026-09-09 13:32:29] testing.ERROR: Auto-sync failed on create {"voyage_id":1,"error":"SQLSTATE[HY000]: General error: 1 no such table: cFdgeZ_posts (Connection: wp, SQL: insert into \"cFdgeZ_posts\" (\"to_ping\", \"pinged\", \"post_password\", \"post_content_filtered\", \"guid\", \"post_parent\", \"menu_order\", \"post_mime_type\", \"comment_count\", \"post_date\", \"post_date_gmt\", \"post_modified\", \"post_modified_gmt\", \"post_status\", \"comment_status\", \"ping_status\", \"post_type\", \"post_title\", \"post_name\", \"post_content\", \"post_excerpt\") values (, , , , , 0, 0, , 0, 2026-09-09 13:32:29, 2026-09-09 13:32:29, 2026-09-09 13:32:29, 2026-09-09 13:32:29, draft, closed, closed, st_tours, Circuit Sud, circuit-sud, , ))"} 
[2026-09-09 13:32:40] testing.ERROR: Failed to create WP tour from Laravel {"voyage_id":1,"error":"SQLSTATE[HY000]: General error: 1 no such table: cFdgeZ_posts (Connection: wp, SQL: insert into \"cFdgeZ_posts\" (\"to_ping\", \"pinged\", \"post_password\", \"post_content_filtered\", \"guid\", \"post_parent\", \"menu_order\", \"post_mime_type\", \"comment_count\", \"post_date\", \"post_date_gmt\", \"post_modified\", \"post_modified_gmt\", \"post_status\", \"comment_status\", \"ping_status\", \"post_type\", \"post_title\", \"post_name\", \"post_content\", \"post_excerpt\") values (, , , , , 0, 0, , 0, 2026-09-09 13:32:40, 2026-09-09 13:32:40, 2026-09-09 13:32:40, 2026-09-09 13:32:40, draft, closed, closed, st_tours, Circuit Sud, circuit-sud, , ))"} 
[2026-09-09 13:32:40] testing.ERROR: Auto-sync failed on create {"voyage_id":1,"error":"SQLSTATE[HY000]: General error: 1 no such table: cFdgeZ_posts (Connection: wp, SQL: insert into \"cFdgeZ_posts\" (\"to_ping\", \"pinged\", \"post_password\", \"post_content_filtered\", \"guid\", \"post_parent\", \"menu_order\", \"post_mime_type\", \"comment_count\", \"post_date\", \"post_date_gmt\", \"post_modified\", \"post_modified_gmt\", \"post_status\", \"comment_status\", \"ping_status\", \"post_type\", \"post_title\", \"post_name\", \"post_content\", \"post_excerpt\") values (, , , , , 0, 0, , 0, 2026-09-09 13:32:40, 2026-09-09 13:32:40, 2026-09-09 13:32:40, 2026-09-09 13:32:40, draft, closed, closed, st_tours, Circuit Sud, circuit-sud, , ))"} 
[2026-09-09 13:32:47] testing.ERROR: Failed to create WP tour from Laravel {"voyage_id":1,"error":"SQLSTATE[HY000]: General error: 1 no such table: cFdgeZ_posts (Connection: wp, SQL: insert into \"cFdgeZ_posts\" (\"to_ping\", \"pinged\", \"post_password\", \"post_content_filtered\", \"guid\", \"post_parent\", \"menu_order\", \"post_mime_type\", \"comment_count\", \"post_date\", \"post_date_gmt\", \"post_modified\", \"post_modified_gmt\", \"post_status\", \"comment_status\", \"ping_status\", \"post_type\", \"post_title\", \"post_name\", \"post_content\", \"post_excerpt\") values (, , , , , 0, 0, , 0, 2026-09-09 13:32:47, 2026-09-09 13:32:47, 2026-09-09 13:32:47, 2026-09-09 13:32:47, draft, closed, closed, st_tours, Circuit Sud, circuit-sud, , ))"} 
[2026-09-09 13:32:47] testing.ERROR: Auto-sync failed on create {"voyage_id":1,"error":"SQLSTATE[HY000]: General error: 1 no such table: cFdgeZ_posts (Connection: wp, SQL: insert into \"cFdgeZ_posts\" (\"to_ping\", \"pinged\", \"post_password\", \"post_content_filtered\", \"guid\", \"post_parent\", \"menu_order\", \"post_mime_type\", \"comment_count\", \"post_date\", \"post_date_gmt\", \"post_modified\", \"post_modified_gmt\", \"post_status\", \"comment_status\", \"ping_status\", \"post_type\", \"post_title\", \"post_name\", \"post_content\", \"post_excerpt\") values (, , , , , 0, 0, , 0, 2026-09-09 13:32:47, 2026-09-09 13:32:47, 2026-09-09 13:32:47, 2026-09-09 13:32:47, draft, closed, closed, st_tours, Circuit Sud, circuit-sud, , ))"} 
[2026-09-09 13:32:51] testing.ERROR: Failed to create WP tour from Laravel {"voyage_id":1,"error":"SQLSTATE[HY000]: General error: 1 no such table: cFdgeZ_posts (Connection: wp, SQL: insert into \"cFdgeZ_posts\" (\"to_ping\", \"pinged\", \"post_password\", \"post_content_filtered\", \"guid\", \"post_parent\", \"menu_order\", \"post_mime_type\", \"comment_count\", \"post_date\", \"post_date_gmt\", \"post_modified\", \"post_modified_gmt\", \"post_status\", \"comment_status\", \"ping_status\", \"post_type\", \"post_title\", \"post_name\", \"post_content\", \"post_excerpt\") values (, , , , , 0, 0, , 0, 2026-09-09 13:32:51, 2026-09-09 13:32:51, 2026-09-09 13:32:51, 2026-09-09 13:32:51, draft, closed, closed, st_tours, Circuit Sud, circuit-sud, , ))"} 
[2026-09-09 13:32:51] testing.ERROR: Auto-sync failed on create {"voyage_id":1,"error":"SQLSTATE[HY000]: General error: 1 no such table: cFdgeZ_posts (Connection: wp, SQL: insert into \"cFdgeZ_posts\" (\"to_ping\", \"pinged\", \"post_password\", \"post_content_filtered\", \"guid\", \"post_parent\", \"menu_order\", \"post_mime_type\", \"comment_count\", \"post_date\", \"post_date_gmt\", \"post_modified\", \"post_modified_gmt\", \"post_status\", \"comment_status\", \"ping_status\", \"post_type\", \"post_title\", \"post_name\", \"post_content\", \"post_excerpt\") values (, , , , , 0, 0, , 0, 2026-09-09 13:32:51, 2026-09-09 13:32:51, 2026-09-09 13:32:51, 2026-09-09 13:32:51, draft, closed, closed, st_tours, Circuit Sud, circuit-sud, , ))"} 
[2026-09-09 13:32:54] testing.ERROR: Failed to create WP tour from Laravel {"voyage_id":1,"error":"SQLSTATE[HY000]: General error: 1 no such table: cFdgeZ_posts (Connection: wp, SQL: insert into \"cFdgeZ_posts\" (\"to_ping\", \"pinged\", \"post_password\", \"post_content_filtered\", \"guid\", \"post_parent\", \"menu_order\", \"post_mime_type\", \"comment_count\", \"post_date\", \"post_date_gmt\", \"post_modified\", \"post_modified_gmt\", \"post_status\", \"comment_status\", \"ping_status\", \"post_type\", \"post_title\", \"post_name\", \"post_content\", \"post_excerpt\") values (, , , , , 0, 0, , 0, 2026-09-09 13:32:54, 2026-09-09 13:32:54, 2026-09-09 13:32:54, 2026-09-09 13:32:54, draft, closed, closed, st_tours, Circuit Sud, circuit-sud, , ))"} 
[2026-09-09 13:32:54] testing.ERROR: Auto-sync failed on create {"voyage_id":1,"error":"SQLSTATE[HY000]: General error: 1 no such table: cFdgeZ_posts (Connection: wp, SQL: insert into \"cFdgeZ_posts\" (\"to_ping\", \"pinged\", \"post_password\", \"post_content_filtered\", \"guid\", \"post_parent\", \"menu_order\", \"post_mime_type\", \"comment_count\", \"post_date\", \"post_date_gmt\", \"post_modified\", \"post_modified_gmt\", \"post_status\", \"comment_status\", \"ping_status\", \"post_type\", \"post_title\", \"post_name\", \"post_content\", \"post_excerpt\") values (, , , , , 0, 0, , 0, 2026-09-09 13:32:54, 2026-09-09 13:32:54, 2026-09-09 13:32:54, 2026-09-09 13:32:54, draft, closed, closed, st_tours, Circuit Sud, circuit-sud, , ))"} 
[2026-09-09 13:32:57] testing.ERROR: Failed to create WP tour from Laravel {"voyage_id":1,"error":"SQLSTATE[HY000]: General error: 1 no such table: cFdgeZ_posts (Connection: wp, SQL: insert into \"cFdgeZ_posts\" (\"to_ping\", \"pinged\", \"post_password\", \"post_content_filtered\", \"guid\", \"post_parent\", \"menu_order\", \"post_mime_type\", \"comment_count\", \"post_date\", \"post_date_gmt\", \"post_modified\", \"post_modified_gmt\", \"post_status\", \"comment_status\", \"ping_status\", \"post_type\", \"post_title\", \"post_name\", \"post_content\", \"post_excerpt\") values (, , , , , 0, 0, , 0, 2026-09-09 13:32:57, 2026-09-09 13:32:57, 2026-09-09 13:32:57, 2026-09-09 13:32:57, draft, closed, closed, st_tours, Circuit Sud, circuit-sud, , ))"} 
[2026-09-09 13:32:57] testing.ERROR: Auto-sync failed on create {"voyage_id":1,"error":"SQLSTATE[HY000]: General error: 1 no such table: cFdgeZ_posts (Connection: wp, SQL: insert into \"cFdgeZ_posts\" (\"to_ping\", \"pinged\", \"post_password\", \"post_content_filtered\", \"guid\", \"post_parent\", \"menu_order\", \"post_mime_type\", \"comment_count\", \"post_date\", \"post_date_gmt\", \"post_modified\", \"post_modified_gmt\", \"post_status\", \"comment_status\", \"ping_status\", \"post_type\", \"post_title\", \"post_name\", \"post_content\", \"post_excerpt\") values (, , , , , 0, 0, , 0, 2026-09-09 13:32:57, 2026-09-09 13:32:57, 2026-09-09 13:32:57, 2026-09-09 13:32:57, draft, closed, closed, st_tours, Circuit Sud, circuit-sud, , ))"} 
[2026-09-09 13:33:01] testing.ERROR: Failed to create WP tour from Laravel {"voyage_id":1,"error":"SQLSTATE[HY000]: General error: 1 no such table: cFdgeZ_posts (Connection: wp, SQL: insert into \"cFdgeZ_posts\" (\"to_ping\", \"pinged\", \"post_password\", \"post_content_filtered\", \"guid\", \"post_parent\", \"menu_order\", \"post_mime_type\", \"comment_count\", \"post_date\", \"post_date_gmt\", \"post_modified\", \"post_modified_gmt\", \"post_status\", \"comment_status\", \"ping_status\", \"post_type\", \"post_title\", \"post_name\", \"post_content\", \"post_excerpt\") values (, , , , , 0, 0, , 0, 2026-09-09 13:33:01, 2026-09-09 13:33:01, 2026-09-09 13:33:01, 2026-09-09 13:33:01, draft, closed, closed, st_tours, Circuit Sud, circuit-sud, , ))"} 
[2026-09-09 13:33:01] testing.ERROR: Auto-sync failed on create {"voyage_id":1,"error":"SQLSTATE[HY000]: General error: 1 no such table: cFdgeZ_posts (Connection: wp, SQL: insert into \"cFdgeZ_posts\" (\"to_ping\", \"pinged\", \"post_password\", \"post_content_filtered\", \"guid\", \"post_parent\", \"menu_order\", \"post_mime_type\", \"comment_count\", \"post_date\", \"post_date_gmt\", \"post_modified\", \"post_modified_gmt\", \"post_status\", \"comment_status\", \"ping_status\", \"post_type\", \"post_title\", \"post_name\", \"post_content\", \"post_excerpt\") values (, , , , , 0, 0, , 0, 2026-09-09 13:33:01, 2026-09-09 13:33:01, 2026-09-09 13:33:01, 2026-09-09 13:33:01, draft, closed, closed, st_tours, Circuit Sud, circuit-sud, , ))"} 
[2026-09-09 13:33:05] testing.ERROR: Failed to create WP tour from Laravel {"voyage_id":1,"error":"SQLSTATE[HY000]: General error: 1 no such table: cFdgeZ_posts (Connection: wp, SQL: insert into \"cFdgeZ_posts\" (\"to_ping\", \"pinged\", \"post_password\", \"post_content_filtered\", \"guid\", \"post_parent\", \"menu_order\", \"post_mime_type\", \"comment_count\", \"post_date\", \"post_date_gmt\", \"post_modified\", \"post_modified_gmt\", \"post_status\", \"comment_status\", \"ping_status\", \"post_type\", \"post_title\", \"post_name\", \"post_content\", \"post_excerpt\") values (, , , , , 0, 0, , 0, 2026-09-09 13:33:05, 2026-09-09 13:33:05, 2026-09-09 13:33:05, 2026-09-09 13:33:05, draft, closed, closed, st_tours, Circuit Sud, circuit-sud, , ))"} 
[2026-09-09 13:33:05] testing.ERROR: Auto-sync failed on create {"voyage_id":1,"error":"SQLSTATE[HY000]: General error: 1 no such table: cFdgeZ_posts (Connection: wp, SQL: insert into \"cFdgeZ_posts\" (\"to_ping\", \"pinged\", \"post_password\", \"post_content_filtered\", \"guid\", \"post_parent\", \"menu_order\", \"post_mime_type\", \"comment_count\", \"post_date\", \"post_date_gmt\", \"post_modified\", \"post_modified_gmt\", \"post_status\", \"comment_status\", \"ping_status\", \"post_type\", \"post_title\", \"post_name\", \"post_content\", \"post_excerpt\") values (, , , , , 0, 0, , 0, 2026-09-09 13:33:05, 2026-09-09 13:33:05, 2026-09-09 13:33:05, 2026-09-09 13:33:05, draft, closed, closed, st_tours, Circuit Sud, circuit-sud, , ))"} 
[2026-09-09 13:33:11] testing.ERROR: Failed to create WP tour from Laravel {"voyage_id":1,"error":"SQLSTATE[HY000]: General error: 1 no such table: cFdgeZ_posts (Connection: wp, SQL: insert into \"cFdgeZ_posts\" (\"to_ping\", \"pinged\", \"post_password\", \"post_content_filtered\", \"guid\", \"post_parent\", \"menu_order\", \"post_mime_type\", \"comment_count\", \"post_date\", \"post_date_gmt\", \"post_modified\", \"post_modified_gmt\", \"post_status\", \"comment_status\", \"ping_status\", \"post_type\", \"post_title\", \"post_name\", \"post_content\", \"post_excerpt\") values (, , , , , 0, 0, , 0, 2026-09-09 13:33:11, 2026-09-09 13:33:11, 2026-09-09 13:33:11, 2026-09-09 13:33:11, draft, closed, closed, st_tours, Circuit Sud, circuit-sud, , ))"} 
[2026-09-09 13:33:11] testing.ERROR: Auto-sync failed on create {"voyage_id":1,"error":"SQLSTATE[HY000]: General error: 1 no such table: cFdgeZ_posts (Connection: wp, SQL: insert into \"cFdgeZ_posts\" (\"to_ping\", \"pinged\", \"post_password\", \"post_content_filtered\", \"guid\", \"post_parent\", \"menu_order\", \"post_mime_type\", \"comment_count\", \"post_date\", \"post_date_gmt\", \"post_modified\", \"post_modified_gmt\", \"post_status\", \"comment_status\", \"ping_status\", \"post_type\", \"post_title\", \"post_name\", \"post_content\", \"post_excerpt\") values (, , , , , 0, 0, , 0, 2026-09-09 13:33:11, 2026-09-09 13:33:11, 2026-09-09 13:33:11, 2026-09-09 13:33:11, draft, closed, closed, st_tours, Circuit Sud, circuit-sud, , ))"} 
[2026-09-09 13:33:15] testing.ERROR: Failed to create WP tour from Laravel {"voyage_id":1,"error":"SQLSTATE[HY000]: General error: 1 no such table: cFdgeZ_posts (Connection: wp, SQL: insert into \"cFdgeZ_posts\" (\"to_ping\", \"pinged\", \"post_password\", \"post_content_filtered\", \"guid\", \"post_parent\", \"menu_order\", \"post_mime_type\", \"comment_count\", \"post_date\", \"post_date_gmt\", \"post_modified\", \"post_modified_gmt\", \"post_status\", \"comment_status\", \"ping_status\", \"post_type\", \"post_title\", \"post_name\", \"post_content\", \"post_excerpt\") values (, , , , , 0, 0, , 0, 2026-09-09 13:33:15, 2026-09-09 13:33:15, 2026-09-09 13:33:15, 2026-09-09 13:33:15, draft, closed, closed, st_tours, Circuit Sud, circuit-sud, , ))"} 
[2026-09-09 13:33:15] testing.ERROR: Auto-sync failed on create {"voyage_id":1,"error":"SQLSTATE[HY000]: General error: 1 no such table: cFdgeZ_posts (Connection: wp, SQL: insert into \"cFdgeZ_posts\" (\"to_ping\", \"pinged\", \"post_password\", \"post_content_filtered\", \"guid\", \"post_parent\", \"menu_order\", \"post_mime_type\", \"comment_count\", \"post_date\", \"post_date_gmt\", \"post_modified\", \"post_modified_gmt\", \"post_status\", \"comment_status\", \"ping_status\", \"post_type\", \"post_title\", \"post_name\", \"post_content\", \"post_excerpt\") values (, , , , , 0, 0, , 0, 2026-09-09 13:33:15, 2026-09-09 13:33:15, 2026-09-09 13:33:15, 2026-09-09 13:33:15, draft, closed, closed, st_tours, Circuit Sud, circuit-sud, , ))"} 
[2026-09-09 13:33:18] testing.ERROR: Failed to create WP tour from Laravel {"voyage_id":1,"error":"SQLSTATE[HY000]: General error: 1 no such table: cFdgeZ_posts (Connection: wp, SQL: insert into \"cFdgeZ_posts\" (\"to_ping\", \"pinged\", \"post_password\", \"post_content_filtered\", \"guid\", \"post_parent\", \"menu_order\", \"post_mime_type\", \"comment_count\", \"post_date\", \"post_date_gmt\", \"post_modified\", \"post_modified_gmt\", \"post_status\", \"comment_status\", \"ping_status\", \"post_type\", \"post_title\", \"post_name\", \"post_content\", \"post_excerpt\") values (, , , , , 0, 0, , 0, 2026-09-09 13:33:18, 2026-09-09 13:33:18, 2026-09-09 13:33:18, 2026-09-09 13:33:18, draft, closed, closed, st_tours, Circuit vide, circuit-vide, , ))"} 
[2026-09-09 13:33:18] testing.ERROR: Auto-sync failed on create {"voyage_id":1,"error":"SQLSTATE[HY000]: General error: 1 no such table: cFdgeZ_posts (Connection: wp, SQL: insert into \"cFdgeZ_posts\" (\"to_ping\", \"pinged\", \"post_password\", \"post_content_filtered\", \"guid\", \"post_parent\", \"menu_order\", \"post_mime_type\", \"comment_count\", \"post_date\", \"post_date_gmt\", \"post_modified\", \"post_modified_gmt\", \"post_status\", \"comment_status\", \"ping_status\", \"post_type\", \"post_title\", \"post_name\", \"post_content\", \"post_excerpt\") values (, , , , , 0, 0, , 0, 2026-09-09 13:33:18, 2026-09-09 13:33:18, 2026-09-09 13:33:18, 2026-09-09 13:33:18, draft, closed, closed, st_tours, Circuit vide, circuit-vide, , ))"} 
[2026-09-09 13:34:07] testing.ERROR: Failed to create WP tour from Laravel {"voyage_id":1,"error":"SQLSTATE[HY000]: General error: 1 no such table: cFdgeZ_posts (Connection: wp, SQL: insert into \"cFdgeZ_posts\" (\"to_ping\", \"pinged\", \"post_password\", \"post_content_filtered\", \"guid\", \"post_parent\", \"menu_order\", \"post_mime_type\", \"comment_count\", \"post_date\", \"post_date_gmt\", \"post_modified\", \"post_modified_gmt\", \"post_status\", \"comment_status\", \"ping_status\", \"post_type\", \"post_title\", \"post_name\", \"post_content\", \"post_excerpt\") values (, , , , , 0, 0, , 0, 2026-09-09 13:34:07, 2026-09-09 13:34:07, 2026-09-09 13:34:07, 2026-09-09 13:34:07, draft, closed, closed, st_tours, Circuit Sud, circuit-sud, , ))"} 
[2026-09-09 13:34:07] testing.ERROR: Auto-sync failed on create {"voyage_id":1,"error":"SQLSTATE[HY000]: General error: 1 no such table: cFdgeZ_posts (Connection: wp, SQL: insert into \"cFdgeZ_posts\" (\"to_ping\", \"pinged\", \"post_password\", \"post_content_filtered\", \"guid\", \"post_parent\", \"menu_order\", \"post_mime_type\", \"comment_count\", \"post_date\", \"post_date_gmt\", \"post_modified\", \"post_modified_gmt\", \"post_status\", \"comment_status\", \"ping_status\", \"post_type\", \"post_title\", \"post_name\", \"post_content\", \"post_excerpt\") values (, , , , , 0, 0, , 0, 2026-09-09 13:34:07, 2026-09-09 13:34:07, 2026-09-09 13:34:07, 2026-09-09 13:34:07, draft, closed, closed, st_tours, Circuit Sud, circuit-sud, , ))"} 
[2026-09-09 13:34:11] testing.ERROR: Failed to create WP tour from Laravel {"voyage_id":1,"error":"SQLSTATE[HY000]: General error: 1 no such table: cFdgeZ_posts (Connection: wp, SQL: insert into \"cFdgeZ_posts\" (\"to_ping\", \"pinged\", \"post_password\", \"post_content_filtered\", \"guid\", \"post_parent\", \"menu_order\", \"post_mime_type\", \"comment_count\", \"post_date\", \"post_date_gmt\", \"post_modified\", \"post_modified_gmt\", \"post_status\", \"comment_status\", \"ping_status\", \"post_type\", \"post_title\", \"post_name\", \"post_content\", \"post_excerpt\") values (, , , , , 0, 0, , 0, 2026-09-09 13:34:11, 2026-09-09 13:34:11, 2026-09-09 13:34:11, 2026-09-09 13:34:11, draft, closed, closed, st_tours, Circuit Sud, circuit-sud, , ))"} 
[2026-09-09 13:34:11] testing.ERROR: Auto-sync failed on create {"voyage_id":1,"error":"SQLSTATE[HY000]: General error: 1 no such table: cFdgeZ_posts (Connection: wp, SQL: insert into \"cFdgeZ_posts\" (\"to_ping\", \"pinged\", \"post_password\", \"post_content_filtered\", \"guid\", \"post_parent\", \"menu_order\", \"post_mime_type\", \"comment_count\", \"post_date\", \"post_date_gmt\", \"post_modified\", \"post_modified_gmt\", \"post_status\", \"comment_status\", \"ping_status\", \"post_type\", \"post_title\", \"post_name\", \"post_content\", \"post_excerpt\") values (, , , , , 0, 0, , 0, 2026-09-09 13:34:11, 2026-09-09 13:34:11, 2026-09-09 13:34:11, 2026-09-09 13:34:11, draft, closed, closed, st_tours, Circuit Sud, circuit-sud, , ))"} 
[2026-09-09 13:34:16] testing.ERROR: Failed to create WP tour from Laravel {"voyage_id":1,"error":"SQLSTATE[HY000]: General error: 1 no such table: cFdgeZ_posts (Connection: wp, SQL: insert into \"cFdgeZ_posts\" (\"to_ping\", \"pinged\", \"post_password\", \"post_content_filtered\", \"guid\", \"post_parent\", \"menu_order\", \"post_mime_type\", \"comment_count\", \"post_date\", \"post_date_gmt\", \"post_modified\", \"post_modified_gmt\", \"post_status\", \"comment_status\", \"ping_status\", \"post_type\", \"post_title\", \"post_name\", \"post_content\", \"post_excerpt\") values (, , , , , 0, 0, , 0, 2026-09-09 13:34:16, 2026-09-09 13:34:16, 2026-09-09 13:34:16, 2026-09-09 13:34:16, draft, closed, closed, st_tours, Circuit Sud, circuit-sud, , ))"} 
[2026-09-09 13:34:16] testing.ERROR: Auto-sync failed on create {"voyage_id":1,"error":"SQLSTATE[HY000]: General error: 1 no such table: cFdgeZ_posts (Connection: wp, SQL: insert into \"cFdgeZ_posts\" (\"to_ping\", \"pinged\", \"post_password\", \"post_content_filtered\", \"guid\", \"post_parent\", \"menu_order\", \"post_mime_type\", \"comment_count\", \"post_date\", \"post_date_gmt\", \"post_modified\", \"post_modified_gmt\", \"post_status\", \"comment_status\", \"ping_status\", \"post_type\", \"post_title\", \"post_name\", \"post_content\", \"post_excerpt\") values (, , , , , 0, 0, , 0, 2026-09-09 13:34:16, 2026-09-09 13:34:16, 2026-09-09 13:34:16, 2026-09-09 13:34:16, draft, closed, closed, st_tours, Circuit Sud, circuit-sud, , ))"} 
[2026-09-09 13:34:19] testing.ERROR: Failed to create WP tour from Laravel {"voyage_id":1,"error":"SQLSTATE[HY000]: General error: 1 no such table: cFdgeZ_posts (Connection: wp, SQL: insert into \"cFdgeZ_posts\" (\"to_ping\", \"pinged\", \"post_password\", \"post_content_filtered\", \"guid\", \"post_parent\", \"menu_order\", \"post_mime_type\", \"comment_count\", \"post_date\", \"post_date_gmt\", \"post_modified\", \"post_modified_gmt\", \"post_status\", \"comment_status\", \"ping_status\", \"post_type\", \"post_title\", \"post_name\", \"post_content\", \"post_excerpt\") values (, , , , , 0, 0, , 0, 2026-09-09 13:34:19, 2026-09-09 13:34:19, 2026-09-09 13:34:19, 2026-09-09 13:34:19, draft, closed, closed, st_tours, Circuit Sud, circuit-sud, , ))"} 
[2026-09-09 13:34:19] testing.ERROR: Auto-sync failed on create {"voyage_id":1,"error":"SQLSTATE[HY000]: General error: 1 no such table: cFdgeZ_posts (Connection: wp, SQL: insert into \"cFdgeZ_posts\" (\"to_ping\", \"pinged\", \"post_password\", \"post_content_filtered\", \"guid\", \"post_parent\", \"menu_order\", \"post_mime_type\", \"comment_count\", \"post_date\", \"post_date_gmt\", \"post_modified\", \"post_modified_gmt\", \"post_status\", \"comment_status\", \"ping_status\", \"post_type\", \"post_title\", \"post_name\", \"post_content\", \"post_excerpt\") values (, , , , , 0, 0, , 0, 2026-09-09 13:34:19, 2026-09-09 13:34:19, 2026-09-09 13:34:19, 2026-09-09 13:34:19, draft, closed, closed, st_tours, Circuit Sud, circuit-sud, , ))"} 
[2026-09-09 13:34:26] testing.ERROR: Failed to create WP tour from Laravel {"voyage_id":1,"error":"SQLSTATE[HY000]: General error: 1 no such table: cFdgeZ_posts (Connection: wp, SQL: insert into \"cFdgeZ_posts\" (\"to_ping\", \"pinged\", \"post_password\", \"post_content_filtered\", \"guid\", \"post_parent\", \"menu_order\", \"post_mime_type\", \"comment_count\", \"post_date\", \"post_date_gmt\", \"post_modified\", \"post_modified_gmt\", \"post_status\", \"comment_status\", \"ping_status\", \"post_type\", \"post_title\", \"post_name\", \"post_content\", \"post_excerpt\") values (, , , , , 0, 0, , 0, 2026-09-09 13:34:26, 2026-09-09 13:34:26, 2026-09-09 13:34:26, 2026-09-09 13:34:26, draft, closed, closed, st_tours, Circuit Sud, circuit-sud, , ))"} 
[2026-09-09 13:34:26] testing.ERROR: Auto-sync failed on create {"voyage_id":1,"error":"SQLSTATE[HY000]: General error: 1 no such table: cFdgeZ_posts (Connection: wp, SQL: insert into \"cFdgeZ_posts\" (\"to_ping\", \"pinged\", \"post_password\", \"post_content_filtered\", \"guid\", \"post_parent\", \"menu_order\", \"post_mime_type\", \"comment_count\", \"post_date\", \"post_date_gmt\", \"post_modified\", \"post_modified_gmt\", \"post_status\", \"comment_status\", \"ping_status\", \"post_type\", \"post_title\", \"post_name\", \"post_content\", \"post_excerpt\") values (, , , , , 0, 0, , 0, 2026-09-09 13:34:26, 2026-09-09 13:34:26, 2026-09-09 13:34:26, 2026-09-09 13:34:26, draft, closed, closed, st_tours, Circuit Sud, circuit-sud, , ))"} 
[2026-09-09 13:34:33] testing.ERROR: Failed to create WP tour from Laravel {"voyage_id":1,"error":"SQLSTATE[HY000]: General error: 1 no such table: cFdgeZ_posts (Connection: wp, SQL: insert into \"cFdgeZ_posts\" (\"to_ping\", \"pinged\", \"post_password\", \"post_content_filtered\", \"guid\", \"post_parent\", \"menu_order\", \"post_mime_type\", \"comment_count\", \"post_date\", \"post_date_gmt\", \"post_modified\", \"post_modified_gmt\", \"post_status\", \"comment_status\", \"ping_status\", \"post_type\", \"post_title\", \"post_name\", \"post_content\", \"post_excerpt\") values (, , , , , 0, 0, , 0, 2026-09-09 13:34:33, 2026-09-09 13:34:33, 2026-09-09 13:34:33, 2026-09-09 13:34:33, draft, closed, closed, st_tours, Circuit Sud, circuit-sud, , ))"} 
[2026-09-09 13:34:33] testing.ERROR: Auto-sync failed on create {"voyage_id":1,"error":"SQLSTATE[HY000]: General error: 1 no such table: cFdgeZ_posts (Connection: wp, SQL: insert into \"cFdgeZ_posts\" (\"to_ping\", \"pinged\", \"post_password\", \"post_content_filtered\", \"guid\", \"post_parent\", \"menu_order\", \"post_mime_type\", \"comment_count\", \"post_date\", \"post_date_gmt\", \"post_modified\", \"post_modified_gmt\", \"post_status\", \"comment_status\", \"ping_status\", \"post_type\", \"post_title\", \"post_name\", \"post_content\", \"post_excerpt\") values (, , , , , 0, 0, , 0, 2026-09-09 13:34:33, 2026-09-09 13:34:33, 2026-09-09 13:34:33, 2026-09-09 13:34:33, draft, closed, closed, st_tours, Circuit Sud, circuit-sud, , ))"} 
[2026-09-09 13:34:36] testing.ERROR: Failed to create WP tour from Laravel {"voyage_id":1,"error":"SQLSTATE[HY000]: General error: 1 no such table: cFdgeZ_posts (Connection: wp, SQL: insert into \"cFdgeZ_posts\" (\"to_ping\", \"pinged\", \"post_password\", \"post_content_filtered\", \"guid\", \"post_parent\", \"menu_order\", \"post_mime_type\", \"comment_count\", \"post_date\", \"post_date_gmt\", \"post_modified\", \"post_modified_gmt\", \"post_status\", \"comment_status\", \"ping_status\", \"post_type\", \"post_title\", \"post_name\", \"post_content\", \"post_excerpt\") values (, , , , , 0, 0, , 0, 2026-09-09 13:34:36, 2026-09-09 13:34:36, 2026-09-09 13:34:36, 2026-09-09 13:34:36, draft, closed, closed, st_tours, Circuit Sud, circuit-sud, , ))"} 
[2026-09-09 13:34:36] testing.ERROR: Auto-sync failed on create {"voyage_id":1,"error":"SQLSTATE[HY000]: General error: 1 no such table: cFdgeZ_posts (Connection: wp, SQL: insert into \"cFdgeZ_posts\" (\"to_ping\", \"pinged\", \"post_password\", \"post_content_filtered\", \"guid\", \"post_parent\", \"menu_order\", \"post_mime_type\", \"comment_count\", \"post_date\", \"post_date_gmt\", \"post_modified\", \"post_modified_gmt\", \"post_status\", \"comment_status\", \"ping_status\", \"post_type\", \"post_title\", \"post_name\", \"post_content\", \"post_excerpt\") values (, , , , , 0, 0, , 0, 2026-09-09 13:34:36, 2026-09-09 13:34:36, 2026-09-09 13:34:36, 2026-09-09 13:34:36, draft, closed, closed, st_tours, Circuit Sud, circuit-sud, , ))"} 
[2026-09-09 13:34:40] testing.ERROR: Failed to create WP tour from Laravel {"voyage_id":1,"error":"SQLSTATE[HY000]: General error: 1 no such table: cFdgeZ_posts (Connection: wp, SQL: insert into \"cFdgeZ_posts\" (\"to_ping\", \"pinged\", \"post_password\", \"post_content_filtered\", \"guid\", \"post_parent\", \"menu_order\", \"post_mime_type\", \"comment_count\", \"post_date\", \"post_date_gmt\", \"post_modified\", \"post_modified_gmt\", \"post_status\", \"comment_status\", \"ping_status\", \"post_type\", \"post_title\", \"post_name\", \"post_content\", \"post_excerpt\") values (, , , , , 0, 0, , 0, 2026-09-09 13:34:40, 2026-09-09 13:34:40, 2026-09-09 13:34:40, 2026-09-09 13:34:40, draft, closed, closed, st_tours, Circuit Sud, circuit-sud, , ))"} 
[2026-09-09 13:34:40] testing.ERROR: Auto-sync failed on create {"voyage_id":1,"error":"SQLSTATE[HY000]: General error: 1 no such table: cFdgeZ_posts (Connection: wp, SQL: insert into \"cFdgeZ_posts\" (\"to_ping\", \"pinged\", \"post_password\", \"post_content_filtered\", \"guid\", \"post_parent\", \"menu_order\", \"post_mime_type\", \"comment_count\", \"post_date\", \"post_date_gmt\", \"post_modified\", \"post_modified_gmt\", \"post_status\", \"comment_status\", \"ping_status\", \"post_type\", \"post_title\", \"post_name\", \"post_content\", \"post_excerpt\") values (, , , , , 0, 0, , 0, 2026-09-09 13:34:40, 2026-09-09 13:34:40, 2026-09-09 13:34:40, 2026-09-09 13:34:40, draft, closed, closed, st_tours, Circuit Sud, circuit-sud, , ))"} 
[2026-09-09 13:34:43] testing.ERROR: Failed to create WP tour from Laravel {"voyage_id":1,"error":"SQLSTATE[HY000]: General error: 1 no such table: cFdgeZ_posts (Connection: wp, SQL: insert into \"cFdgeZ_posts\" (\"to_ping\", \"pinged\", \"post_password\", \"post_content_filtered\", \"guid\", \"post_parent\", \"menu_order\", \"post_mime_type\", \"comment_count\", \"post_date\", \"post_date_gmt\", \"post_modified\", \"post_modified_gmt\", \"post_status\", \"comment_status\", \"ping_status\", \"post_type\", \"post_title\", \"post_name\", \"post_content\", \"post_excerpt\") values (, , , , , 0, 0, , 0, 2026-09-09 13:34:43, 2026-09-09 13:34:43, 2026-09-09 13:34:43, 2026-09-09 13:34:43, draft, closed, closed, st_tours, Circuit Sud, circuit-sud, , ))"} 
[2026-09-09 13:34:43] testing.ERROR: Auto-sync failed on create {"voyage_id":1,"error":"SQLSTATE[HY000]: General error: 1 no such table: cFdgeZ_posts (Connection: wp, SQL: insert into \"cFdgeZ_posts\" (\"to_ping\", \"pinged\", \"post_password\", \"post_content_filtered\", \"guid\", \"post_parent\", \"menu_order\", \"post_mime_type\", \"comment_count\", \"post_date\", \"post_date_gmt\", \"post_modified\", \"post_modified_gmt\", \"post_status\", \"comment_status\", \"ping_status\", \"post_type\", \"post_title\", \"post_name\", \"post_content\", \"post_excerpt\") values (, , , , , 0, 0, , 0, 2026-09-09 13:34:43, 2026-09-09 13:34:43, 2026-09-09 13:34:43, 2026-09-09 13:34:43, draft, closed, closed, st_tours, Circuit Sud, circuit-sud, , ))"} 
[2026-09-09 13:34:46] testing.ERROR: Failed to create WP tour from Laravel {"voyage_id":1,"error":"SQLSTATE[HY000]: General error: 1 no such table: cFdgeZ_posts (Connection: wp, SQL: insert into \"cFdgeZ_posts\" (\"to_ping\", \"pinged\", \"post_password\", \"post_content_filtered\", \"guid\", \"post_parent\", \"menu_order\", \"post_mime_type\", \"comment_count\", \"post_date\", \"post_date_gmt\", \"post_modified\", \"post_modified_gmt\", \"post_status\", \"comment_status\", \"ping_status\", \"post_type\", \"post_title\", \"post_name\", \"post_content\", \"post_excerpt\") values (, , , , , 0, 0, , 0, 2026-09-09 13:34:46, 2026-09-09 13:34:46, 2026-09-09 13:34:46, 2026-09-09 13:34:46, draft, closed, closed, st_tours, Circuit Sud, circuit-sud, , ))"} 
[2026-09-09 13:34:46] testing.ERROR: Auto-sync failed on create {"voyage_id":1,"error":"SQLSTATE[HY000]: General error: 1 no such table: cFdgeZ_posts (Connection: wp, SQL: insert into \"cFdgeZ_posts\" (\"to_ping\", \"pinged\", \"post_password\", \"post_content_filtered\", \"guid\", \"post_parent\", \"menu_order\", \"post_mime_type\", \"comment_count\", \"post_date\", \"post_date_gmt\", \"post_modified\", \"post_modified_gmt\", \"post_status\", \"comment_status\", \"ping_status\", \"post_type\", \"post_title\", \"post_name\", \"post_content\", \"post_excerpt\") values (, , , , , 0, 0, , 0, 2026-09-09 13:34:46, 2026-09-09 13:34:46, 2026-09-09 13:34:46, 2026-09-09 13:34:46, draft, closed, closed, st_tours, Circuit Sud, circuit-sud, , ))"} 
[2026-09-09 13:34:49] testing.ERROR: Failed to create WP tour from Laravel {"voyage_id":1,"error":"SQLSTATE[HY000]: General error: 1 no such table: cFdgeZ_posts (Connection: wp, SQL: insert into \"cFdgeZ_posts\" (\"to_ping\", \"pinged\", \"post_password\", \"post_content_filtered\", \"guid\", \"post_parent\", \"menu_order\", \"post_mime_type\", \"comment_count\", \"post_date\", \"post_date_gmt\", \"post_modified\", \"post_modified_gmt\", \"post_status\", \"comment_status\", \"ping_status\", \"post_type\", \"post_title\", \"post_name\", \"post_content\", \"post_excerpt\") values (, , , , , 0, 0, , 0, 2026-09-09 13:34:49, 2026-09-09 13:34:49, 2026-09-09 13:34:49, 2026-09-09 13:34:49, draft, closed, closed, st_tours, Circuit Sud, circuit-sud, , ))"} 
[2026-09-09 13:34:49] testing.ERROR: Auto-sync failed on create {"voyage_id":1,"error":"SQLSTATE[HY000]: General error: 1 no such table: cFdgeZ_posts (Connection: wp, SQL: insert into \"cFdgeZ_posts\" (\"to_ping\", \"pinged\", \"post_password\", \"post_content_filtered\", \"guid\", \"post_parent\", \"menu_order\", \"post_mime_type\", \"comment_count\", \"post_date\", \"post_date_gmt\", \"post_modified\", \"post_modified_gmt\", \"post_status\", \"comment_status\", \"ping_status\", \"post_type\", \"post_title\", \"post_name\", \"post_content\", \"post_excerpt\") values (, , , , , 0, 0, , 0, 2026-09-09 13:34:49, 2026-09-09 13:34:49, 2026-09-09 13:34:49, 2026-09-09 13:34:49, draft, closed, closed, st_tours, Circuit Sud, circuit-sud, , ))"} 
[2026-09-09 13:34:56] testing.ERROR: Failed to create WP tour from Laravel {"voyage_id":1,"error":"SQLSTATE[HY000]: General error: 1 no such table: cFdgeZ_posts (Connection: wp, SQL: insert into \"cFdgeZ_posts\" (\"to_ping\", \"pinged\", \"post_password\", \"post_content_filtered\", \"guid\", \"post_parent\", \"menu_order\", \"post_mime_type\", \"comment_count\", \"post_date\", \"post_date_gmt\", \"post_modified\", \"post_modified_gmt\", \"post_status\", \"comment_status\", \"ping_status\", \"post_type\", \"post_title\", \"post_name\", \"post_content\", \"post_excerpt\") values (, , , , , 0, 0, , 0, 2026-09-09 13:34:56, 2026-09-09 13:34:56, 2026-09-09 13:34:56, 2026-09-09 13:34:56, draft, closed, closed, st_tours, Circuit Sud, circuit-sud, , ))"} 
[2026-09-09 13:34:56] testing.ERROR: Auto-sync failed on create {"voyage_id":1,"error":"SQLSTATE[HY000]: General error: 1 no such table: cFdgeZ_posts (Connection: wp, SQL: insert into \"cFdgeZ_posts\" (\"to_ping\", \"pinged\", \"post_password\", \"post_content_filtered\", \"guid\", \"post_parent\", \"menu_order\", \"post_mime_type\", \"comment_count\", \"post_date\", \"post_date_gmt\", \"post_modified\", \"post_modified_gmt\", \"post_status\", \"comment_status\", \"ping_status\", \"post_type\", \"post_title\", \"post_name\", \"post_content\", \"post_excerpt\") values (, , , , , 0, 0, , 0, 2026-09-09 13:34:56, 2026-09-09 13:34:56, 2026-09-09 13:34:56, 2026-09-09 13:34:56, draft, closed, closed, st_tours, Circuit Sud, circuit-sud, , ))"} 
[2026-09-09 13:34:59] testing.ERROR: Failed to create WP tour from Laravel {"voyage_id":1,"error":"SQLSTATE[HY000]: General error: 1 no such table: cFdgeZ_posts (Connection: wp, SQL: insert into \"cFdgeZ_posts\" (\"to_ping\", \"pinged\", \"post_password\", \"post_content_filtered\", \"guid\", \"post_parent\", \"menu_order\", \"post_mime_type\", \"comment_count\", \"post_date\", \"post_date_gmt\", \"post_modified\", \"post_modified_gmt\", \"post_status\", \"comment_status\", \"ping_status\", \"post_type\", \"post_title\", \"post_name\", \"post_content\", \"post_excerpt\") values (, , , , , 0, 0, , 0, 2026-09-09 13:34:59, 2026-09-09 13:34:59, 2026-09-09 13:34:59, 2026-09-09 13:34:59, draft, closed, closed, st_tours, Circuit Sud, circuit-sud, , ))"} 
[2026-09-09 13:34:59] testing.ERROR: Auto-sync failed on create {"voyage_id":1,"error":"SQLSTATE[HY000]: General error: 1 no such table: cFdgeZ_posts (Connection: wp, SQL: insert into \"cFdgeZ_posts\" (\"to_ping\", \"pinged\", \"post_password\", \"post_content_filtered\", \"guid\", \"post_parent\", \"menu_order\", \"post_mime_type\", \"comment_count\", \"post_date\", \"post_date_gmt\", \"post_modified\", \"post_modified_gmt\", \"post_status\", \"comment_status\", \"ping_status\", \"post_type\", \"post_title\", \"post_name\", \"post_content\", \"post_excerpt\") values (, , , , , 0, 0, , 0, 2026-09-09 13:34:59, 2026-09-09 13:34:59, 2026-09-09 13:34:59, 2026-09-09 13:34:59, draft, closed, closed, st_tours, Circuit Sud, circuit-sud, , ))"} 
[2026-09-09 13:35:02] testing.ERROR: Failed to create WP tour from Laravel {"voyage_id":1,"error":"SQLSTATE[HY000]: General error: 1 no such table: cFdgeZ_posts (Connection: wp, SQL: insert into \"cFdgeZ_posts\" (\"to_ping\", \"pinged\", \"post_password\", \"post_content_filtered\", \"guid\", \"post_parent\", \"menu_order\", \"post_mime_type\", \"comment_count\", \"post_date\", \"post_date_gmt\", \"post_modified\", \"post_modified_gmt\", \"post_status\", \"comment_status\", \"ping_status\", \"post_type\", \"post_title\", \"post_name\", \"post_content\", \"post_excerpt\") values (, , , , , 0, 0, , 0, 2026-09-09 13:35:02, 2026-09-09 13:35:02, 2026-09-09 13:35:02, 2026-09-09 13:35:02, draft, closed, closed, st_tours, Circuit vide, circuit-vide, , ))"} 
[2026-09-09 13:35:02] testing.ERROR: Auto-sync failed on create {"voyage_id":1,"error":"SQLSTATE[HY000]: General error: 1 no such table: cFdgeZ_posts (Connection: wp, SQL: insert into \"cFdgeZ_posts\" (\"to_ping\", \"pinged\", \"post_password\", \"post_content_filtered\", \"guid\", \"post_parent\", \"menu_order\", \"post_mime_type\", \"comment_count\", \"post_date\", \"post_date_gmt\", \"post_modified\", \"post_modified_gmt\", \"post_status\", \"comment_status\", \"ping_status\", \"post_type\", \"post_title\", \"post_name\", \"post_content\", \"post_excerpt\") values (, , , , , 0, 0, , 0, 2026-09-09 13:35:02, 2026-09-09 13:35:02, 2026-09-09 13:35:02, 2026-09-09 13:35:02, draft, closed, closed, st_tours, Circuit vide, circuit-vide, , ))"} 
[2026-09-09 13:35:05] testing.ERROR: Failed to create WP tour from Laravel {"voyage_id":1,"error":"SQLSTATE[HY000]: General error: 1 no such table: cFdgeZ_posts (Connection: wp, SQL: insert into \"cFdgeZ_posts\" (\"to_ping\", \"pinged\", \"post_password\", \"post_content_filtered\", \"guid\", \"post_parent\", \"menu_order\", \"post_mime_type\", \"comment_count\", \"post_date\", \"post_date_gmt\", \"post_modified\", \"post_modified_gmt\", \"post_status\", \"comment_status\", \"ping_status\", \"post_type\", \"post_title\", \"post_name\", \"post_content\", \"post_excerpt\") values (, , , , , 0, 0, , 0, 2026-09-09 13:35:05, 2026-09-09 13:35:05, 2026-09-09 13:35:05, 2026-09-09 13:35:05, draft, closed, closed, st_tours, Circuit test, circuit-test, , ))"} 
[2026-09-09 13:35:05] testing.ERROR: Auto-sync failed on create {"voyage_id":1,"error":"SQLSTATE[HY000]: General error: 1 no such table: cFdgeZ_posts (Connection: wp, SQL: insert into \"cFdgeZ_posts\" (\"to_ping\", \"pinged\", \"post_password\", \"post_content_filtered\", \"guid\", \"post_parent\", \"menu_order\", \"post_mime_type\", \"comment_count\", \"post_date\", \"post_date_gmt\", \"post_modified\", \"post_modified_gmt\", \"post_status\", \"comment_status\", \"ping_status\", \"post_type\", \"post_title\", \"post_name\", \"post_content\", \"post_excerpt\") values (, , , , , 0, 0, , 0, 2026-09-09 13:35:05, 2026-09-09 13:35:05, 2026-09-09 13:35:05, 2026-09-09 13:35:05, draft, closed, closed, st_tours, Circuit test, circuit-test, , ))"} 
